# x  rho  v  p  e  w  vol
-3.1852923095e-01 3.5411737430e+00 2.5745187333e+00 9.6185008464e+00 6.7904750970e+00 0.0000000000e+00 9.0948713095e-04
-3.1761974382e-01 3.6354774394e+00 2.5753067349e+00 9.6131531285e+00 6.6106538197e+00 0.0000000000e+00 8.8589518196e-04
-3.1675744058e-01 3.6768918981e+00 2.5759574559e+00 9.6099609717e+00 6.5340246858e+00 0.0000000000e+00 8.7591695296e-04
-3.1586790991e-01 3.6393490033e+00 2.5766601474e+00 9.6063361507e+00 6.5989385341e+00 0.0000000000e+00 8.8495276073e-04
-3.1498753506e-01 3.6614566273e+00 2.5773412052e+00 9.6028840866e+00 6.5567375665e+00 0.0000000000e+00 8.7960947664e-04
-3.1410869096e-01 3.6532187077e+00 2.5780276894e+00 9.5993973099e+00 6.5691367517e+00 0.0000000000e+00 8.8159297470e-04
-3.1322434911e-01 3.6561952558e+00 2.5787129273e+00 9.5959204487e+00 6.5614113697e+00 0.0000000000e+00 8.8087526031e-04
-3.1234694044e-01 3.6555454093e+00 2.5793984538e+00 9.5924416480e+00 6.5601986666e+00 0.0000000000e+00 8.8103185355e-04
-3.1146228541e-01 3.6527948384e+00 2.5800845673e+00 9.5889628417e+00 6.5627576047e+00 0.0000000000e+00 8.8169527450e-04
-3.1058354989e-01 3.6530722728e+00 2.5807713914e+00 9.5854765655e+00 6.5598733406e+00 0.0000000000e+00 8.8162831370e-04
-3.0969902878e-01 3.6510647195e+00 2.5814584260e+00 9.5819942633e+00 6.5610958716e+00 0.0000000000e+00 8.8211308074e-04
-3.0881932373e-01 3.6512829798e+00 2.5821462962e+00 9.5785029314e+00 6.5583131905e+00 0.0000000000e+00 8.8206035126e-04
-3.0793490808e-01 3.6493260435e+00 2.5828343211e+00 9.5750157607e+00 6.5594411452e+00 0.0000000000e+00 8.8253335256e-04
-3.0705425702e-01 3.6491137394e+00 2.5835232891e+00 9.5715195993e+00 6.5574275582e+00 0.0000000000e+00 8.8258469801e-04
-3.0616973868e-01 3.6473961705e+00 2.5842124299e+00 9.5680272780e+00 6.5581217605e+00 0.0000000000e+00 8.8300030958e-04
-3.0528825640e-01 3.6472192012e+00 2.5849024233e+00 9.5645267795e+00 6.5560405421e+00 0.0000000000e+00 8.8304315427e-04
-3.0440365237e-01 3.6456333574e+00 2.5855925711e+00 9.5610300155e+00 6.5564944951e+00 0.0000000000e+00 8.8342727641e-04
-3.0352140185e-01 3.6452889747e+00 2.5862834915e+00 9.5575259119e+00 6.5547107364e+00 0.0000000000e+00 8.8351073676e-04
-3.0263663090e-01 3.6437570193e+00 2.5869745421e+00 9.5540252072e+00 6.5550647015e+00 0.0000000000e+00 8.8388219376e-04
-3.0175363746e-01 3.6433095960e+00 2.5876663210e+00 9.5505177555e+00 6.5534629323e+00 0.0000000000e+00 8.8399074051e-04
-3.0086864942e-01 3.6419007678e+00 2.5883581795e+00 9.5470130582e+00 6.5535922495e+00 0.0000000000e+00 8.8433270235e-04
-2.9998497206e-01 3.6413406807e+00 2.5890507869e+00 9.5435018558e+00 6.5521896278e+00 0.0000000000e+00 8.8446872461e-04
-2.9909971197e-01 3.6400248422e+00 2.5897434426e+00 9.5399925633e+00 6.5521479776e+00 0.0000000000e+00 8.8478845264e-04
-2.9821539515e-01 3.6393709371e+00 2.5904369103e+00 9.5364767194e+00 6.5509100914e+00 0.0000000000e+00 8.8494742728e-04
-2.9732981711e-01 3.6381411207e+00 2.5911304189e+00 9.5329621092e+00 6.5507094097e+00 0.0000000000e+00 8.8524656985e-04
-2.9644490201e-01 3.6374241579e+00 2.5918247875e+00 9.5294409100e+00 6.5495804836e+00 0.0000000000e+00 8.8542105840e-04
-2.9555897500e-01 3.6362273538e+00 2.5925192182e+00 9.5259206776e+00 6.5493159191e+00 0.0000000000e+00 8.8571248009e-04
-2.9467347705e-01 3.6354571392e+00 2.5932144925e+00 9.5223941579e+00 6.5482783823e+00 0.0000000000e+00 8.8590012875e-04
-2.9378717474e-01 3.6343548423e+00 2.5939098477e+00 9.5188687890e+00 6.5478394392e+00 0.0000000000e+00 8.8616882155e-04
-2.9290113941e-01 3.6335151830e+00 2.5946059095e+00 9.5153381762e+00 6.5469233628e+00 0.0000000000e+00 8.8637360395e-04
-2.9201442753e-01 3.6324548011e+00 2.5953020808e+00 9.5118090570e+00 6.5464056526e+00 0.0000000000e+00 8.8663235308e-04
-2.9112787470e-01 3.6315904872e+00 2.5959987583e+00 9.5082761865e+00 6.5455316480e+00 0.0000000000e+00 8.8684337045e-04
-2.9024074079e-01 3.6305386768e+00 2.5966955625e+00 9.5047449344e+00 6.5449963357e+00 0.0000000000e+00 8.8710029956e-04
-2.8935367410e-01 3.6296506500e+00 2.5973927480e+00 9.5012111572e+00 6.5441636630e+00 0.0000000000e+00 8.8731733665e-04
-2.8846610612e-01 3.6286146243e+00 2.5980900625e+00 9.4976785712e+00 6.5435982837e+00 0.0000000000e+00 8.8757067949e-04
-2.8757853275e-01 3.6277068271e+00 2.5987877452e+00 9.4941439075e+00 6.5427998733e+00 0.0000000000e+00 8.8779278515e-04
-2.8669052055e-01 3.6266939802e+00 2.5994855403e+00 9.4906097840e+00 6.5421909291e+00 0.0000000000e+00 8.8804072395e-04
-2.8580245130e-01 3.6257710034e+00 2.6001837584e+00 9.4870733417e+00 6.5414179030e+00 0.0000000000e+00 8.8826678372e-04
-2.8491398698e-01 3.6247665430e+00 2.6008820483e+00 9.4835369975e+00 6.5407915826e+00 0.0000000000e+00 8.8851293166e-04
-2.8402542543e-01 3.6238283282e+00 2.6015807881e+00 9.4799977021e+00 6.5400433212e+00 0.0000000000e+00 8.8874296904e-04
-2.8313650104e-01 3.6228363021e+00 2.6022795424e+00 9.4764584148e+00 6.5393918084e+00 0.0000000000e+00 8.8898632982e-04
-2.8224745277e-01 3.6218961278e+00 2.6029786820e+00 9.4729160004e+00 6.5386441703e+00 0.0000000000e+00 8.8921709351e-04
-2.8135806685e-01 3.6209046555e+00 2.6036778329e+00 9.4693742869e+00 6.5379892512e+00 0.0000000000e+00 8.8946057799e-04
-2.8046853162e-01 3.6199582293e+00 2.6043770294e+00 9.4658308422e+00 6.5372514285e+00 0.0000000000e+00 8.8969312454e-04
-2.7957868061e-01 3.6189798066e+00 2.6050761264e+00 9.4622902299e+00 6.5365729677e+00 0.0000000000e+00 8.8993366081e-04
-2.7868866430e-01 3.6180193372e+00 2.6057748589e+00 9.4587494061e+00 6.5358615617e+00 0.0000000000e+00 8.9016990999e-04
-2.7779834079e-01 3.6170363110e+00 2.6064735983e+00 9.4552117716e+00 6.5351927370e+00 0.0000000000e+00 8.9041183743e-04
-2.7690784062e-01 3.6160921837e+00 2.6071720109e+00 9.4516745463e+00 6.5344535386e+00 0.0000000000e+00 8.9064431550e-04
-2.7601705215e-01 3.6151081288e+00 2.6078703148e+00 9.4481395075e+00 6.5337876288e+00 0.0000000000e+00 8.9088675441e-04
-2.7512606711e-01 3.6141426873e+00 2.6085684403e+00 9.4446061666e+00 6.5330888843e+00 0.0000000000e+00 8.9112473590e-04
-2.7423480268e-01 3.6131798094e+00 2.6092663893e+00 9.4410745774e+00 6.5323863435e+00 0.0000000000e+00 8.9136221213e-04
-2.7334334269e-01 3.6122128719e+00 2.6099642368e+00 9.4375452305e+00 6.5316923206e+00 0.0000000000e+00 8.9160081698e-04
-2.7245160105e-01 3.6112385415e+00 2.6106618948e+00 9.4340174781e+00 6.5310124004e+00 0.0000000000e+00 8.9184137540e-04
-2.7155965994e-01 3.6102763542e+00 2.6113594762e+00 9.4304920572e+00 6.5303117629e+00 0.0000000000e+00 8.9207906314e-04
-2.7066744292e-01 3.6093177039e+00 2.6120569077e+00 9.4269684373e+00 6.5296056004e+00 0.0000000000e+00 8.9231600317e-04
-2.6977502793e-01 3.6083528372e+00 2.6127541984e+00 9.4234466553e+00 6.5289115840e+00 0.0000000000e+00 8.9255460677e-04
-2.6888233371e-01 3.6073900686e+00 2.6134513137e+00 9.4199264542e+00 6.5282144951e+00 0.0000000000e+00 8.9279281876e-04
-2.6798944229e-01 3.6064345636e+00 2.6141482336e+00 9.4164077113e+00 6.5275048979e+00 0.0000000000e+00 8.9302935930e-04
-2.6709627499e-01 3.6054703886e+00 2.6148448569e+00 9.4128897636e+00 6.5268111710e+00 0.0000000000e+00 8.9326817325e-04
-2.6620290595e-01 3.6045008241e+00 2.6155412757e+00 9.4093732872e+00 6.5261278513e+00 0.0000000000e+00 8.9350845094e-04
-2.6530925809e-01 3.6035447940e+00 2.6162374200e+00 9.4058578723e+00 6.5254203915e+00 0.0000000000e+00 8.9374550111e-04
-2.6441541495e-01 3.6025737149e+00 2.6169333001e+00 9.4023436929e+00 6.5247406695e+00 0.0000000000e+00 8.9398641155e-04
-2.6352128527e-01 3.6016061102e+00 2.6176288755e+00 9.3988305654e+00 6.5240550172e+00 0.0000000000e+00 8.9422658924e-04
-2.6262696177e-01 3.6006408686e+00 2.6183242397e+00 9.3953192724e+00 6.5233659890e+00 0.0000000000e+00 8.9446630898e-04
-2.6173235265e-01 3.5996880730e+00 2.6190192794e+00 9.3918091876e+00 6.5226548781e+00 0.0000000000e+00 8.9470306383e-04
-2.6083755564e-01 3.5987239100e+00 2.6197140752e+00 9.3883010433e+00 6.5219653397e+00 0.0000000000e+00 8.9494277089e-04
-2.5994246711e-01 3.5977613599e+00 2.6204085230e+00 9.3847942963e+00 6.5212734791e+00 0.0000000000e+00 8.9518220513e-04
-2.5904719123e-01 3.5967982947e+00 2.6211027448e+00 9.3812899897e+00 6.5205838783e+00 0.0000000000e+00 8.9542189575e-04
-2.5815162331e-01 3.5958418562e+00 2.6217965565e+00 9.3777870703e+00 6.5198828574e+00 0.0000000000e+00 8.9566006419e-04
-2.5725587110e-01 3.5948868945e+00 2.6224901063e+00 9.3742867840e+00 6.5191806162e+00 0.0000000000e+00 8.9589799131e-04
-2.5635982733e-01 3.5939231447e+00 2.6231832042e+00 9.3707880461e+00 6.5184950185e+00 0.0000000000e+00 8.9613823615e-04
-2.5546359463e-01 3.5929641923e+00 2.6238760032e+00 9.3672921204e+00 6.5178023069e+00 0.0000000000e+00 8.9637741301e-04
-2.5456707251e-01 3.5920075320e+00 2.6245682914e+00 9.3637977717e+00 6.5171061644e+00 0.0000000000e+00 8.9661614545e-04
-2.5367036234e-01 3.5910475812e+00 2.6252602209e+00 9.3603062484e+00 6.5164175889e+00 0.0000000000e+00 8.9685582685e-04
-2.5277336085e-01 3.5901005806e+00 2.6259515656e+00 9.3568161862e+00 6.5157061593e+00 0.0000000000e+00 8.9709240045e-04
-2.5187617754e-01 3.5891299647e+00 2.6266424899e+00 9.3533288937e+00 6.5150391499e+00 0.0000000000e+00 8.9733500302e-04
-2.5097869085e-01 3.5881880359e+00 2.6273327855e+00 9.3498430745e+00 6.5143207246e+00 0.0000000000e+00 8.9757056081e-04
-2.5008103641e-01 3.5872315239e+00 2.6280226166e+00 9.3463600175e+00 6.5136303269e+00 0.0000000000e+00 8.9780989219e-04
-2.4918307106e-01 3.5862725829e+00 2.6287117557e+00 9.3428782496e+00 6.5129448708e+00 0.0000000000e+00 8.9804995947e-04
-2.4828493650e-01 3.5853188184e+00 2.6294003915e+00 9.3393991492e+00 6.5122515056e+00 0.0000000000e+00 8.9828885823e-04
-2.4738649334e-01 3.5843625017e+00 2.6300883152e+00 9.3359213499e+00 6.5115633153e+00 0.0000000000e+00 8.9852852389e-04
-2.4648787945e-01 3.5833968820e+00 2.6307757471e+00 9.3324463887e+00 6.5108936408e+00 0.0000000000e+00 8.9877065080e-04
-2.4558895204e-01 3.5824516334e+00 2.6314625222e+00 9.3289731450e+00 6.5101877845e+00 0.0000000000e+00 8.9900779613e-04
-2.4468986386e-01 3.5814903830e+00 2.6321488507e+00 9.3255030700e+00 6.5095128513e+00 0.0000000000e+00 8.9924908441e-04
-2.4379045387e-01 3.5805333014e+00 2.6328345694e+00 9.3220350074e+00 6.5088313825e+00 0.0000000000e+00 8.9948945495e-04
-2.4289088495e-01 3.5795911909e+00 2.6335199040e+00 9.3185704771e+00 6.5081247970e+00 0.0000000000e+00 8.9972619105e-04
-2.4199100149e-01 3.5786443981e+00 2.6342046878e+00 9.3151083097e+00 6.5074280045e+00 0.0000000000e+00 8.9996422932e-04
-2.4109095649e-01 3.5776885398e+00 2.6348891368e+00 9.3116499183e+00 6.5067499691e+00 0.0000000000e+00 9.0020467458e-04
-2.4019059214e-01 3.5767491424e+00 2.6355730587e+00 9.3081939248e+00 6.5060433051e+00 0.0000000000e+00 9.0044110433e-04
-2.3929007428e-01 3.5757960724e+00 2.6362566795e+00 9.3047418237e+00 6.5053638654e+00 0.0000000000e+00 9.0068110221e-04
-2.3838922994e-01 3.5748493899e+00 2.6369398063e+00 9.3012922164e+00 6.5046741849e+00 0.0000000000e+00 9.0091961828e-04
-2.3748823504e-01 3.5738986835e+00 2.6376226559e+00 9.2978465319e+00 6.5039942058e+00 0.0000000000e+00 9.0115927533e-04
-2.3658691139e-01 3.5729632991e+00 2.6383050658e+00 9.2944036135e+00 6.5032879121e+00 0.0000000000e+00 9.0139519443e-04
-2.3568544465e-01 3.5720019079e+00 2.6389872310e+00 9.2909647813e+00 6.5026314521e+00 0.0000000000e+00 9.0163780165e-04
-2.3478363578e-01 3.5710716683e+00 2.6396689622e+00 9.2875287353e+00 6.5019198704e+00 0.0000000000e+00 9.0187267210e-04
-2.3388169931e-01 3.5701127938e+00 2.6403504451e+00 9.2840968339e+00 6.5012629643e+00 0.0000000000e+00 9.0211490049e-04
-2.3297940598e-01 3.5691745476e+00 2.6410314991e+00 9.2806679315e+00 6.5005702353e+00 0.0000000000e+00 9.0235204380e-04
-2.3207699522e-01 3.5682412660e+00 2.6417123023e+00 9.2772434417e+00 6.4998711901e+00 0.0000000000e+00 9.0258805603e-04
-2.3117422987e-01 3.5672952467e+00 2.6423926665e+00 9.2738223080e+00 6.4991973377e+00 0.0000000000e+00 9.0282741546e-04
-2.3027134039e-01 3.5663567494e+00 2.6430727656e+00 9.2704059708e+00 6.4985127836e+00 0.0000000000e+00 9.0306499714e-04
-2.2936809988e-01 3.5654215657e+00 2.6437523771e+00 9.2669932244e+00 6.4978243481e+00 0.0000000000e+00 9.0330186441e-04
-2.2846473666e-01 3.5644747582e+00 2.6444316812e+00 9.2635856024e+00 6.4971603327e+00 0.0000000000e+00 9.0354180241e-04
-2.2756101627e-01 3.5635403614e+00 2.6451104321e+00 9.2601817390e+00 6.4964759761e+00 0.0000000000e+00 9.0377872035e-04
-2.2665717922e-01 3.5625975258e+00 2.6457888088e+00 9.2567831879e+00 6.4958103749e+00 0.0000000000e+00 9.0401790389e-04
-2.2575298046e-01 3.5616776464e+00 2.6464665372e+00 9.2533884286e+00 6.4951052196e+00 0.0000000000e+00 9.0425138586e-04
-2.2484867645e-01 3.5607289435e+00 2.6471437573e+00 9.2499988322e+00 6.4944558958e+00 0.0000000000e+00 9.0449231009e-04
-2.2394399584e-01 3.5598148619e+00 2.6478201870e+00 9.2466129300e+00 6.4937456643e+00 0.0000000000e+00 9.0472456369e-04
-2.2303922732e-01 3.5588787858e+00 2.6484959344e+00 9.2432320470e+00 6.4930787217e+00 0.0000000000e+00 9.0496252936e-04
-2.2213407079e-01 3.5579406081e+00 2.6491707105e+00 9.2398548222e+00 6.4924178337e+00 0.0000000000e+00 9.0520115495e-04
-2.2122882501e-01 3.5570127573e+00 2.6498446477e+00 9.2364828238e+00 6.4917414233e+00 0.0000000000e+00 9.0543727771e-04
-2.2032319623e-01 3.5560891409e+00 2.6505174606e+00 9.2331147655e+00 6.4910597006e+00 0.0000000000e+00 9.0567244525e-04
-2.1941748012e-01 3.5551685826e+00 2.6511892923e+00 9.2297521613e+00 6.4903758759e+00 0.0000000000e+00 9.0590695571e-04
-2.1851138232e-01 3.5542389610e+00 2.6518598658e+00 9.2263935075e+00 6.4897110245e+00 0.0000000000e+00 9.0614389833e-04
-2.1760519232e-01 3.5533149991e+00 2.6525293757e+00 9.2230402785e+00 6.4890393062e+00 0.0000000000e+00 9.0637952125e-04
-2.1669862328e-01 3.5523893832e+00 2.6531975502e+00 9.2196906091e+00 6.4883727644e+00 0.0000000000e+00 9.0661568884e-04
-2.1579196095e-01 3.5514670324e+00 2.6538646400e+00 9.2163460788e+00 6.4877035284e+00 0.0000000000e+00 9.0685114583e-04
-2.1488492098e-01 3.5505500170e+00 2.6545304467e+00 9.2130053715e+00 6.4870268884e+00 0.0000000000e+00 9.0708536208e-04
-2.1397779022e-01 3.5496341113e+00 2.6551952100e+00 9.2096705838e+00 6.4863520400e+00 0.0000000000e+00 9.0731941566e-04
-2.1307028215e-01 3.5487117635e+00 2.6558586241e+00 9.2063408492e+00 6.4856921771e+00 0.0000000000e+00 9.0755523761e-04
-2.1216267975e-01 3.5477883932e+00 2.6565208482e+00 9.2030192568e+00 6.4850395774e+00 0.0000000000e+00 9.0779144379e-04
-2.1125469927e-01 3.5468897956e+00 2.6571814620e+00 9.1997054885e+00 6.4843468635e+00 0.0000000000e+00 9.0802143097e-04
-2.1034663689e-01 3.5459607710e+00 2.6578405833e+00 9.1964026065e+00 6.4837171082e+00 0.0000000000e+00 9.0825932820e-04
-2.0943818061e-01 3.5450770425e+00 2.6584979139e+00 9.1931094811e+00 6.4830110678e+00 0.0000000000e+00 9.0848574209e-04
-2.0852966540e-01 3.5441587704e+00 2.6591538487e+00 9.1898274263e+00 6.4823756648e+00 0.0000000000e+00 9.0872112575e-04
-2.0762073836e-01 3.5432493331e+00 2.6598084753e+00 9.1865528882e+00 6.4817290744e+00 0.0000000000e+00 9.0895436502e-04
-2.0671175667e-01 3.5423544117e+00 2.6604624590e+00 9.1832841008e+00 6.4810596524e+00 0.0000000000e+00 9.0918399840e-04
-2.0580237036e-01 3.5414587402e+00 2.6611161575e+00 9.1800168950e+00 6.4803923810e+00 0.0000000000e+00 9.0941394042e-04
-2.0489292879e-01 3.5405600351e+00 2.6617699813e+00 9.1767486670e+00 6.4797296022e+00 0.0000000000e+00 9.0964477817e-04
-2.0398308080e-01 3.5396456119e+00 2.6624248222e+00 9.1734731330e+00 6.4790900973e+00 0.0000000000e+00 9.0987977351e-04
-2.0307316924e-01 3.5387360086e+00 2.6630824324e+00 9.1701777970e+00 6.4784274489e+00 0.0000000000e+00 9.1011365072e-04
-2.0216285350e-01 3.5378278069e+00 2.6637462171e+00 9.1668391880e+00 6.4777313144e+00 0.0000000000e+00 9.1034728751e-04
-2.0125247467e-01 3.5368601965e+00 2.6644229035e+00 9.1634117063e+00 6.4770807986e+00 0.0000000000e+00 9.1059633936e-04
-2.0034166082e-01 3.5358849151e+00 2.6651255802e+00 9.1598067951e+00 6.4763185277e+00 0.0000000000e+00 9.1084750354e-04
-1.9943077966e-01 3.5347864621e+00 2.6658801807e+00 9.1558647995e+00 6.4755430757e+00 0.0000000000e+00 9.1113055407e-04
-1.9851939972e-01 3.5336348734e+00 2.6667005204e+00 9.1515927499e+00 6.4746309945e+00 0.0000000000e+00 9.1142748560e-04
-1.9760792469e-01 3.5325765107e+00 2.6674592779e+00 9.1476911044e+00 6.4738096094e+00 0.0000000000e+00 9.1170055000e-04
-1.9669599862e-01 3.5318045372e+00 2.6680478426e+00 9.1448638713e+00 6.4732233727e+00 0.0000000000e+00 9.1189982734e-04
-1.9578412504e-01 3.5314012878e+00 2.6684092132e+00 9.1434458980e+00 6.4729587159e+00 0.0000000000e+00 9.1200395687e-04
-1.9487199070e-01 3.5313553850e+00 2.6685742883e+00 9.1434148683e+00 6.4730208882e+00 0.0000000000e+00 9.1201581166e-04
-1.9396009341e-01 3.5317409101e+00 2.6685028543e+00 9.1448750303e+00 6.4733478920e+00 0.0000000000e+00 9.1191625594e-04
-1.9304815819e-01 3.5329565329e+00 2.6680174480e+00 9.1492185396e+00 6.4741941024e+00 0.0000000000e+00 9.1160248301e-04
-1.9213688845e-01 3.5357127414e+00 2.6666859217e+00 9.1592402146e+00 6.4762332833e+00 0.0000000000e+00 9.1089185781e-04
-1.9122637448e-01 3.5414710417e+00 2.6637523740e+00 9.1800975707e+00 6.4804268217e+00 0.0000000000e+00 9.0941078151e-04
-1.9031806688e-01 3.5526805502e+00 2.6578782406e+00 9.2208895190e+00 6.4886846628e+00 0.0000000000e+00 9.0654138537e-04
-1.8941329170e-01 3.5736976785e+00 2.6467813589e+00 9.2973949656e+00 6.5040441316e+00 0.0000000000e+00 9.0120996163e-04
-1.8851564696e-01 3.6114259335e+00 2.6268313007e+00 9.4354203582e+00 6.5316446550e+00 0.0000000000e+00 8.9179509895e-04
-1.8762970151e-01 3.6753822720e+00 2.5929180512e+00 9.6715000657e+00 6.5785674455e+00 0.0000000000e+00 8.7627672699e-04
-1.8676309351e-01 3.7599048158e+00 2.5447321874e+00 9.9986916262e+00 6.6482345405e+00 0.0000000000e+00 8.5657805330e-04
-1.8591654540e-01 3.8351975661e+00 2.5065200134e+00 1.0280980586e+01 6.7017281437e+00 0.0000000000e+00 8.3976167907e-04
-1.8508357015e-01 3.8813328329e+00 2.4854698168e+00 1.0448300373e+01 6.7298405103e+00 0.0000000000e+00 8.2977989427e-04
-1.8425698561e-01 3.9033436449e+00 2.4762474313e+00 1.0525844394e+01 6.7415563115e+00 0.0000000000e+00 8.2510079581e-04
-1.8343336856e-01 3.9118911034e+00 2.4729981757e+00 1.0555200434e+01 6.7455868239e+00 0.0000000000e+00 8.2329795553e-04
-1.8261038970e-01 3.9146283859e+00 2.4721686820e+00 1.0564168669e+01 6.7465973956e+00 0.0000000000e+00 8.2272226895e-04
-1.8178792402e-01 3.9152646609e+00 2.4721272964e+00 1.0566257006e+01 6.7468344551e+00 0.0000000000e+00 8.2258856724e-04
-1.8096521257e-01 3.9152507642e+00 2.4722957251e+00 1.0566048458e+01 6.7467252380e+00 0.0000000000e+00 8.2259148690e-04
-1.8014274104e-01 3.9146831189e+00 2.4727268511e+00 1.0563912051e+01 6.7463391867e+00 0.0000000000e+00 8.2271076608e-04
-1.7931979103e-01 3.9136096785e+00 2.4734471551e+00 1.0559704117e+01 6.7455015857e+00 0.0000000000e+00 8.2293642246e-04
-1.7849686820e-01 3.9123997412e+00 2.4741980791e+00 1.0555169737e+01 6.7446902383e+00 0.0000000000e+00 8.2319092137e-04
-1.7767340919e-01 3.9114802021e+00 2.4747998924e+00 1.0551653871e+01 6.7440286833e+00 0.0000000000e+00 8.2338444306e-04
-1.7685009931e-01 3.9106939924e+00 2.4753075928e+00 1.0548798994e+01 6.7435594644e+00 0.0000000000e+00 8.2354997706e-04
-1.7602630924e-01 3.9100484028e+00 2.4757922555e+00 1.0546316511e+01 6.7430856503e+00 0.0000000000e+00 8.2368595372e-04
-1.7520272741e-01 3.9093822645e+00 2.4762580064e+00 1.0543846750e+01 6.7426552561e+00 0.0000000000e+00 8.2382630549e-04
-1.7437865663e-01 3.9087615706e+00 2.4767263193e+00 1.0541405253e+01 6.7421644062e+00 0.0000000000e+00 8.2395712545e-04
-1.7355481316e-01 3.9080891596e+00 2.4771983967e+00 1.0538957254e+01 6.7417584550e+00 0.0000000000e+00 8.2409889237e-04
-1.7273045884e-01 3.9074605209e+00 2.4776739496e+00 1.0536474840e+01 6.7412548276e+00 0.0000000000e+00 8.2423147477e-04
-1.7190635021e-01 3.9067612354e+00 2.4781529937e+00 1.0533945184e+01 6.7408427014e+00 0.0000000000e+00 8.2437900697e-04
-1.7108170083e-01 3.9061127975e+00 2.4786370212e+00 1.0531374103e+01 6.7403161715e+00 0.0000000000e+00 8.2451585879e-04
-1.7025731849e-01 3.9053991279e+00 2.4791240212e+00 1.0528789286e+01 6.7398932488e+00 0.0000000000e+00 8.2466653017e-04
-1.6943236777e-01 3.9047451541e+00 2.4796099033e+00 1.0526223247e+01 6.7393791602e+00 0.0000000000e+00 8.2480464680e-04
-1.6860770919e-01 3.9040241210e+00 2.4800926300e+00 1.0523653302e+01 6.7389781520e+00 0.0000000000e+00 8.2495697975e-04
-1.6778245381e-01 3.9033789640e+00 2.4805758865e+00 1.0521084375e+01 6.7384466587e+00 0.0000000000e+00 8.2509333001e-04
-1.6695752253e-01 3.9026517505e+00 2.4810607381e+00 1.0518508419e+01 6.7380521572e+00 0.0000000000e+00 8.2524707650e-04
-1.6613195965e-01 3.9019984454e+00 2.4815470350e+00 1.0515917784e+01 6.7375204854e+00 0.0000000000e+00 8.2538524625e-04
-1.6530675204e-01 3.9012508541e+00 2.4820350243e+00 1.0513305787e+01 6.7371377669e+00 0.0000000000e+00 8.2554341368e-04
-1.6448087283e-01 3.9005866453e+00 2.4825253204e+00 1.0510673047e+01 6.7365975960e+00 0.0000000000e+00 8.2568399080e-04
-1.6365538406e-01 3.8997995899e+00 2.4830183167e+00 1.0508023532e+01 6.7362586782e+00 0.0000000000e+00 8.2585062987e-04
-1.6282917157e-01 3.8991862638e+00 2.4835139680e+00 1.0505356800e+01 6.7356084635e+00 0.0000000000e+00 8.2598053281e-04
-1.6200342299e-01 3.8983170848e+00 2.4840117876e+00 1.0502671192e+01 6.7353879659e+00 0.0000000000e+00 8.2616469560e-04
-1.6117684218e-01 3.8975422940e+00 2.4845114777e+00 1.0499966447e+01 6.7349919863e+00 0.0000000000e+00 8.2632892853e-04
-1.6035076514e-01 3.8966959813e+00 2.4850123588e+00 1.0497250057e+01 6.7347119888e+00 0.0000000000e+00 8.2650839664e-04
-1.5952382538e-01 3.8959585472e+00 2.4855145554e+00 1.0494523065e+01 6.7342368622e+00 0.0000000000e+00 8.2666483965e-04
-1.5869743546e-01 3.8949542927e+00 2.4860183072e+00 1.0491782338e+01 6.7342140305e+00 0.0000000000e+00 8.2687798257e-04
-1.5787006942e-01 3.8945124476e+00 2.4865241147e+00 1.0489020520e+01 6.7332051581e+00 0.0000000000e+00 8.2697179455e-04
-1.5704349187e-01 3.8942562100e+00 2.4870314703e+00 1.0486239987e+01 6.7318631734e+00 0.0000000000e+00 8.2702620836e-04
-1.5621601700e-01 3.8937168788e+00 2.4875409213e+00 1.0483438365e+01 6.7309968160e+00 0.0000000000e+00 8.2714076241e-04
-1.5538921034e-01 3.8938086111e+00 2.4880524007e+00 1.0480618254e+01 6.7290276056e+00 0.0000000000e+00 8.2712127622e-04
-1.5456177445e-01 3.8926543585e+00 2.4885648784e+00 1.0477789929e+01 6.7292064514e+00 0.0000000000e+00 8.2736653479e-04
-1.5373447728e-01 3.8914226072e+00 2.4890756845e+00 1.0474967517e+01 6.7295232193e+00 0.0000000000e+00 8.2762842096e-04
-1.5290651761e-01 3.8896041506e+00 2.4895848524e+00 1.0472155322e+01 6.7308618796e+00 0.0000000000e+00 8.2801535144e-04
-1.5207844657e-01 3.8875476979e+00 2.4900927026e+00 1.0469348099e+01 6.7326171357e+00 0.0000000000e+00 8.2845335877e-04
-1.5124961089e-01 3.8866909835e+00 2.4905992763e+00 1.0466543117e+01 6.7322969341e+00 0.0000000000e+00 8.2863596859e-04
-1.5042117463e-01 3.8867539479e+00 2.4911048628e+00 1.0463740817e+01 6.7303854045e+00 0.0000000000e+00 8.2862254491e-04
-1.4959236580e-01 3.8875095154e+00 2.4916093409e+00 1.0460938356e+01 6.7272750808e+00 0.0000000000e+00 8.2846149571e-04
-1.4876425164e-01 3.8876120170e+00 2.4921129287e+00 1.0458133708e+01 6.7252941281e+00 0.0000000000e+00 8.2843965233e-04
-1.4793548649e-01 3.8864118230e+00 2.4926159327e+00 1.0455328169e+01 6.7255663096e+00 0.0000000000e+00 8.2869548941e-04
-1.4710686066e-01 3.8853044341e+00 2.4931188166e+00 1.0452522369e+01 6.7256778371e+00 0.0000000000e+00 8.2893168409e-04
-1.4627762313e-01 3.8845452758e+00 2.4936216301e+00 1.0449715754e+01 6.7251859691e+00 0.0000000000e+00 8.2909368254e-04
-1.4544867330e-01 3.8833952537e+00 2.4941242778e+00 1.0446907370e+01 6.7253696107e+00 0.0000000000e+00 8.2933920894e-04
-1.4461894471e-01 3.8827800540e+00 2.4946266110e+00 1.0444094641e+01 6.7246241709e+00 0.0000000000e+00 8.2947061202e-04
-1.4378973208e-01 3.8817627771e+00 2.4951285716e+00 1.0441277313e+01 6.7245720000e+00 0.0000000000e+00 8.2968798783e-04
-1.4295956873e-01 3.8809111753e+00 2.4956305636e+00 1.0438455462e+01 6.7242298200e+00 0.0000000000e+00 8.2987004912e-04
-1.4212999198e-01 3.8807177037e+00 2.4961327392e+00 1.0435629739e+01 6.7227446928e+00 0.0000000000e+00 8.2991142197e-04
-1.4129974589e-01 3.8802427575e+00 2.4966352966e+00 1.0432800331e+01 6.7217446066e+00 0.0000000000e+00 8.3001300408e-04
-1.4046996597e-01 3.8792182944e+00 2.4971385328e+00 1.0429965639e+01 6.7216929079e+00 0.0000000000e+00 8.3023220229e-04
-1.3963928148e-01 3.8783615534e+00 2.4976424544e+00 1.0427125383e+01 6.7213469140e+00 0.0000000000e+00 8.3041560293e-04
-1.3880913476e-01 3.8776027814e+00 2.4981472943e+00 1.0424278383e+01 6.7208266102e+00 0.0000000000e+00 8.3057809922e-04
-1.3797812529e-01 3.8769575552e+00 2.4986534132e+00 1.0421423082e+01 6.7201039308e+00 0.0000000000e+00 8.3071632895e-04
-1.3714770211e-01 3.8759636398e+00 2.4991608068e+00 1.0418560780e+01 6.7199809827e+00 0.0000000000e+00 8.3092934996e-04
-1.3631626659e-01 3.8753432584e+00 2.4996698909e+00 1.0415688109e+01 6.7192035739e+00 0.0000000000e+00 8.3106236867e-04
-1.3548557737e-01 3.8744774138e+00 2.5001807024e+00 1.0412805248e+01 6.7188449792e+00 0.0000000000e+00 8.3124808941e-04
-1.3465377041e-01 3.8738279878e+00 2.5006935144e+00 1.0409912066e+01 6.7181042230e+00 0.0000000000e+00 8.3138744360e-04
-1.3382280248e-01 3.8729464885e+00 2.5012086516e+00 1.0407012030e+01 6.7177613096e+00 0.0000000000e+00 8.3157667096e-04
-1.3299061707e-01 3.8722990884e+00 2.5017277557e+00 1.0404113256e+01 6.7170129547e+00 0.0000000000e+00 8.3171570020e-04
-1.3215937108e-01 3.8714605408e+00 2.5022539030e+00 1.0401234447e+01 6.7166088465e+00 0.0000000000e+00 8.3189584753e-04
-1.3132682537e-01 3.8707116807e+00 2.5027890411e+00 1.0398389438e+01 6.7160707745e+00 0.0000000000e+00 8.3205679302e-04
-1.3049525749e-01 3.8700021751e+00 2.5033333027e+00 1.0395575454e+01 6.7154842452e+00 0.0000000000e+00 8.3220933789e-04
-1.2966240669e-01 3.8691703379e+00 2.5038838533e+00 1.0392772959e+01 6.7151172289e+00 0.0000000000e+00 8.3238825547e-04
-1.2883048098e-01 3.8684887666e+00 2.5044365629e+00 1.0389963243e+01 6.7144845633e+00 0.0000000000e+00 8.3253491015e-04
-1.2799733687e-01 3.8676474330e+00 2.5049868317e+00 1.0387101007e+01 6.7140950583e+00 0.0000000000e+00 8.3271601238e-04
-1.2716504896e-01 3.8669607863e+00 2.5055302160e+00 1.0384238652e+01 6.7134367439e+00 0.0000000000e+00 8.3286387571e-04
-1.2633160912e-01 3.8661774050e+00 2.5061094004e+00 1.0381666454e+01 6.7131337796e+00 0.0000000000e+00 8.3303263414e-04
-1.2549898369e-01 3.8658474435e+00 2.5068239878e+00 1.0379999868e+01 6.7126290031e+00 0.0000000000e+00 8.3310373593e-04
-1.2466540165e-01 3.8656835565e+00 2.5077429835e+00 1.0379588616e+01 6.7126476236e+00 0.0000000000e+00 8.3313905565e-04
-1.2383270558e-01 3.8658198141e+00 2.5087491113e+00 1.0379966045e+01 6.7126551056e+00 0.0000000000e+00 8.3310969021e-04
-1.2299918227e-01 3.8658022702e+00 2.5097257819e+00 1.0380171445e+01 6.7128184004e+00 0.0000000000e+00 8.3311347105e-04
-1.2216647864e-01 3.8656723342e+00 2.5106127503e+00 1.0379631731e+01 6.7126949943e+00 0.0000000000e+00 8.3314147431e-04
-1.2133289932e-01 3.8651395768e+00 2.5113283499e+00 1.0377828054e+01 6.7124536176e+00 0.0000000000e+00 8.3325631164e-04
-1.2049996601e-01 3.8642453429e+00 2.5118290370e+00 1.0374347643e+01 6.7117552864e+00 0.0000000000e+00 8.3344913740e-04
-1.1966600105e-01 3.8628375903e+00 2.5121099192e+00 1.0369132217e+01 6.7108258986e+00 0.0000000000e+00 8.3375287530e-04
-1.1883246026e-01 3.8611036979e+00 2.5122082231e+00 1.0362436063e+01 6.7095038581e+00 0.0000000000e+00 8.3412728581e-04
-1.1799774648e-01 3.8589782808e+00 2.5121304568e+00 1.0354647722e+01 6.7081536668e+00 0.0000000000e+00 8.3458669973e-04
-1.1716328686e-01 3.8564073547e+00 2.5118565359e+00 1.0344997420e+01 6.7063697301e+00 0.0000000000e+00 8.3514308824e-04
-1.1632746030e-01 3.8531347610e+00 2.5112200302e+00 1.0333010812e+01 6.7042884900e+00 0.0000000000e+00 8.3585240264e-04
-1.1549158206e-01 3.8490374723e+00 2.5101573817e+00 1.0317571548e+01 6.7013971823e+00 0.0000000000e+00 8.3674216501e-04
-1.1465397597e-01 3.8438635667e+00 2.5085523203e+00 1.0298332808e+01 6.6979047443e+00 0.0000000000e+00 8.3786843415e-04
-1.1381584519e-01 3.8377082958e+00 2.5063947794e+00 1.0275046972e+01 6.6934783601e+00 0.0000000000e+00 8.3921228492e-04
-1.1297555140e-01 3.8308628851e+00 2.5038207313e+00 1.0249113665e+01 6.6885150761e+00 0.0000000000e+00 8.4071188250e-04
-1.1213442143e-01 3.8244006067e+00 2.5014699741e+00 1.0224682227e+01 6.6838462275e+00 0.0000000000e+00 8.4213247485e-04
-1.1129128645e-01 3.8188383713e+00 2.4996542140e+00 1.0203968786e+01 6.6800213792e+00 0.0000000000e+00 8.4335906225e-04
-1.1044770330e-01 3.8142698296e+00 2.4983150559e+00 1.0186792120e+01 6.6767642134e+00 0.0000000000e+00 8.4436919557e-04
-1.0960254806e-01 3.8104683854e+00 2.4973891131e+00 1.0172661823e+01 6.6741544568e+00 0.0000000000e+00 8.4521156508e-04
-1.0875728017e-01 3.8073646600e+00 2.4967996941e+00 1.0161001623e+01 6.6719388149e+00 0.0000000000e+00 8.4590057307e-04
-1.0791074691e-01 3.8047187546e+00 2.4964655803e+00 1.0151205222e+01 6.6701416563e+00 0.0000000000e+00 8.4648883542e-04
-1.0706430250e-01 3.8024490258e+00 2.4963073844e+00 1.0142695093e+01 6.6685279828e+00 0.0000000000e+00 8.4699411508e-04
-1.0621675868e-01 3.8003316575e+00 2.4962537686e+00 1.0134971880e+01 6.6671627596e+00 0.0000000000e+00 8.4746602086e-04
-1.0536937046e-01 3.7984197736e+00 2.4962608274e+00 1.0127754246e+01 6.6657681676e+00 0.0000000000e+00 8.4789258156e-04
-1.0452097352e-01 3.7966679923e+00 2.4963659921e+00 1.0121232903e+01 6.6645496285e+00 0.0000000000e+00 8.4828379890e-04
-1.0367280286e-01 3.7952688661e+00 2.4966437489e+00 1.0115879637e+01 6.6634802391e+00 0.0000000000e+00 8.4859651881e-04
-1.0282378048e-01 3.7941923541e+00 2.4971323667e+00 1.0111940500e+01 6.6627753396e+00 0.0000000000e+00 8.4883728792e-04
-1.0197512828e-01 3.7935023491e+00 2.4978052356e+00 1.0109227185e+01 6.6621991069e+00 0.0000000000e+00 8.4899168403e-04
-1.0112579711e-01 3.7929046767e+00 2.4985531761e+00 1.0107129463e+01 6.6618662507e+00 0.0000000000e+00 8.4912546512e-04
-1.0027687735e-01 3.7923356458e+00 2.4992878226e+00 1.0104982601e+01 6.6614505837e+00 0.0000000000e+00 8.4925287435e-04
-9.9427291364e-02 3.7916742669e+00 2.4999878215e+00 1.0102568839e+01 6.6610210478e+00 0.0000000000e+00 8.4940100890e-04
-9.8578075336e-02 3.7909734471e+00 2.5006526668e+00 1.0099889179e+01 6.6604853081e+00 0.0000000000e+00 8.4955803374e-04
-9.7728175297e-02 3.7901753381e+00 2.5012911075e+00 1.0097006423e+01 6.6599863610e+00 0.0000000000e+00 8.4973692782e-04
-9.6878601481e-02 3.7893915975e+00 2.5019125806e+00 1.0093988553e+01 6.6593728130e+00 0.0000000000e+00 8.4991267459e-04
-9.6028349948e-02 3.7885325613e+00 2.5025243878e+00 1.0090889013e+01 6.6588374587e+00 0.0000000000e+00 8.5010538926e-04
-9.5178390702e-02 3.7877011085e+00 2.5031313913e+00 1.0087742658e+01 6.6582224742e+00 0.0000000000e+00 8.5029199915e-04
-9.4327765949e-02 3.7868419338e+00 2.5037364920e+00 1.0084569533e+01 6.6576382839e+00 0.0000000000e+00 8.5048491698e-04
-9.3477420868e-02 3.7859954615e+00 2.5043411773e+00 1.0081380108e+01 6.6570207299e+00 0.0000000000e+00 8.5067506827e-04
-9.2626415813e-02 3.7851278888e+00 2.5049461272e+00 1.0078179707e+01 6.6564327567e+00 0.0000000000e+00 8.5087004781e-04
-9.1775680773e-02 3.7842839147e+00 2.5055521498e+00 1.0074970827e+01 6.6557974072e+00 0.0000000000e+00 8.5105980954e-04
-9.0924296194e-02 3.7834087276e+00 2.5061597446e+00 1.0071757464e+01 6.6552137165e+00 0.0000000000e+00 8.5125667873e-04
-9.0073167415e-02 3.7825535168e+00 2.5067693514e+00 1.0068541409e+01 6.6545928326e+00 0.0000000000e+00 8.5144914233e-04
-8.9221397909e-02 3.7816817551e+00 2.5073810117e+00 1.0065323960e+01 6.6539998681e+00 0.0000000000e+00 8.5164542030e-04
-8.8369876574e-02 3.7808223814e+00 2.5079947193e+00 1.0062103729e+01 6.6533829907e+00 0.0000000000e+00 8.5183899766e-04
-8.7517719914e-02 3.7799463396e+00 2.5086099859e+00 1.0058881167e+01 6.6527936268e+00 0.0000000000e+00 8.5203642020e-04
-8.6665803734e-02 3.7790934505e+00 2.5092267489e+00 1.0055653294e+01 6.6521597214e+00 0.0000000000e+00 8.5222871302e-04
-8.5813262488e-02 3.7782151077e+00 2.5098443648e+00 1.0052422167e+01 6.6515681880e+00 0.0000000000e+00 8.5242683541e-04
-8.4960950063e-02 3.7773500750e+00 2.5104629081e+00 1.0049185806e+01 6.6509494796e+00 0.0000000000e+00 8.5262204555e-04
-8.4108018397e-02 3.7764857867e+00 2.5110818598e+00 1.0045947805e+01 6.6503280912e+00 0.0000000000e+00 8.5281717703e-04
-8.3255315709e-02 3.7756180350e+00 2.5117014302e+00 1.0042706897e+01 6.6497105932e+00 0.0000000000e+00 8.5301318033e-04
-8.2401992036e-02 3.7747269366e+00 2.5123213604e+00 1.0039466365e+01 6.6491341847e+00 0.0000000000e+00 8.5321455084e-04
-8.1548886607e-02 3.7738686348e+00 2.5129418954e+00 1.0036224282e+01 6.6484986983e+00 0.0000000000e+00 8.5340859988e-04
-8.0695174836e-02 3.7729984827e+00 2.5135629183e+00 1.0032982596e+01 6.6478840648e+00 0.0000000000e+00 8.5360541821e-04
-7.9841675771e-02 3.7721267282e+00 2.5141846217e+00 1.0029739732e+01 6.6472711914e+00 0.0000000000e+00 8.5380269005e-04
-7.8987569456e-02 3.7712354737e+00 2.5148069751e+00 1.0026495825e+01 6.6466917108e+00 0.0000000000e+00 8.5400446887e-04
-7.8133666833e-02 3.7703884369e+00 2.5154303058e+00 1.0023248324e+01 6.6460316300e+00 0.0000000000e+00 8.5419632529e-04
-7.7279176806e-02 3.7695132243e+00 2.5160547092e+00 1.0019996451e+01 6.6454180255e+00 0.0000000000e+00 8.5439465419e-04
-7.6424877525e-02 3.7686267085e+00 2.5166806629e+00 1.0016736568e+01 6.6448187518e+00 0.0000000000e+00 8.5459563838e-04
-7.5569985529e-02 3.7677472825e+00 2.5173081878e+00 1.0013468243e+01 6.6442010915e+00 0.0000000000e+00 8.5479510866e-04
-7.4715287308e-02 3.7668828959e+00 2.5179377782e+00 1.0010187553e+01 6.6435484124e+00 0.0000000000e+00 8.5499125847e-04
-7.3860003012e-02 3.7659799361e+00 2.5185693685e+00 1.0006894756e+01 6.6429554367e+00 0.0000000000e+00 8.5519625764e-04
-7.3004894792e-02 3.7651031803e+00 2.5192034220e+00 1.0003586304e+01 6.6423055527e+00 0.0000000000e+00 8.5539540179e-04
-7.2149212208e-02 3.7641996375e+00 2.5198398120e+00 1.0000263111e+01 6.6416928391e+00 0.0000000000e+00 8.5560072735e-04
-7.1293693338e-02 3.7633078897e+00 2.5204788396e+00 9.9969230828e+00 6.6410478333e+00 0.0000000000e+00 8.5580346922e-04
-7.0437605270e-02 3.7623992362e+00 2.5211202303e+00 9.9935684043e+00 6.6404226245e+00 0.0000000000e+00 8.5601015350e-04
-6.9581673031e-02 3.7615019858e+00 2.5217641854e+00 9.9901977568e+00 6.6397663716e+00 0.0000000000e+00 8.5621434201e-04
-6.8725176586e-02 3.7605713173e+00 2.5224103422e+00 9.9868138699e+00 6.6391600020e+00 0.0000000000e+00 8.5642623845e-04
-6.7868820554e-02 3.7596760647e+00 2.5230588443e+00 9.9834156329e+00 6.6384812556e+00 0.0000000000e+00 8.5663017035e-04
-6.7011916245e-02 3.7587520119e+00 2.5237092735e+00 9.9800059976e+00 6.6378454643e+00 0.0000000000e+00 8.5684076457e-04
-6.6155139025e-02 3.7578311638e+00 2.5243617918e+00 9.9765836757e+00 6.6371952603e+00 0.0000000000e+00 8.5705073149e-04
-6.5297814782e-02 3.7569051979e+00 2.5250160602e+00 9.9731510403e+00 6.6365469150e+00 0.0000000000e+00 8.5726196912e-04
-6.4440615086e-02 3.7559889695e+00 2.5256722875e+00 9.9697065136e+00 6.6358731313e+00 0.0000000000e+00 8.5747108787e-04
-6.3582872606e-02 3.7550502105e+00 2.5263301879e+00 9.9662521703e+00 6.6352322949e+00 0.0000000000e+00 8.5768545483e-04
-6.2725244177e-02 3.7541271719e+00 2.5269899921e+00 9.9627863252e+00 6.6345556962e+00 0.0000000000e+00 8.5789633654e-04
-6.1867079933e-02 3.7531776413e+00 2.5276514013e+00 9.9593111767e+00 6.6339193935e+00 0.0000000000e+00 8.5811337899e-04
-6.1009017419e-02 3.7522624806e+00 2.5283146439e+00 9.9558250409e+00 6.6332146887e+00 0.0000000000e+00 8.5832266915e-04
-6.0150434595e-02 3.7512956383e+00 2.5289794734e+00 9.9523297570e+00 6.6325949196e+00 0.0000000000e+00 8.5854388943e-04
-5.9291929640e-02 3.7503622844e+00 2.5296461844e+00 9.9488231694e+00 6.6319080765e+00 0.0000000000e+00 8.5875755554e-04
-5.8432919484e-02 3.7494200101e+00 2.5303144703e+00 9.9453074807e+00 6.6312305997e+00 0.0000000000e+00 8.5897337164e-04
-5.7573982897e-02 3.7484726800e+00 2.5309845821e+00 9.9417808493e+00 6.6305544271e+00 0.0000000000e+00 8.5919045506e-04
-5.6714538574e-02 3.7475063072e+00 2.5316561896e+00 9.9382456502e+00 6.6299058864e+00 0.0000000000e+00 8.5941201527e-04
-5.5855158866e-02 3.7465663983e+00 2.5323294416e+00 9.9347007650e+00 6.6292037221e+00 0.0000000000e+00 8.5962761775e-04
-5.4995283338e-02 3.7455840625e+00 2.5330039668e+00 9.9311489555e+00 6.6285716659e+00 0.0000000000e+00 8.5985306803e-04
-5.4135452730e-02 3.7446577032e+00 2.5336798785e+00 9.9275894339e+00 6.6278350525e+00 0.0000000000e+00 8.6006577984e-04
-5.3275151779e-02 3.7436749399e+00 2.5343567644e+00 9.9240253546e+00 6.6271948780e+00 0.0000000000e+00 8.6029155827e-04
-5.2414869613e-02 3.7427261089e+00 2.5350348336e+00 9.9204553146e+00 6.6264903081e+00 0.0000000000e+00 8.6050965367e-04
-5.1554132471e-02 3.7417517570e+00 2.5357137206e+00 9.9168820731e+00 6.6258284335e+00 0.0000000000e+00 8.6073373032e-04
-5.0693402153e-02 3.7407988908e+00 2.5363938284e+00 9.9133027469e+00 6.6251240954e+00 0.0000000000e+00 8.6095297870e-04
-4.9832226514e-02 3.7398239913e+00 2.5370749484e+00 9.9097188469e+00 6.6244553688e+00 0.0000000000e+00 8.6117741242e-04
-4.8971047328e-02 3.7388614332e+00 2.5377574292e+00 9.9061278104e+00 6.6237596575e+00 0.0000000000e+00 8.6139911984e-04
-4.8109428274e-02 3.7378899925e+00 2.5384410183e+00 9.9025314147e+00 6.6230757423e+00 0.0000000000e+00 8.6162298896e-04
-4.7247801350e-02 3.7369233064e+00 2.5391260328e+00 9.8989273394e+00 6.6223779081e+00 0.0000000000e+00 8.6184587792e-04
-4.6385736518e-02 3.7359446855e+00 2.5398121851e+00 9.8953176543e+00 6.6216971124e+00 0.0000000000e+00 8.6207163619e-04
-4.5523658078e-02 3.7349703923e+00 2.5404998438e+00 9.8916997043e+00 6.6210027559e+00 0.0000000000e+00 8.6229651361e-04
-4.4661143491e-02 3.7339987000e+00 2.5411886910e+00 9.8880757757e+00 6.6202994231e+00 0.0000000000e+00 8.6252090762e-04
-4.3798616262e-02 3.7330151320e+00 2.5418789600e+00 9.8844442109e+00 6.6196116686e+00 0.0000000000e+00 8.6274816303e-04
-4.2935647165e-02 3.7320357100e+00 2.5425703156e+00 9.8808074318e+00 6.6189127058e+00 0.0000000000e+00 8.6297457956e-04
-4.2072667103e-02 3.7310574652e+00 2.5432629283e+00 9.8771642348e+00 6.6182069875e+00 0.0000000000e+00 8.6320084259e-04
-4.1209245480e-02 3.7300687213e+00 2.5439564245e+00 9.8735173526e+00 6.6175170556e+00 0.0000000000e+00 8.6342965462e-04
-4.0345807794e-02 3.7290985068e+00 2.5446509263e+00 9.8698659204e+00 6.6167908292e+00 0.0000000000e+00 8.6365429657e-04
-3.9481936887e-02 3.7280927059e+00 2.5453460160e+00 9.8662130026e+00 6.6161263820e+00 0.0000000000e+00 8.6388730157e-04
-3.8618033191e-02 3.7271122320e+00 2.5460418305e+00 9.8625576065e+00 6.6154149597e+00 0.0000000000e+00 8.6411456035e-04
-3.7753707766e-02 3.7261290067e+00 2.5467380178e+00 9.8589022616e+00 6.6147080816e+00 0.0000000000e+00 8.6434257695e-04
-3.6889348037e-02 3.7251442538e+00 2.5474348284e+00 9.8552451196e+00 6.6140023367e+00 0.0000000000e+00 8.6457106848e-04
-3.6024565629e-02 3.7241464452e+00 2.5481320225e+00 9.8515879008e+00 6.6133193511e+00 0.0000000000e+00 8.6480271256e-04
-3.5159742612e-02 3.7231723762e+00 2.5488299241e+00 9.8479281821e+00 6.6125921574e+00 0.0000000000e+00 8.6502896518e-04
-3.4294507699e-02 3.7221711607e+00 2.5495283862e+00 9.8442669358e+00 6.6119117786e+00 0.0000000000e+00 8.6526164667e-04
-3.3429219319e-02 3.7212029237e+00 2.5502278591e+00 9.8406007683e+00 6.6111691368e+00 0.0000000000e+00 8.6548678311e-04
-3.2563534133e-02 3.7201941213e+00 2.5509281415e+00 9.8369310067e+00 6.6104957738e+00 0.0000000000e+00 8.6572147654e-04
-3.1697776366e-02 3.7192110037e+00 2.5516295848e+00 9.8332549550e+00 6.6097721703e+00 0.0000000000e+00 8.6595031703e-04
-3.0831633498e-02 3.7182173642e+00 2.5523319113e+00 9.8295744638e+00 6.6090639016e+00 0.0000000000e+00 8.6618172966e-04
-2.9965412906e-02 3.7172271034e+00 2.5530354985e+00 9.8258867219e+00 6.6083443711e+00 0.0000000000e+00 8.6641247848e-04
-2.9098808542e-02 3.7162211827e+00 2.5537400020e+00 9.8221941417e+00 6.6076490464e+00 0.0000000000e+00 8.6664700226e-04
-2.8232118902e-02 3.7152250888e+00 2.5544457038e+00 9.8184946558e+00 6.6069312230e+00 0.0000000000e+00 8.6687936014e-04
-2.7365049821e-02 3.7142305824e+00 2.5551521575e+00 9.8147914185e+00 6.6062076658e+00 0.0000000000e+00 8.6711147201e-04
-2.6497895958e-02 3.7132291917e+00 2.5558595446e+00 9.8110831104e+00 6.6054925537e+00 0.0000000000e+00 8.6734531628e-04
-2.5630359189e-02 3.7122233661e+00 2.5565675440e+00 9.8073720167e+00 6.6047830703e+00 0.0000000000e+00 8.6758032319e-04
-2.4762735311e-02 3.7112233815e+00 2.5572764814e+00 9.8036558206e+00 6.6040593712e+00 0.0000000000e+00 8.6781409164e-04
-2.3894731005e-02 3.7102174335e+00 2.5579861470e+00 9.7999360911e+00 6.6033435148e+00 0.0000000000e+00 8.6804938133e-04
-2.3026636549e-02 3.7092212181e+00 2.5586969159e+00 9.7962102543e+00 6.6026058289e+00 0.0000000000e+00 8.6828252032e-04
-2.2158165965e-02 3.7082078990e+00 2.5594085994e+00 9.7924798252e+00 6.6018951013e+00 0.0000000000e+00 8.6851979054e-04
-2.1289596968e-02 3.7071995298e+00 2.5601216098e+00 9.7887420137e+00 6.6011701926e+00 0.0000000000e+00 8.6875603048e-04
-2.0420653904e-02 3.7061924643e+00 2.5608357392e+00 9.7849984080e+00 6.6004386593e+00 0.0000000000e+00 8.6899209331e-04
-1.9551612781e-02 3.7051706878e+00 2.5615514306e+00 9.7812459173e+00 6.5997269367e+00 0.0000000000e+00 8.6923173562e-04
-1.8682190433e-02 3.7041682328e+00 2.5622684319e+00 9.7774863090e+00 6.5989755962e+00 0.0000000000e+00 8.6946697486e-04
-1.7812678831e-02 3.7031587428e+00 2.5629870442e+00 9.7737174008e+00 6.5982301054e+00 0.0000000000e+00 8.6970399364e-04
-1.6942782445e-02 3.7021258221e+00 2.5637069748e+00 9.7699412890e+00 6.5975210990e+00 0.0000000000e+00 8.6994664754e-04
-1.6072785536e-02 3.7011061286e+00 2.5644284124e+00 9.7661566532e+00 6.5967823630e+00 0.0000000000e+00 8.7018632695e-04
-1.5202409791e-02 3.7000846784e+00 2.5651510339e+00 9.7623658829e+00 6.5960422067e+00 0.0000000000e+00 8.7042655172e-04
-1.4331932433e-02 3.6990607857e+00 2.5658751272e+00 9.7585670615e+00 6.5953005551e+00 0.0000000000e+00 8.7066748407e-04
-1.3461074823e-02 3.6980308055e+00 2.5666004082e+00 9.7547623390e+00 6.5945653594e+00 0.0000000000e+00 8.7090998349e-04
-1.2590112466e-02 3.6970024194e+00 2.5673271328e+00 9.7509499638e+00 6.5938217355e+00 0.0000000000e+00 8.7115224237e-04
-1.1718770338e-02 3.6959744138e+00 2.5680549924e+00 9.7471321104e+00 6.5930733138e+00 0.0000000000e+00 8.7139454638e-04
-1.0847323373e-02 3.6949520093e+00 2.5687842531e+00 9.7433067722e+00 6.5923094181e+00 0.0000000000e+00 8.7163566390e-04
-9.9754990107e-03 3.6939110570e+00 2.5695146785e+00 9.7394754819e+00 6.5915741687e+00 0.0000000000e+00 8.7188129276e-04
-9.1035607874e-03 3.6928674185e+00 2.5702465767e+00 9.7356358989e+00 6.5908376849e+00 0.0000000000e+00 8.7212769448e-04
-8.2312436217e-03 3.6918439878e+00 2.5709796672e+00 9.7317898707e+00 6.5900603486e+00 0.0000000000e+00 8.7236946047e-04
-7.3588218665e-03 3.6907860487e+00 2.5717142578e+00 9.7279352162e+00 6.5893383468e+00 0.0000000000e+00 8.7261951932e-04
-6.4860045831e-03 3.6897388474e+00 2.5724500890e+00 9.7240738279e+00 6.5885921946e+00 0.0000000000e+00 8.7286718138e-04
-5.6130875037e-03 3.6886904619e+00 2.5731873928e+00 9.7202041695e+00 6.5878421284e+00 0.0000000000e+00 8.7311526434e-04
-4.7397740544e-03 3.6876258024e+00 2.5739258111e+00 9.7163289150e+00 6.5871169119e+00 0.0000000000e+00 8.7336734265e-04
-3.8663528184e-03 3.6865632357e+00 2.5746654657e+00 9.7124472631e+00 6.5863831989e+00 0.0000000000e+00 8.7361907060e-04
-2.9925359132e-03 3.6854845359e+00 2.5754060074e+00 9.7085616777e+00 6.5856752233e+00 0.0000000000e+00 8.7387476906e-04
-2.1186032803e-03 3.6844420850e+00 2.5761476214e+00 9.7046706571e+00 6.5848983599e+00 0.0000000000e+00 8.7412201724e-04
-1.2442918787e-03 3.6833637373e+00 2.5768899865e+00 9.7007762376e+00 6.5841829164e+00 0.0000000000e+00 8.7437792665e-04
-3.6984742702e-04 3.6822023142e+00 2.5776332809e+00 9.6968769732e+00 6.5836122961e+00 0.0000000000e+00 8.7465371885e-04
5.0501555897e-04 3.6811442366e+00 2.5783772127e+00 9.6929745233e+00 6.5828543385e+00 0.0000000000e+00 8.7490512209e-04
1.3799628172e-03 3.6800488914e+00 2.5791220363e+00 9.6890668773e+00 6.5821590713e+00 0.0000000000e+00 8.7516553252e-04
2.2553466240e-03 3.6790507049e+00 2.5798675405e+00 9.6851553059e+00 6.5812869153e+00 0.0000000000e+00 8.7540297922e-04
3.1307687756e-03 3.6781165624e+00 2.5806139339e+00 9.6812381418e+00 6.5802959053e+00 0.0000000000e+00 8.7562530798e-04
4.0065972400e-03 3.6768251976e+00 2.5813609658e+00 9.6773177601e+00 6.5799414169e+00 0.0000000000e+00 8.7593284278e-04
4.8826344612e-03 3.6761281115e+00 2.5821089154e+00 9.6733917570e+00 6.5785192080e+00 0.0000000000e+00 8.7609894162e-04
5.7587951232e-03 3.6751461656e+00 2.5828573316e+00 9.6694637296e+00 6.5776048721e+00 0.0000000000e+00 8.7633302259e-04
6.6353005063e-03 3.6741521170e+00 2.5836067560e+00 9.6655302134e+00 6.5767079761e+00 0.0000000000e+00 8.7657011608e-04
7.5119353554e-03 3.6732738530e+00 2.5843564786e+00 9.6615961647e+00 6.5756029576e+00 0.0000000000e+00 8.7677970024e-04
8.3888599068e-03 3.6715517549e+00 2.5851069633e+00 9.6576594403e+00 6.5760066077e+00 0.0000000000e+00 8.7719094342e-04
9.2663172422e-03 3.6701584500e+00 2.5858579377e+00 9.6537221789e+00 6.5758211195e+00 0.0000000000e+00 8.7752395207e-04
1.0143907811e-02 3.6694684733e+00 2.5866094188e+00 9.6497828336e+00 6.5743737165e+00 0.0000000000e+00 8.7768895446e-04
1.1021695151e-02 3.6684616397e+00 2.5873611129e+00 9.6458442689e+00 6.5734940258e+00 0.0000000000e+00 8.7792984201e-04
1.1899767495e-02 3.6666913449e+00 2.5881133842e+00 9.6419043542e+00 6.5739814504e+00 0.0000000000e+00 8.7835371042e-04
1.2778402572e-02 3.6660206355e+00 2.5888661213e+00 9.6379626523e+00 6.5724961822e+00 0.0000000000e+00 8.7851440784e-04
1.3656796311e-02 3.6647667716e+00 2.5896191742e+00 9.6340206670e+00 6.5720557866e+00 0.0000000000e+00 8.7881498291e-04
1.4536032538e-02 3.6640732344e+00 2.5903728676e+00 9.6300754593e+00 6.5706079295e+00 0.0000000000e+00 8.7898132534e-04
1.5414758961e-02 3.6632764646e+00 2.5911267272e+00 9.6261301453e+00 6.5693445734e+00 0.0000000000e+00 8.7917250551e-04
1.6294377549e-02 3.6619105644e+00 2.5918813152e+00 9.6221815334e+00 6.5690992203e+00 0.0000000000e+00 8.7950043865e-04
1.7173759839e-02 3.6611297823e+00 2.5926362913e+00 9.6182315047e+00 6.5678028892e+00 0.0000000000e+00 8.7968800322e-04
1.8053753555e-02 3.6601196632e+00 2.5933917129e+00 9.6142796791e+00 6.5669162239e+00 0.0000000000e+00 8.7993077935e-04
1.8933621397e-02 3.6585769322e+00 2.5941476371e+00 9.6103265961e+00 6.5669840857e+00 0.0000000000e+00 8.8030182428e-04
1.9814357204e-02 3.6577111171e+00 2.5949041238e+00 9.6063710141e+00 6.5658349625e+00 0.0000000000e+00 8.8051020013e-04
2.0694641798e-02 3.6565351698e+00 2.5956608917e+00 9.6024155054e+00 6.5652421346e+00 0.0000000000e+00 8.8079337355e-04
2.1575943951e-02 3.6554362105e+00 2.5964184064e+00 9.5984566996e+00 6.5645084108e+00 0.0000000000e+00 8.8105817261e-04
2.2456758143e-02 3.6541613512e+00 2.5971762516e+00 9.5944978210e+00 6.5640901557e+00 0.0000000000e+00 8.8136555511e-04
2.3338675061e-02 3.6533262715e+00 2.5979349567e+00 9.5905347805e+00 6.5628786397e+00 0.0000000000e+00 8.8156701821e-04
2.4219892179e-02 3.6527315338e+00 2.5986939041e+00 9.5865713363e+00 6.5612345498e+00 0.0000000000e+00 8.8171055495e-04
2.5102096171e-02 3.6514251482e+00 2.5994536799e+00 9.5826040934e+00 6.5608657610e+00 0.0000000000e+00 8.8202600821e-04
2.5983944196e-02 3.6503835796e+00 2.6002139769e+00 9.5786349547e+00 6.5600194786e+00 0.0000000000e+00 8.8227767781e-04
2.6866651527e-02 3.6491880940e+00 2.6009749989e+00 9.5746625700e+00 6.5594471451e+00 0.0000000000e+00 8.8256671477e-04
2.7749077625e-02 3.6481837480e+00 2.6017365430e+00 9.5706880588e+00 6.5585293395e+00 0.0000000000e+00 8.8280968564e-04
2.8632270898e-02 3.6470424174e+00 2.6024986686e+00 9.5667110407e+00 6.5578556169e+00 0.0000000000e+00 8.8308595820e-04
2.9515249542e-02 3.6458120135e+00 2.6032614138e+00 9.5627314061e+00 6.5573398810e+00 0.0000000000e+00 8.8338398572e-04
3.0399038869e-02 3.6447456098e+00 2.6040247923e+00 9.5587489480e+00 6.5565268275e+00 0.0000000000e+00 8.8364245204e-04
3.1282534446e-02 3.6437130131e+00 2.6047886418e+00 9.5547648108e+00 6.5556513208e+00 0.0000000000e+00 8.8389286866e-04
3.2166824607e-02 3.6426738159e+00 2.6055529973e+00 9.5507788775e+00 6.5547859623e+00 0.0000000000e+00 8.8414502931e-04
3.3050824504e-02 3.6415761005e+00 2.6063175149e+00 9.5467938687e+00 6.5540260626e+00 0.0000000000e+00 8.8441154567e-04
3.3935647698e-02 3.6405081274e+00 2.6070817834e+00 9.5428108208e+00 6.5532135122e+00 0.0000000000e+00 8.8467099509e-04
3.4820166494e-02 3.6394288560e+00 2.6078460066e+00 9.5388329615e+00 6.5524243906e+00 0.0000000000e+00 8.8493334399e-04
3.5705514386e-02 3.6383152007e+00 2.6086097163e+00 9.5348568478e+00 6.5516979164e+00 0.0000000000e+00 8.8520421406e-04
3.6590574923e-02 3.6372355313e+00 2.6093732771e+00 9.5308847314e+00 6.5509125333e+00 0.0000000000e+00 8.8546697623e-04
3.7476448338e-02 3.6362141096e+00 2.6101367528e+00 9.5269168026e+00 6.5500246380e+00 0.0000000000e+00 8.8571570614e-04
3.8362006335e-02 3.6350833998e+00 2.6108996994e+00 9.5229496906e+00 6.5493337037e+00 0.0000000000e+00 8.8599121216e-04
3.9248430763e-02 3.6340021901e+00 2.6116626837e+00 9.5189867577e+00 6.5485560134e+00 0.0000000000e+00 8.8625481749e-04
4.0134515970e-02 3.6329150894e+00 2.6124253058e+00 9.5150256500e+00 6.5477897336e+00 0.0000000000e+00 8.8652001726e-04
4.1021470797e-02 3.6318153051e+00 2.6131878156e+00 9.5110681568e+00 6.5470483476e+00 0.0000000000e+00 8.8678847275e-04
4.1908092915e-02 3.6307648222e+00 2.6139498768e+00 9.5071116367e+00 6.5462182917e+00 0.0000000000e+00 8.8704504573e-04
4.2795560889e-02 3.6296801544e+00 2.6147120059e+00 9.5031590466e+00 6.5454521075e+00 0.0000000000e+00 8.8731012395e-04
4.3682713163e-02 3.6286306478e+00 2.6154737923e+00 9.4992074589e+00 6.5446227385e+00 0.0000000000e+00 8.8756676011e-04
4.4570694409e-02 3.6275212288e+00 2.6162355207e+00 9.4952590640e+00 6.5439031678e+00 0.0000000000e+00 8.8783820814e-04
4.5458389580e-02 3.6265201062e+00 2.6169969104e+00 9.4913118386e+00 6.5429885680e+00 0.0000000000e+00 8.8808330118e-04
4.6346861011e-02 3.6254063704e+00 2.6177583882e+00 9.4873681201e+00 6.5422790928e+00 0.0000000000e+00 8.8835612305e-04
4.7235101826e-02 3.6243478977e+00 2.6185196595e+00 9.4834256177e+00 6.5414702765e+00 0.0000000000e+00 8.8861556303e-04
4.8124092137e-02 3.6232340582e+00 2.6192809415e+00 9.4794858681e+00 6.5407628349e+00 0.0000000000e+00 8.8888873751e-04
4.9012879301e-02 3.6222011239e+00 2.6200420194e+00 9.4755474222e+00 6.5399097800e+00 0.0000000000e+00 8.8914221975e-04
4.9902376577e-02 3.6210831873e+00 2.6208031857e+00 9.4716118429e+00 6.5392117172e+00 0.0000000000e+00 8.8941672454e-04
5.0791712750e-02 3.6200482741e+00 2.6215641815e+00 9.4676771873e+00 6.5383639046e+00 0.0000000000e+00 8.8967099438e-04
5.1681718566e-02 3.6189432344e+00 2.6223252037e+00 9.4637447636e+00 6.5376438304e+00 0.0000000000e+00 8.8994265428e-04
5.2571598058e-02 3.6179062150e+00 2.6230860657e+00 9.4598132201e+00 6.5368010239e+00 0.0000000000e+00 8.9019774321e-04
5.3462114052e-02 3.6168080020e+00 2.6238469806e+00 9.4558838259e+00 6.5360698029e+00 0.0000000000e+00 8.9046804419e-04
5.4352534147e-02 3.6157767164e+00 2.6246077375e+00 9.4519551123e+00 6.5352176404e+00 0.0000000000e+00 8.9072202194e-04
5.5243558096e-02 3.6146663936e+00 2.6253685301e+00 9.4480284214e+00 6.5345092691e+00 0.0000000000e+00 8.9099562645e-04
5.6134525400e-02 3.6136313228e+00 2.6261291438e+00 9.4441024069e+00 6.5336648673e+00 0.0000000000e+00 8.9125083885e-04
5.7026059774e-02 3.6125279016e+00 2.6268898168e+00 9.4401786753e+00 6.5329451650e+00 0.0000000000e+00 8.9152306514e-04
5.7917571530e-02 3.6114967822e+00 2.6276502634e+00 9.4362554714e+00 6.5320946138e+00 0.0000000000e+00 8.9177760413e-04
5.8809614982e-02 3.6103870535e+00 2.6284107542e+00 9.4323348015e+00 6.5313875366e+00 0.0000000000e+00 8.9205171080e-04
5.9701674951e-02 3.6093547774e+00 2.6291709370e+00 9.4284144686e+00 6.5305401173e+00 0.0000000000e+00 8.9230683774e-04
6.0594228657e-02 3.6082525456e+00 2.6299311585e+00 9.4244970430e+00 6.5298208231e+00 0.0000000000e+00 8.9257941538e-04
6.1486833782e-02 3.6072126673e+00 2.6306909912e+00 9.4205797516e+00 6.5289883217e+00 0.0000000000e+00 8.9283672596e-04
6.2379902109e-02 3.6060990025e+00 2.6314508313e+00 9.4166656396e+00 6.5282911209e+00 0.0000000000e+00 8.9311245906e-04
6.3273058700e-02 3.6050736047e+00 2.6322101982e+00 9.4127514571e+00 6.5274336179e+00 0.0000000000e+00 8.9336648869e-04
6.4166635087e-02 3.6039697213e+00 2.6329695367e+00 9.4088407307e+00 6.5267201574e+00 0.0000000000e+00 8.9364012374e-04
6.5060338948e-02 3.6029421760e+00 2.6337283308e+00 9.4049298782e+00 6.5258679010e+00 0.0000000000e+00 8.9389498649e-04
6.5954425060e-02 3.6018469038e+00 2.6344870753e+00 9.4010228220e+00 6.5251404855e+00 0.0000000000e+00 8.9416680767e-04
6.6848672563e-02 3.6008110157e+00 2.6352452113e+00 9.3971156089e+00 6.5243049190e+00 0.0000000000e+00 8.9442404326e-04
6.7743273146e-02 3.5997196231e+00 2.6360033002e+00 9.3932126437e+00 6.5235724079e+00 0.0000000000e+00 8.9469522212e-04
6.8638063007e-02 3.5986766232e+00 2.6367607114e+00 9.3893095988e+00 6.5227516820e+00 0.0000000000e+00 8.9495453049e-04
6.9533182207e-02 3.5975781533e+00 2.6375180719e+00 9.3854112376e+00 6.5220342948e+00 0.0000000000e+00 8.9522779228e-04
7.0428518592e-02 3.5965409899e+00 2.6382746778e+00 9.3815127317e+00 6.5212052066e+00 0.0000000000e+00 8.9548595630e-04
7.1324154120e-02 3.5954459483e+00 2.6390312320e+00 9.3776194516e+00 6.5204842365e+00 0.0000000000e+00 8.9575868864e-04
7.2220035969e-02 3.5944055112e+00 2.6397869560e+00 9.3737261737e+00 6.5196637833e+00 0.0000000000e+00 8.9601797506e-04
7.3116190070e-02 3.5933063883e+00 2.6405426309e+00 9.3698386719e+00 6.5189533394e+00 0.0000000000e+00 8.9629204962e-04
7.4012620069e-02 3.5922755260e+00 2.6412973873e+00 9.3659512591e+00 6.5181186628e+00 0.0000000000e+00 8.9654925533e-04
7.4909288581e-02 3.5912020571e+00 2.6420520922e+00 9.3620703519e+00 6.5173653578e+00 0.0000000000e+00 8.9681724852e-04
7.5806254566e-02 3.5901704509e+00 2.6428058036e+00 9.3581898558e+00 6.5165359025e+00 0.0000000000e+00 8.9707494163e-04
7.6703438464e-02 3.5890719778e+00 2.6435594614e+00 9.3543167237e+00 6.5158324921e+00 0.0000000000e+00 8.9734950083e-04
7.7600953567e-02 3.5880554589e+00 2.6443120373e+00 9.3504443408e+00 6.5149803619e+00 0.0000000000e+00 8.9760372565e-04
7.8498645915e-02 3.5869698974e+00 2.6450644863e+00 9.3465798882e+00 6.5142586609e+00 0.0000000000e+00 8.9787537667e-04
7.9396704321e-02 3.5859402900e+00 2.6458157907e+00 9.3427168970e+00 6.5134359062e+00 0.0000000000e+00 8.9813317770e-04
8.0294912271e-02 3.5848629592e+00 2.6465668685e+00 9.3388623598e+00 6.5127052736e+00 0.0000000000e+00 8.9840308663e-04
8.1193510494e-02 3.5838335929e+00 2.6473167630e+00 9.3350103506e+00 6.5118888117e+00 0.0000000000e+00 8.9866113040e-04
8.2092234531e-02 3.5827487784e+00 2.6480662971e+00 9.3311672836e+00 6.5111788886e+00 0.0000000000e+00 8.9893323449e-04
8.2991376963e-02 3.5817276732e+00 2.6488145677e+00 9.3273276943e+00 6.5103551592e+00 0.0000000000e+00 8.9918950898e-04
8.3890613549e-02 3.5806419036e+00 2.6495623881e+00 9.3234980326e+00 6.5096554498e+00 0.0000000000e+00 8.9946217311e-04
8.4790301309e-02 3.5796224503e+00 2.6503088173e+00 9.3196726521e+00 6.5088377207e+00 0.0000000000e+00 8.9971833410e-04
8.5690050217e-02 3.5785557353e+00 2.6510546726e+00 9.3158581109e+00 6.5081130489e+00 0.0000000000e+00 8.9998652695e-04
8.6590274363e-02 3.5775413317e+00 2.6517990644e+00 9.3120491934e+00 6.5072967229e+00 0.0000000000e+00 9.0024171607e-04
8.7490533650e-02 3.5764682358e+00 2.6525427284e+00 9.3082519132e+00 6.5065948441e+00 0.0000000000e+00 9.0051182770e-04
8.8391298018e-02 3.5754657669e+00 2.6532847917e+00 9.3044611816e+00 6.5057686104e+00 0.0000000000e+00 9.0076430812e-04
8.9292062266e-02 3.5744066500e+00 2.6540259990e+00 9.3006830726e+00 6.5050538335e+00 0.0000000000e+00 9.0103120967e-04
9.0193360438e-02 3.5733954798e+00 2.6547655172e+00 9.2969127113e+00 6.5042567804e+00 0.0000000000e+00 9.0128617612e-04
9.1094634618e-02 3.5723355393e+00 2.6555040661e+00 9.2931558938e+00 6.5035575408e+00 0.0000000000e+00 9.0155359493e-04
9.1996467628e-02 3.5713486143e+00 2.6562408314e+00 9.2894077891e+00 6.5027310356e+00 0.0000000000e+00 9.0180273492e-04
9.2898240088e-02 3.5703062642e+00 2.6569765077e+00 9.2856739120e+00 6.5020149707e+00 0.0000000000e+00 9.0206601602e-04
9.3800599660e-02 3.5693009982e+00 2.6577103168e+00 9.2819495188e+00 6.5012375836e+00 0.0000000000e+00 9.0232007593e-04
9.4702880240e-02 3.5682653602e+00 2.6584429832e+00 9.2782401385e+00 6.5005256069e+00 0.0000000000e+00 9.0258196143e-04
9.5605763582e-02 3.5672696060e+00 2.6591737583e+00 9.2745410919e+00 6.4997477877e+00 0.0000000000e+00 9.0283390476e-04
9.6508548049e-02 3.5662382575e+00 2.6599033469e+00 9.2708575606e+00 6.4990452763e+00 0.0000000000e+00 9.0309500241e-04
9.7411953587e-02 3.5652503896e+00 2.6606309944e+00 9.2671845697e+00 6.4982704978e+00 0.0000000000e+00 9.0334523406e-04
9.8315238517e-02 3.5642354878e+00 2.6613573960e+00 9.2635269282e+00 6.4975553383e+00 0.0000000000e+00 9.0360245803e-04
9.9219158503e-02 3.5632461375e+00 2.6620818345e+00 9.2598795589e+00 6.4968003904e+00 0.0000000000e+00 9.0385334704e-04
1.0012294521e-01 3.5622292423e+00 2.6628050164e+00 9.2562469220e+00 6.4961055931e+00 0.0000000000e+00 9.0411136640e-04
1.0102738124e-01 3.5612598762e+00 2.6635262427e+00 9.2526236834e+00 6.4953303080e+00 0.0000000000e+00 9.0435746328e-04
1.0193166014e-01 3.5602464384e+00 2.6642462100e+00 9.2490139287e+00 6.4946444641e+00 0.0000000000e+00 9.0461489211e-04
1.0283661102e-01 3.5592847049e+00 2.6649642659e+00 9.2454124299e+00 6.4938696933e+00 0.0000000000e+00 9.0485932280e-04
1.0374137878e-01 3.5582776187e+00 2.6656811120e+00 9.2418233029e+00 6.4931859549e+00 0.0000000000e+00 9.0511542180e-04
1.0464684186e-01 3.5573140458e+00 2.6663961024e+00 9.2382415521e+00 6.4924275965e+00 0.0000000000e+00 9.0536059124e-04
1.0555209997e-01 3.5563199649e+00 2.6671098645e+00 9.2346711304e+00 6.4917324801e+00 0.0000000000e+00 9.0561366229e-04
1.0645806919e-01 3.5553604940e+00 2.6678217298e+00 9.2311073168e+00 6.4909784340e+00 0.0000000000e+00 9.0585805662e-04
1.0736381608e-01 3.5543750682e+00 2.6685323385e+00 9.2275544442e+00 6.4902790696e+00 0.0000000000e+00 9.0610919950e-04
1.0827028759e-01 3.5534265851e+00 2.6692410450e+00 9.2240079726e+00 6.4895163526e+00 0.0000000000e+00 9.0635105879e-04
1.0917651820e-01 3.5524237581e+00 2.6699484732e+00 9.2204716876e+00 6.4888596599e+00 0.0000000000e+00 9.0660691602e-04
1.1008350142e-01 3.5514837711e+00 2.6706540494e+00 9.2169405997e+00 6.4880914526e+00 0.0000000000e+00 9.0684687170e-04
1.1099021194e-01 3.5504847809e+00 2.6713585285e+00 9.2134181876e+00 6.4874367559e+00 0.0000000000e+00 9.0710202872e-04
1.1189770548e-01 3.5495536165e+00 2.6720614641e+00 9.2098992344e+00 6.4866601758e+00 0.0000000000e+00 9.0733999136e-04
1.1280489192e-01 3.5485568300e+00 2.6727636005e+00 9.2063868685e+00 6.4860077699e+00 0.0000000000e+00 9.0759486236e-04
1.1371289520e-01 3.5476166015e+00 2.6734644138e+00 9.2028765304e+00 6.4852530334e+00 0.0000000000e+00 9.0783540318e-04
1.1462056273e-01 3.5466335388e+00 2.6741644178e+00 9.1993727323e+00 6.4845808226e+00 0.0000000000e+00 9.0808703873e-04
1.1552906928e-01 3.5456938439e+00 2.6748628118e+00 9.1958733587e+00 6.4838320535e+00 0.0000000000e+00 9.0832770384e-04
1.1643721814e-01 3.5447125514e+00 2.6755597611e+00 9.1923848318e+00 6.4831666168e+00 0.0000000000e+00 9.0857915868e-04
1.1734622760e-01 3.5437788289e+00 2.6762543270e+00 9.1889063771e+00 6.4824208992e+00 0.0000000000e+00 9.0881855307e-04
1.1825485524e-01 3.5428066403e+00 2.6769467818e+00 9.1854434553e+00 6.4817561244e+00 0.0000000000e+00 9.0906794379e-04
1.1916436348e-01 3.5418823680e+00 2.6776366772e+00 9.1819922090e+00 6.4810115463e+00 0.0000000000e+00 9.0930516971e-04
1.2007346558e-01 3.5409164009e+00 2.6783250482e+00 9.1785535210e+00 6.4803517521e+00 0.0000000000e+00 9.0955322947e-04
1.2098346994e-01 3.5399982445e+00 2.6790122132e+00 9.1751194598e+00 6.4796073516e+00 0.0000000000e+00 9.0978913697e-04
1.2189304386e-01 3.5390366197e+00 2.6796992815e+00 9.1716879226e+00 6.4789439248e+00 0.0000000000e+00 9.1003634431e-04
1.2280354263e-01 3.5381118328e+00 2.6803868313e+00 9.1682527678e+00 6.4782101308e+00 0.0000000000e+00 9.1027420836e-04
1.2371359227e-01 3.5371447236e+00 2.6810766800e+00 9.1648020376e+00 6.4775424487e+00 0.0000000000e+00 9.1052309120e-04
1.2462458881e-01 3.5362074461e+00 2.6817728938e+00 9.1613093480e+00 6.4767900976e+00 0.0000000000e+00 9.1076442682e-04
1.2553512113e-01 3.5352105666e+00 2.6824834797e+00 9.1577215000e+00 6.4760792374e+00 0.0000000000e+00 9.1102124954e-04
1.2644663131e-01 3.5341702096e+00 2.6832239541e+00 9.1539327891e+00 6.4753055500e+00 0.0000000000e+00 9.1128942772e-04
1.2735769998e-01 3.5330197944e+00 2.6840270393e+00 9.1497732274e+00 6.4744706793e+00 0.0000000000e+00 9.1158616003e-04
1.2826980363e-01 3.5318719826e+00 2.6848738939e+00 9.1454043135e+00 6.4734823053e+00 0.0000000000e+00 9.1188241353e-04
1.2918146481e-01 3.5308260003e+00 2.6856235152e+00 9.1416452827e+00 6.4727384484e+00 0.0000000000e+00 9.1215255225e-04
1.3009410874e-01 3.5301539147e+00 2.6861733456e+00 9.1391456009e+00 6.4722005199e+00 0.0000000000e+00 9.1232621169e-04
1.3100611723e-01 3.5298455433e+00 2.6864829131e+00 9.1381284891e+00 6.4720455732e+00 0.0000000000e+00 9.1240591357e-04
1.3191892056e-01 3.5299553857e+00 2.6865985918e+00 9.1386070200e+00 6.4721830884e+00 0.0000000000e+00 9.1237752205e-04
1.3283087228e-01 3.5305979455e+00 2.6863946084e+00 9.1409888328e+00 6.4726917182e+00 0.0000000000e+00 9.1221147167e-04
1.3374334351e-01 3.5324045051e+00 2.6856173193e+00 9.1474173484e+00 6.4739310965e+00 0.0000000000e+00 9.1174494401e-04
1.3465436216e-01 3.5363672471e+00 2.6836546456e+00 9.1618149869e+00 6.4768548816e+00 0.0000000000e+00 9.1072327129e-04
1.3556479005e-01 3.5445519106e+00 2.6794294944e+00 9.1914946937e+00 6.4828326158e+00 0.0000000000e+00 9.0862033593e-04
1.3647160284e-01 3.5605283518e+00 2.6710226543e+00 9.2496166888e+00 6.4945534586e+00 0.0000000000e+00 9.0454326703e-04
1.3737387658e-01 3.5905334838e+00 2.6551631107e+00 9.3590349478e+00 6.5164654431e+00 0.0000000000e+00 8.9698423989e-04
1.3826557132e-01 3.6444396481e+00 2.6268703818e+00 9.5566259422e+00 6.5556209355e+00 0.0000000000e+00 8.8371663649e-04
1.3914130986e-01 3.7288763483e+00 2.5798133272e+00 9.8772569228e+00 6.6221402911e+00 0.0000000000e+00 8.6370575125e-04
1.3999298282e-01 3.8215110339e+00 2.5294289608e+00 1.0233889244e+01 6.6949232603e+00 0.0000000000e+00 8.4276923948e-04
1.4082684834e-01 3.8880361583e+00 2.4979562164e+00 1.0478616160e+01 6.7377306520e+00 0.0000000000e+00 8.2834927881e-04
1.4164968138e-01 3.9224339775e+00 2.4831883741e+00 1.0601263216e+01 6.7568143128e+00 0.0000000000e+00 8.2108506254e-04
1.4246901846e-01 3.9365487307e+00 2.4777120049e+00 1.0649942986e+01 6.7635025718e+00 0.0000000000e+00 8.1814100829e-04
1.4328596339e-01 3.9411547858e+00 2.4761796328e+00 1.0665427205e+01 6.7654201528e+00 0.0000000000e+00 8.1718484118e-04
1.4410338814e-01 3.9423801936e+00 2.4759573375e+00 1.0669169521e+01 6.7656903933e+00 0.0000000000e+00 8.1693083609e-04
1.4491982507e-01 3.9425224451e+00 2.4760922817e+00 1.0669641400e+01 6.7657455022e+00 0.0000000000e+00 8.1690136013e-04
1.4573719086e-01 3.9421955211e+00 2.4764133010e+00 1.0668266836e+01 6.7654348822e+00 0.0000000000e+00 8.1696910528e-04
1.4655376328e-01 3.9413160335e+00 2.4770158106e+00 1.0664946524e+01 6.7648384663e+00 0.0000000000e+00 8.1715140840e-04
1.4737149368e-01 3.9403246874e+00 2.4776999417e+00 1.0660990425e+01 6.7640304233e+00 0.0000000000e+00 8.1735699548e-04
1.4818847727e-01 3.9394759811e+00 2.4782505385e+00 1.0657899031e+01 6.7635258356e+00 0.0000000000e+00 8.1753308389e-04
1.4900655985e-01 3.9388669000e+00 2.4787136825e+00 1.0655501274e+01 6.7630498472e+00 0.0000000000e+00 8.1765950195e-04
1.4982379627e-01 3.9382653926e+00 2.4791463020e+00 1.0653398011e+01 6.7627476496e+00 0.0000000000e+00 8.1778438645e-04
1.5064212862e-01 3.9377815466e+00 2.4795690853e+00 1.0651354504e+01 6.7622812350e+00 0.0000000000e+00 8.1788486984e-04
1.5145956601e-01 3.9372179983e+00 2.4799920842e+00 1.0649325367e+01 6.7619607114e+00 0.0000000000e+00 8.1800193668e-04
1.5227813250e-01 3.9367124254e+00 2.4804170583e+00 1.0647286353e+01 6.7615342466e+00 0.0000000000e+00 8.1810698871e-04
1.5309577999e-01 3.9361445489e+00 2.4808466548e+00 1.0645213782e+01 6.7611933771e+00 0.0000000000e+00 8.1822501885e-04
1.5391458253e-01 3.9356195671e+00 2.4812816185e+00 1.0643095754e+01 6.7607498467e+00 0.0000000000e+00 8.1833416385e-04
1.5473244832e-01 3.9350280379e+00 2.4817219588e+00 1.0640932384e+01 6.7603917188e+00 0.0000000000e+00 8.1845717914e-04
1.5555149689e-01 3.9344830639e+00 2.4821657497e+00 1.0638746744e+01 6.7599393435e+00 0.0000000000e+00 8.1857054547e-04
1.5636958941e-01 3.9338787671e+00 2.4826087665e+00 1.0636569862e+01 6.7595943418e+00 0.0000000000e+00 8.1869628894e-04
1.5718888947e-01 3.9333402506e+00 2.4830506476e+00 1.0634405251e+01 6.7591439930e+00 0.0000000000e+00 8.1880837724e-04
1.5800720616e-01 3.9327514553e+00 2.4834920956e+00 1.0632233057e+01 6.7587751081e+00 0.0000000000e+00 8.1893096585e-04
1.5882675140e-01 3.9322038237e+00 2.4839346856e+00 1.0630047820e+01 6.7583270708e+00 0.0000000000e+00 8.1904501703e-04
1.5964529620e-01 3.9316004032e+00 2.4843806242e+00 1.0627840260e+01 6.7579606076e+00 0.0000000000e+00 8.1917072372e-04
1.6046509285e-01 3.9310270601e+00 2.4848309790e+00 1.0625602652e+01 6.7575232184e+00 0.0000000000e+00 8.1929020037e-04
1.6128387660e-01 3.9304044622e+00 2.4852856184e+00 1.0623329813e+01 6.7571479697e+00 0.0000000000e+00 8.1941998048e-04
1.6210393281e-01 3.9298075030e+00 2.4857433823e+00 1.0621025333e+01 6.7567083912e+00 0.0000000000e+00 8.1954445484e-04
1.6292296551e-01 3.9291621051e+00 2.4862036295e+00 1.0618693729e+01 6.7563347124e+00 0.0000000000e+00 8.1967907192e-04
1.6374329095e-01 3.9285632625e+00 2.4866663107e+00 1.0616337419e+01 6.7558651279e+00 0.0000000000e+00 8.1980401803e-04
1.6456257354e-01 3.9279159816e+00 2.4871318908e+00 1.0613953961e+01 6.7554614269e+00 0.0000000000e+00 8.1993911346e-04
1.6538316918e-01 3.9272345779e+00 2.4876004872e+00 1.0611542087e+01 6.7550981974e+00 0.0000000000e+00 8.2008137886e-04
1.6620273630e-01 3.9265629751e+00 2.4880721334e+00 1.0609101216e+01 6.7546995191e+00 0.0000000000e+00 8.2022164629e-04
1.6702361247e-01 3.9258645338e+00 2.4885472408e+00 1.0606628795e+01 6.7543267886e+00 0.0000000000e+00 8.2036757000e-04
1.6784347144e-01 3.9253029051e+00 2.4890268571e+00 1.0604117288e+01 6.7536936282e+00 0.0000000000e+00 8.2048494743e-04
1.6866458237e-01 3.9246326184e+00 2.4895125618e+00 1.0601554310e+01 6.7532144666e+00 0.0000000000e+00 8.2062507778e-04
1.6948472159e-01 3.9240199762e+00 2.4900036156e+00 1.0598944400e+01 6.7526060419e+00 0.0000000000e+00 8.2075319883e-04
1.7030608877e-01 3.9232222419e+00 2.4904982994e+00 1.0596300357e+01 6.7522942264e+00 0.0000000000e+00 8.2092008791e-04
1.7112656177e-01 3.9224808466e+00 2.4909950833e+00 1.0593634776e+01 6.7518715770e+00 0.0000000000e+00 8.2107525152e-04
1.7194823927e-01 3.9219549704e+00 2.4914945081e+00 1.0590945050e+01 6.7510623718e+00 0.0000000000e+00 8.2118534558e-04
1.7276893246e-01 3.9214779328e+00 2.4919966628e+00 1.0588231452e+01 6.7501536627e+00 0.0000000000e+00 8.2128524064e-04
1.7359080975e-01 3.9206701151e+00 2.4924998818e+00 1.0585506605e+01 6.7498069808e+00 0.0000000000e+00 8.2145445884e-04
1.7441184138e-01 3.9198470414e+00 2.4930040609e+00 1.0582770127e+01 6.7494790072e+00 0.0000000000e+00 8.2162694455e-04
1.7523406364e-01 3.9188005720e+00 2.4935110519e+00 1.0580007292e+01 6.7495188245e+00 0.0000000000e+00 8.2184635031e-04
1.7605553408e-01 3.9181413360e+00 2.4940224087e+00 1.0577206339e+01 6.7488672762e+00 0.0000000000e+00 8.2198462779e-04
1.7687803289e-01 3.9173366745e+00 2.4945359678e+00 1.0574385260e+01 6.7484531833e+00 0.0000000000e+00 8.2215347194e-04
1.7769984102e-01 3.9168530249e+00 2.4950511541e+00 1.0571549571e+01 6.7474765482e+00 0.0000000000e+00 8.2225499075e-04
1.7852254288e-01 3.9156110854e+00 2.4955688531e+00 1.0568695604e+01 6.7477945163e+00 0.0000000000e+00 8.2251579064e-04
1.7934487261e-01 3.9152044249e+00 2.4960877048e+00 1.0565829025e+01 6.7466649747e+00 0.0000000000e+00 8.2260122288e-04
1.8016774532e-01 3.9141981590e+00 2.4966057504e+00 1.0562969364e+01 6.7465729472e+00 0.0000000000e+00 8.2281269800e-04
1.8099049800e-01 3.9131864199e+00 2.4971241757e+00 1.0560104892e+01 6.7464872352e+00 0.0000000000e+00 8.2302543301e-04
1.8181379619e-01 3.9125846681e+00 2.4976435288e+00 1.0557230201e+01 6.7456880146e+00 0.0000000000e+00 8.2315201356e-04
1.8263680203e-01 3.9118482885e+00 2.4981635193e+00 1.0554346667e+01 6.7451150254e+00 0.0000000000e+00 8.2330696647e-04
1.8346041012e-01 3.9115213785e+00 2.4986845549e+00 1.0551449727e+01 6.7438272134e+00 0.0000000000e+00 8.2337577533e-04
1.8428355358e-01 3.9107393948e+00 2.4992076838e+00 1.0548531369e+01 6.7433100904e+00 0.0000000000e+00 8.2354041590e-04
1.8510749095e-01 3.9100116832e+00 2.4997322516e+00 1.0545596813e+01 6.7426888126e+00 0.0000000000e+00 8.2369368910e-04
1.8593094096e-01 3.9090117220e+00 2.5002577131e+00 1.0542650739e+01 6.7425294991e+00 0.0000000000e+00 8.2390439753e-04
1.8675529975e-01 3.9083991594e+00 2.5007840297e+00 1.0539693452e+01 6.7416946311e+00 0.0000000000e+00 8.2403352789e-04
1.8757900801e-01 3.9074754636e+00 2.5013106047e+00 1.0536730612e+01 6.7413926906e+00 0.0000000000e+00 8.2422832278e-04
1.8840375639e-01 3.9067939234e+00 2.5018380123e+00 1.0533759320e+01 6.7406673647e+00 0.0000000000e+00 8.2437210942e-04
1.8922775223e-01 3.9056936548e+00 2.5023668657e+00 1.0530777648e+01 6.7406577287e+00 0.0000000000e+00 8.2460434237e-04
1.9005296508e-01 3.9050211020e+00 2.5028979784e+00 1.0527781907e+01 6.7399007788e+00 0.0000000000e+00 8.2474636209e-04
1.9087724496e-01 3.9039022607e+00 2.5034320460e+00 1.0524769968e+01 6.7399036048e+00 0.0000000000e+00 8.2498273078e-04
1.9170293054e-01 3.9036003063e+00 2.5039696425e+00 1.0521739620e+01 6.7384842160e+00 0.0000000000e+00 8.2504654550e-04
1.9252733805e-01 3.9029740360e+00 2.5045105302e+00 1.0518698564e+01 6.7376175621e+00 0.0000000000e+00 8.2517893228e-04
1.9335328840e-01 3.9023251351e+00 2.5050551928e+00 1.0515650470e+01 6.7367851899e+00 0.0000000000e+00 8.2531614775e-04
1.9417797034e-01 3.9013939117e+00 2.5056032930e+00 1.0512609936e+01 6.7364448283e+00 0.0000000000e+00 8.2551314238e-04
1.9500431469e-01 3.9005346661e+00 2.5061551639e+00 1.0509590472e+01 6.7359935060e+00 0.0000000000e+00 8.2569499401e-04
1.9582936033e-01 3.8997057063e+00 2.5067117718e+00 1.0506603850e+01 6.7355107294e+00 0.0000000000e+00 8.2587051185e-04
1.9665605571e-01 3.8988990918e+00 2.5072755757e+00 1.0503670097e+01 6.7350230470e+00 0.0000000000e+00 8.2604137011e-04
1.9748144307e-01 3.8980466307e+00 2.5078486497e+00 1.0500820281e+01 6.7346682042e+00 0.0000000000e+00 8.2622201652e-04
1.9830849975e-01 3.8973080164e+00 2.5084315895e+00 1.0498073691e+01 6.7341827015e+00 0.0000000000e+00 8.2637860138e-04
1.9913420027e-01 3.8966113670e+00 2.5090292533e+00 1.0495465466e+01 6.7337132690e+00 0.0000000000e+00 8.2652634415e-04
1.9996155243e-01 3.8960004731e+00 2.5096704821e+00 1.0493184935e+01 6.7333057371e+00 0.0000000000e+00 8.2665594368e-04
2.0078751216e-01 3.8957016010e+00 2.5104030801e+00 1.0491555999e+01 6.7327769641e+00 0.0000000000e+00 8.2671936343e-04
2.0161499116e-01 3.8954305156e+00 2.5112321328e+00 1.0490598622e+01 6.7326310788e+00 0.0000000000e+00 8.2677689534e-04
2.0244106595e-01 3.8951929286e+00 2.5120668936e+00 1.0489744970e+01 6.7324938474e+00 0.0000000000e+00 8.2682732455e-04
2.0326864581e-01 3.8948336779e+00 2.5128494584e+00 1.0488446382e+01 6.7322813046e+00 0.0000000000e+00 8.2690358924e-04
2.0409487313e-01 3.8942917157e+00 2.5135220204e+00 1.0486393569e+01 6.7319003909e+00 0.0000000000e+00 8.2701866805e-04
2.0492268315e-01 3.8934126308e+00 2.5140581039e+00 1.0483322592e+01 6.7314484660e+00 0.0000000000e+00 8.2720539875e-04
2.0574928393e-01 3.8923393692e+00 2.5144526534e+00 1.0479065533e+01 6.7305703198e+00 0.0000000000e+00 8.2743348979e-04
2.0657755013e-01 3.8909111289e+00 2.5147040052e+00 1.0473658991e+01 6.7295670885e+00 0.0000000000e+00 8.2773721656e-04
2.0740475836e-01 3.8892216755e+00 2.5148178219e+00 1.0467324132e+01 6.7284183094e+00 0.0000000000e+00 8.2809678040e-04
2.0823374369e-01 3.8873517941e+00 2.5148330356e+00 1.0460275585e+01 6.7271217904e+00 0.0000000000e+00 8.2849510882e-04
2.0906174858e-01 3.8852545159e+00 2.5147902732e+00 1.0452409054e+01 6.7256913357e+00 0.0000000000e+00 8.2894233430e-04
2.0989162835e-01 3.8829384696e+00 2.5145935537e+00 1.0443808129e+01 6.7241653525e+00 0.0000000000e+00 8.2943677138e-04
2.1072062212e-01 3.8802543158e+00 2.5142459541e+00 1.0433675624e+01 6.7222885248e+00 0.0000000000e+00 8.3001053169e-04
2.1155164942e-01 3.8771401022e+00 2.5136562363e+00 1.0421938356e+01 6.7201197799e+00 0.0000000000e+00 8.3067721641e-04
2.1238197655e-01 3.8734525036e+00 2.5128044990e+00 1.0408076296e+01 6.7175706209e+00 0.0000000000e+00 8.3146803653e-04
2.1321458549e-01 3.8691844229e+00 2.5116443125e+00 1.0391960321e+01 6.7145677134e+00 0.0000000000e+00 8.3238522534e-04
2.1404674700e-01 3.8642580715e+00 2.5101725153e+00 1.0373496407e+01 6.7111824670e+00 0.0000000000e+00 8.3344639206e-04
2.1488147828e-01 3.8588964752e+00 2.5084294696e+00 1.0353088392e+01 6.7072856571e+00 0.0000000000e+00 8.3460439231e-04
2.1571595579e-01 3.8534390714e+00 2.5066278460e+00 1.0332390192e+01 6.7033564052e+00 0.0000000000e+00 8.3578639446e-04
2.1655305106e-01 3.8483659578e+00 2.5050982364e+00 1.0313402922e+01 6.6998584825e+00 0.0000000000e+00 8.3688817099e-04
2.1738973213e-01 3.8438426521e+00 2.5038475419e+00 1.0296473633e+01 6.6967319979e+00 0.0000000000e+00 8.3787299304e-04
2.1822879705e-01 3.8398623128e+00 2.5028675911e+00 1.0281524760e+01 6.6939410336e+00 0.0000000000e+00 8.3874151868e-04
2.1906721517e-01 3.8363576343e+00 2.5021410193e+00 1.0268422972e+01 6.6915183300e+00 0.0000000000e+00 8.3950774530e-04
2.1990781254e-01 3.8333205156e+00 2.5016452857e+00 1.0256997517e+01 6.6893685746e+00 0.0000000000e+00 8.4017288265e-04
2.2074756093e-01 3.8306618740e+00 2.5013497881e+00 1.0247020963e+01 6.6875002935e+00 0.0000000000e+00 8.4075599821e-04
2.2158932454e-01 3.8283162735e+00 2.5012075939e+00 1.0238153007e+01 6.6858066811e+00 0.0000000000e+00 8.4127112748e-04
2.2243010319e-01 3.8261158242e+00 2.5011600765e+00 1.0229969295e+01 6.6843045043e+00 0.0000000000e+00 8.4175495352e-04
2.2327283444e-01 3.8240566354e+00 2.5011582097e+00 1.0222153597e+01 6.6827943282e+00 0.0000000000e+00 8.4220822409e-04
2.2411451964e-01 3.8220485058e+00 2.5012074957e+00 1.0214714044e+01 6.6814393046e+00 0.0000000000e+00 8.4265072588e-04
2.2495813590e-01 3.8202663222e+00 2.5013524224e+00 1.0207959639e+01 6.6801361332e+00 0.0000000000e+00 8.4304382891e-04
2.2580060729e-01 3.8187130533e+00 2.5016363367e+00 1.0202210037e+01 6.6790891948e+00 0.0000000000e+00 8.4338673860e-04
2.2664490937e-01 3.8175397840e+00 2.5020961003e+00 1.0197710667e+01 6.6781954110e+00 0.0000000000e+00 8.4364594214e-04
2.2748789918e-01 3.8166687162e+00 2.5027441476e+00 1.0194516633e+01 6.6776273964e+00 0.0000000000e+00 8.4383848513e-04
2.2833258634e-01 3.8161039906e+00 2.5035349308e+00 1.0192308102e+01 6.6771687349e+00 0.0000000000e+00 8.4396336045e-04
2.2917582590e-01 3.8155727571e+00 2.5043544276e+00 1.0190442267e+01 6.6768758686e+00 0.0000000000e+00 8.4408086355e-04
2.3002074807e-01 3.8150468385e+00 2.5051476601e+00 1.0188394063e+01 6.6764541135e+00 0.0000000000e+00 8.4419722327e-04
2.3086422035e-01 3.8143997301e+00 2.5059000604e+00 1.0186044942e+01 6.6760471261e+00 0.0000000000e+00 8.4434044034e-04
2.3170942895e-01 3.8137227847e+00 2.5066137136e+00 1.0183404927e+01 6.6755015387e+00 0.0000000000e+00 8.4449031290e-04
2.3255320097e-01 3.8129352107e+00 2.5072968213e+00 1.0180531065e+01 6.6749961002e+00 0.0000000000e+00 8.4466474507e-04
2.3339875844e-01 3.8121607825e+00 2.5079584931e+00 1.0177485896e+01 6.6743550947e+00 0.0000000000e+00 8.4483633601e-04
2.3424287364e-01 3.8112859606e+00 2.5086063722e+00 1.0174321410e+01 6.6738113558e+00 0.0000000000e+00 8.4503025515e-04
2.3508881895e-01 3.8104603322e+00 2.5092461783e+00 1.0171074685e+01 6.6731272594e+00 0.0000000000e+00 8.4521335139e-04
2.3593330035e-01 3.8095496606e+00 2.5098818357e+00 1.0167771639e+01 6.6725548585e+00 0.0000000000e+00 8.4541539936e-04
2.3677964975e-01 3.8086784452e+00 2.5105159438e+00 1.0164429787e+01 6.6718875942e+00 0.0000000000e+00 8.4560878376e-04
2.3762451791e-01 3.8077484691e+00 2.5111500044e+00 1.0161059103e+01 6.6713040435e+00 0.0000000000e+00 8.4581530893e-04
2.3847128037e-01 3.8068638791e+00 2.5117848972e+00 1.0157665245e+01 6.6706254597e+00 0.0000000000e+00 8.4601184861e-04
2.3931654161e-01 3.8059208690e+00 2.5124212489e+00 1.0154255149e+01 6.6700382761e+00 0.0000000000e+00 8.4622146876e-04
2.4016372331e-01 3.8050457923e+00 2.5130597829e+00 1.0150833298e+01 6.6693240057e+00 0.0000000000e+00 8.4641608105e-04
2.4100937377e-01 3.8041001661e+00 2.5137006950e+00 1.0147405787e+01 6.6687293607e+00 0.0000000000e+00 8.4662648382e-04
2.4185697627e-01 3.8032143451e+00 2.5143441960e+00 1.0143975301e+01 6.6680276079e+00 0.0000000000e+00 8.4682367478e-04
2.4270302112e-01 3.8022820816e+00 2.5149903139e+00 1.0140542494e+01 6.6674054400e+00 0.0000000000e+00 8.4703130346e-04
2.4355103888e-01 3.8013802090e+00 2.5156386858e+00 1.0137108015e+01 6.6667285682e+00 0.0000000000e+00 8.4723226056e-04
2.4439748564e-01 3.8004531002e+00 2.5162892088e+00 1.0133669157e+01 6.6660927593e+00 0.0000000000e+00 8.4743894025e-04
2.4524591676e-01 3.7995591525e+00 2.5169416893e+00 1.0130223649e+01 6.6653940908e+00 0.0000000000e+00 8.4763832289e-04
2.4609276229e-01 3.7986097602e+00 2.5175960871e+00 1.0126768869e+01 6.6647862696e+00 0.0000000000e+00 8.4785017441e-04
2.4694161711e-01 3.7977097659e+00 2.5182525555e+00 1.0123301592e+01 6.6640832342e+00 0.0000000000e+00 8.4805110086e-04
2.4778886449e-01 3.7967620343e+00 2.5189111504e+00 1.0119820129e+01 6.6634543053e+00 0.0000000000e+00 8.4826278778e-04
2.4863814269e-01 3.7958371756e+00 2.5195722554e+00 1.0116320741e+01 6.6627731073e+00 0.0000000000e+00 8.4846946767e-04
2.4948580343e-01 3.7948871817e+00 2.5202358690e+00 1.0112802732e+01 6.6621234363e+00 0.0000000000e+00 8.4868186946e-04
2.5033550642e-01 3.7939470555e+00 2.5209023470e+00 1.0109262898e+01 6.6614417319e+00 0.0000000000e+00 8.4889216970e-04
2.5118358777e-01 3.7929702549e+00 2.5215715686e+00 1.0105701834e+01 6.6608101006e+00 0.0000000000e+00 8.4911078424e-04
2.5203372799e-01 3.7920399482e+00 2.5222437385e+00 1.0102118044e+01 6.6600815007e+00 0.0000000000e+00 8.4931909782e-04
2.5288222596e-01 3.7910485312e+00 2.5229186488e+00 1.0098513597e+01 6.6594462679e+00 0.0000000000e+00 8.4954120772e-04
2.5373281041e-01 3.7901028885e+00 2.5235962938e+00 1.0094889325e+01 6.6587172052e+00 0.0000000000e+00 8.4975317095e-04
2.5458173230e-01 3.7891132672e+00 2.5242763514e+00 1.0091248614e+01 6.6580542083e+00 0.0000000000e+00 8.4997510515e-04
2.5543276062e-01 3.7881481575e+00 2.5249588106e+00 1.0087592454e+01 6.6573375925e+00 0.0000000000e+00 8.5019165404e-04
2.5628211561e-01 3.7871643475e+00 2.5256432822e+00 1.0083924420e+01 6.6566456424e+00 0.0000000000e+00 8.5041251243e-04
2.5713358564e-01 3.7862016722e+00 2.5263298333e+00 1.0080244413e+01 6.6559082729e+00 0.0000000000e+00 8.5062873735e-04
2.5798337309e-01 3.7852016952e+00 2.5270182808e+00 1.0076553956e+01 6.6552292106e+00 0.0000000000e+00 8.5085345698e-04
2.5883529256e-01 3.7842275540e+00 2.5277088519e+00 1.0072851315e+01 6.6544963079e+00 0.0000000000e+00 8.5107248488e-04
2.5968551806e-01 3.7832151312e+00 2.5284015134e+00 1.0069136637e+01 6.6538224024e+00 0.0000000000e+00 8.5130023961e-04
2.6053789304e-01 3.7822358100e+00 2.5290966627e+00 1.0065406865e+01 6.6530799312e+00 0.0000000000e+00 8.5152066385e-04
2.6138855938e-01 3.7812095796e+00 2.5297943028e+00 1.0061661996e+01 6.6524096219e+00 0.0000000000e+00 8.5175176883e-04
2.6224139657e-01 3.7802251029e+00 2.5304947974e+00 1.0057899423e+01 6.6516537703e+00 0.0000000000e+00 8.5197358888e-04
2.6309250656e-01 3.7791945315e+00 2.5311979907e+00 1.0054120504e+01 6.6509678324e+00 0.0000000000e+00 8.5220591873e-04
2.6394580841e-01 3.7781862788e+00 2.5319040536e+00 1.0050324162e+01 6.6502307059e+00 0.0000000000e+00 8.5243333972e-04
2.6479737324e-01 3.7771530439e+00 2.5326125693e+00 1.0046513561e+01 6.6495277287e+00 0.0000000000e+00 8.5266652165e-04
2.6565114145e-01 3.7761443636e+00 2.5333234533e+00 1.0042689231e+01 6.6487720436e+00 0.0000000000e+00 8.5289428519e-04
2.6650316181e-01 3.7750952637e+00 2.5340361182e+00 1.0038855269e+01 6.6480807555e+00 0.0000000000e+00 8.5313130471e-04
2.6735740406e-01 3.7740921885e+00 2.5347503587e+00 1.0035012753e+01 6.6473023521e+00 0.0000000000e+00 8.5335804926e-04
2.6820987791e-01 3.7730371832e+00 2.5354656135e+00 1.0031165408e+01 6.6466118147e+00 0.0000000000e+00 8.5359666267e-04
2.6906459739e-01 3.7720400260e+00 2.5361818493e+00 1.0027313036e+01 6.6458156374e+00 0.0000000000e+00 8.5382231512e-04
2.6991752254e-01 3.7709819494e+00 2.5368987124e+00 1.0023458011e+01 6.6451246288e+00 0.0000000000e+00 8.5406188386e-04
2.7077272116e-01 3.7699777696e+00 2.5376164559e+00 1.0019598313e+01 6.6443351430e+00 0.0000000000e+00 8.5428937373e-04
2.7162610129e-01 3.7689191712e+00 2.5383349540e+00 1.0015734940e+01 6.6436387233e+00 0.0000000000e+00 8.5452932299e-04
2.7248177980e-01 3.7679217828e+00 2.5390547022e+00 1.0011864356e+01 6.6428292125e+00 0.0000000000e+00 8.5475552132e-04
2.7333561233e-01 3.7668397593e+00 2.5397756884e+00 1.0007986955e+01 6.6421639852e+00 0.0000000000e+00 8.5500104955e-04
2.7419178190e-01 3.7658247939e+00 2.5404985226e+00 1.0004098499e+01 6.6413727715e+00 0.0000000000e+00 8.5523148951e-04
2.7504607531e-01 3.7647539857e+00 2.5412231077e+00 1.0000200014e+01 6.6406729708e+00 0.0000000000e+00 8.5547474282e-04
2.7590273139e-01 3.7637300927e+00 2.5419498461e+00 9.9962887526e+00 6.6398815181e+00 0.0000000000e+00 8.5570746797e-04
2.7675749025e-01 3.7626530057e+00 2.5426783551e+00 9.9923676990e+00 6.6391769875e+00 0.0000000000e+00 8.5595242050e-04
2.7761463623e-01 3.7616200663e+00 2.5434088872e+00 9.9884350211e+00 6.6383864166e+00 0.0000000000e+00 8.5618746469e-04
2.7846986518e-01 3.7605352050e+00 2.5441408895e+00 9.9844947324e+00 6.6376819974e+00 0.0000000000e+00 8.5643446269e-04
2.7932750515e-01 3.7595102338e+00 2.5448746162e+00 9.9805447820e+00 6.6368650178e+00 0.0000000000e+00 8.5666795604e-04
2.8018320109e-01 3.7584139417e+00 2.5456097113e+00 9.9765876591e+00 6.6361687496e+00 0.0000000000e+00 8.5691783760e-04
2.8104134083e-01 3.7573830026e+00 2.5463466494e+00 9.9726196995e+00 6.6353494524e+00 0.0000000000e+00 8.5715295606e-04
2.8189750700e-01 3.7562902126e+00 2.5470852115e+00 9.9686424535e+00 6.6346327687e+00 0.0000000000e+00 8.5740232128e-04
2.8275614547e-01 3.7552498461e+00 2.5478261072e+00 9.9646506822e+00 6.6338133882e+00 0.0000000000e+00 8.5763985878e-04
2.8361278672e-01 3.7541497064e+00 2.5485692364e+00 9.9606451831e+00 6.6330900217e+00 0.0000000000e+00 8.5789118697e-04
2.8447192785e-01 3.7530934711e+00 2.5493153496e+00 9.9566205104e+00 6.6322758726e+00 0.0000000000e+00 8.5813262379e-04
2.8532905196e-01 3.7519864581e+00 2.5500642323e+00 9.9525783096e+00 6.6315393331e+00 0.0000000000e+00 8.5838581341e-04
2.8618869947e-01 3.7509215603e+00 2.5508164713e+00 9.9485143272e+00 6.6307133908e+00 0.0000000000e+00 8.5862951168e-04
2.8704631099e-01 3.7498045241e+00 2.5515715511e+00 9.9444323936e+00 6.6299671954e+00 0.0000000000e+00 8.5888529042e-04
2.8790647005e-01 3.7487344873e+00 2.5523298088e+00 9.9403300756e+00 6.6291238478e+00 0.0000000000e+00 8.5913045019e-04
2.8876457189e-01 3.7475862824e+00 2.5530905395e+00 9.9362126306e+00 6.6284081819e+00 0.0000000000e+00 8.5939367503e-04
2.8962525740e-01 3.7465107781e+00 2.5538540054e+00 9.9320781533e+00 6.6275521021e+00 0.0000000000e+00 8.5964037967e-04
2.9048385265e-01 3.7453780154e+00 2.5546194434e+00 9.9279322383e+00 6.6267892035e+00 0.0000000000e+00 8.5990037173e-04
2.9134505815e-01 3.7442794652e+00 2.5553872273e+00 9.9237721191e+00 6.6259558156e+00 0.0000000000e+00 8.6015266159e-04
2.9220415797e-01 3.7431270576e+00 2.5561567633e+00 9.9196020597e+00 6.6252106241e+00 0.0000000000e+00 8.6041747934e-04
2.9306589311e-01 3.7420383722e+00 2.5569286350e+00 9.9154176603e+00 6.6243425870e+00 0.0000000000e+00 8.6066780386e-04
2.9392549358e-01 3.7408851652e+00 2.5577023503e+00 9.9112224404e+00 6.6235810529e+00 0.0000000000e+00 8.6093312292e-04
2.9478775935e-01 3.7397808095e+00 2.5584785618e+00 9.9070116145e+00 6.6227221053e+00 0.0000000000e+00 8.6118735610e-04
2.9564786829e-01 3.7386158182e+00 2.5592566995e+00 9.9027894289e+00 6.6219624525e+00 0.0000000000e+00 8.6145571098e-04
2.9651067077e-01 3.7375013855e+00 2.5600373443e+00 9.8985517943e+00 6.6211024246e+00 0.0000000000e+00 8.6171257627e-04
2.9737129344e-01 3.7363452476e+00 2.5608197999e+00 9.8943039417e+00 6.6203089423e+00 0.0000000000e+00 8.6197921613e-04
2.9823462921e-01 3.7352122329e+00 2.5616045738e+00 9.8900423255e+00 6.6194647779e+00 0.0000000000e+00 8.6224068323e-04
2.9909577481e-01 3.7340495122e+00 2.5623908302e+00 9.8857730116e+00 6.6186676016e+00 0.0000000000e+00 8.6250917060e-04
2.9995964755e-01 3.7329222336e+00 2.5631790002e+00 9.8814927257e+00 6.6177997473e+00 0.0000000000e+00 8.6276963359e-04
3.0082131408e-01 3.7317503122e+00 2.5639683054e+00 9.8772068467e+00 6.6170067799e+00 0.0000000000e+00 8.6304057836e-04
3.0168572870e-01 3.7306136094e+00 2.5647593044e+00 9.8729109766e+00 6.6161441591e+00 0.0000000000e+00 8.6330354332e-04
3.0254792116e-01 3.7294414042e+00 2.5655513766e+00 9.8686092692e+00 6.6153400736e+00 0.0000000000e+00 8.6357488929e-04
3.0341287848e-01 3.7282932525e+00 2.5663451901e+00 9.8642966458e+00 6.6144854882e+00 0.0000000000e+00 8.6384083268e-04
3.0427560283e-01 3.7271228923e+00 2.5671401221e+00 9.8599774916e+00 6.6136654040e+00 0.0000000000e+00 8.6411208882e-04
3.0514110266e-01 3.7259689341e+00 2.5679368880e+00 9.8556467092e+00 6.6128078921e+00 0.0000000000e+00 8.6437971027e-04
3.0600436225e-01 3.7247813152e+00 2.5687348871e+00 9.8513088611e+00 6.6120048583e+00 0.0000000000e+00 8.6465531132e-04
3.0687041328e-01 3.7236349886e+00 2.5695347807e+00 9.8469594607e+00 6.6111202432e+00 0.0000000000e+00 8.6492149675e-04
3.0773420524e-01 3.7224415073e+00 2.5703358485e+00 9.8426040633e+00 6.6103147920e+00 0.0000000000e+00 8.6519880605e-04
3.0860081089e-01 3.7212939652e+00 2.5711386859e+00 9.8382386481e+00 6.6094205000e+00 0.0000000000e+00 8.6546560895e-04
3.0946513646e-01 3.7200906421e+00 2.5719425808e+00 9.8338685910e+00 6.6086216285e+00 0.0000000000e+00 8.6574555772e-04
3.1033230201e-01 3.7189405840e+00 2.5727481875e+00 9.8294892368e+00 6.6077213489e+00 0.0000000000e+00 8.6601328389e-04
3.1119716303e-01 3.7177404950e+00 2.5735547355e+00 9.8251061166e+00 6.6069068900e+00 0.0000000000e+00 8.6629283353e-04
3.1206488768e-01 3.7165812779e+00 2.5743628525e+00 9.8207145535e+00 6.6060135775e+00 0.0000000000e+00 8.6656303385e-04
3.1293028910e-01 3.7153879792e+00 2.5751718492e+00 9.8163193010e+00 6.6051778145e+00 0.0000000000e+00 8.6684135432e-04
3.1379857039e-01 3.7142145670e+00 2.5759825348e+00 9.8119143155e+00 6.6042996025e+00 0.0000000000e+00 8.6711521093e-04
3.1466451952e-01 3.7130067673e+00 2.5767943813e+00 9.8075032038e+00 6.6034778674e+00 0.0000000000e+00 8.6739727384e-04
3.1553336493e-01 3.7118313411e+00 2.5776081646e+00 9.8030802321e+00 6.6025900231e+00 0.0000000000e+00 8.6767195266e-04
3.1639986342e-01 3.7106227699e+00 2.5784232022e+00 9.7986502420e+00 6.6017558572e+00 0.0000000000e+00 8.6795455843e-04
3.1726927405e-01 3.7094474445e+00 2.5792402025e+00 9.7942081543e+00 6.6008538339e+00 0.0000000000e+00 8.6822956678e-04
3.1813632256e-01 3.7082236776e+00 2.5800584813e+00 9.7897590150e+00 6.6000327017e+00 0.0000000000e+00 8.6851609496e-04
3.1900630624e-01 3.7070424825e+00 2.5808787710e+00 9.7852977306e+00 6.5991270513e+00 0.0000000000e+00 8.6879283497e-04
3.1987390823e-01 3.7058185723e+00 2.5817003063e+00 9.7808300329e+00 6.5982925514e+00 0.0000000000e+00 8.6907976873e-04
3.2074446578e-01 3.7046266772e+00 2.5825237494e+00 9.7763514144e+00 6.5973931156e+00 0.0000000000e+00 8.6935937905e-04
3.2161262699e-01 3.7034021207e+00 2.5833482895e+00 9.7718679251e+00 6.5965479893e+00 0.0000000000e+00 8.6964683898e-04
3.2248375946e-01 3.7021897615e+00 2.5841746680e+00 9.7673744710e+00 6.5956738445e+00 0.0000000000e+00 8.6993162296e-04
3.2335249023e-01 3.7009680905e+00 2.5850022340e+00 9.7628758231e+00 6.5948122116e+00 0.0000000000e+00 8.7021878303e-04
3.2422419702e-01 3.6997548178e+00 2.5858318045e+00 9.7583661923e+00 6.5939276201e+00 0.0000000000e+00 8.7050415671e-04
3.2509349854e-01 3.6985261486e+00 2.5866626443e+00 9.7538507670e+00 6.5930659776e+00 0.0000000000e+00 8.7079334263e-04
3.2596578371e-01 3.6972970491e+00 2.5874953944e+00 9.7493248388e+00 6.5921974277e+00 0.0000000000e+00 8.7108282210e-04
3.2683566419e-01 3.6960099805e+00 2.5883292762e+00 9.7447938341e+00 6.5914282466e+00 0.0000000000e+00 8.7138616094e-04
3.2770855603e-01 3.6948037438e+00 2.5891649184e+00 9.7402529674e+00 6.5905076716e+00 0.0000000000e+00 8.7167064100e-04
3.2857900547e-01 3.6935335054e+00 2.5900015055e+00 9.7357079181e+00 6.5896978488e+00 0.0000000000e+00 8.7197041613e-04
3.2945249686e-01 3.6923963767e+00 2.5908396494e+00 9.7311539988e+00 6.5886439361e+00 0.0000000000e+00 8.7223895247e-04
3.3032348338e-01 3.6911127298e+00 2.5916784840e+00 9.7265974093e+00 6.5878490588e+00 0.0000000000e+00 8.7254228831e-04
3.3119758144e-01 3.6898599328e+00 2.5925187598e+00 9.7220327619e+00 6.5869930966e+00 0.0000000000e+00 8.7283853761e-04
3.3206916045e-01 3.6885691197e+00 2.5933596119e+00 9.7174662803e+00 6.5862031896e+00 0.0000000000e+00 8.7314398707e-04
3.3294386941e-01 3.6875585977e+00 2.5942018535e+00 9.7128918101e+00 6.5849067566e+00 0.0000000000e+00 8.7338325952e-04
3.3381592697e-01 3.6863688851e+00 2.5950445513e+00 9.7083160760e+00 6.5839287784e+00 0.0000000000e+00 8.7366512906e-04
3.3469119967e-01 3.6851482549e+00 2.5958886267e+00 9.7037325945e+00 6.5830001422e+00 0.0000000000e+00 8.7395451279e-04
3.3556383600e-01 3.6838797155e+00 2.5967330331e+00 9.6991487049e+00 6.5821562143e+00 0.0000000000e+00 8.7425545795e-04
3.3643971059e-01 3.6822820253e+00 2.5975787445e+00 9.6945580506e+00 6.5818954007e+00 0.0000000000e+00 8.7463478506e-04
3.3731310557e-01 3.6814181691e+00 2.5984249582e+00 9.6899653105e+00 6.5803209968e+00 0.0000000000e+00 8.7484002083e-04
3.3818939063e-01 3.6801345951e+00 2.5992721830e+00 9.6853671653e+00 6.5794924853e+00 0.0000000000e+00 8.7514515149e-04
3.3906339587e-01 3.6788138070e+00 2.6001199568e+00 9.6807668754e+00 6.5787284864e+00 0.0000000000e+00 8.7545935094e-04
3.3994030933e-01 3.6770978603e+00 2.6009687224e+00 9.6761620752e+00 6.5786677720e+00 0.0000000000e+00 8.7586789095e-04
3.4081513165e-01 3.6763227152e+00 2.6018182416e+00 9.6715532249e+00 6.5769207263e+00 0.0000000000e+00 8.7605256590e-04
3.4169241446e-01 3.6748456528e+00 2.6026684550e+00 9.6669414837e+00 6.5764268741e+00 0.0000000000e+00 8.7640468527e-04
3.4256794102e-01 3.6737519965e+00 2.6035196063e+00 9.6623247209e+00 6.5752429193e+00 0.0000000000e+00 8.7666558624e-04
3.4344574563e-01 3.6722153239e+00 2.6043711754e+00 9.6577070981e+00 6.5748507687e+00 0.0000000000e+00 8.7703243510e-04
3.4432200589e-01 3.6707505359e+00 2.6052238149e+00 9.6530840672e+00 6.5743258584e+00 0.0000000000e+00 8.7738240891e-04
3.4520051045e-01 3.6695346860e+00 2.6060769240e+00 9.6484595360e+00 6.5733535459e+00 0.0000000000e+00 8.7767311752e-04
3.4607735213e-01 3.6685001782e+00 2.6069310503e+00 9.6438292353e+00 6.5720517697e+00 0.0000000000e+00 8.7792061913e-04
3.4695635169e-01 3.6673180556e+00 2.6077854753e+00 9.6391983581e+00 6.5710133482e+00 0.0000000000e+00 8.7820360790e-04
3.4783375934e-01 3.6664095358e+00 2.6086409163e+00 9.6345615569e+00 6.5694799386e+00 0.0000000000e+00 8.7842122279e-04
3.4871319414e-01 3.6654982681e+00 2.6094965244e+00 9.6299244982e+00 6.5679505172e+00 0.0000000000e+00 8.7863960427e-04
3.4959103855e-01 3.6634384125e+00 2.6103532638e+00 9.6252823515e+00 6.5684756147e+00 0.0000000000e+00 8.7913364033e-04
3.5047146142e-01 3.6626914651e+00 2.6112105707e+00 9.6206376200e+00 6.5666448509e+00 0.0000000000e+00 8.7931292558e-04
3.5134966440e-01 3.6608547007e+00 2.6120684633e+00 9.6159920138e+00 6.5667670531e+00 0.0000000000e+00 8.7975410418e-04
3.5223096962e-01 3.6600025322e+00 2.6129272105e+00 9.6113414072e+00 6.5651193698e+00 0.0000000000e+00 8.7995893975e-04
3.5310958228e-01 3.6584506136e+00 2.6137863002e+00 9.6066923675e+00 6.5647273819e+00 0.0000000000e+00 8.8033221925e-04
3.5399163406e-01 3.6570777998e+00 2.6146462437e+00 9.6020388815e+00 6.5640105347e+00 0.0000000000e+00 8.8066268317e-04
3.5487090765e-01 3.6558400723e+00 2.6155065112e+00 9.5973869800e+00 6.5630517133e+00 0.0000000000e+00 8.8096084184e-04
3.5575355575e-01 3.6548923740e+00 2.6163673213e+00 9.5927317598e+00 6.5615692462e+00 0.0000000000e+00 8.8118927129e-04
3.5663328619e-01 3.6536650433e+00 2.6172283750e+00 9.5880785009e+00 6.5605894268e+00 0.0000000000e+00 8.8148527835e-04
3.5751652630e-01 3.6524663533e+00 2.6180896841e+00 9.5834230677e+00 6.5595560237e+00 0.0000000000e+00 8.8177456989e-04
3.5839683533e-01 3.6511644330e+00 2.6189511056e+00 9.5787718978e+00 6.5587102920e+00 0.0000000000e+00 8.8208899019e-04
3.5928070428e-01 3.6502261539e+00 2.6198119491e+00 9.5741205358e+00 6.5572105207e+00 0.0000000000e+00 8.8231572837e-04
3.6016146679e-01 3.6488115902e+00 2.6206728717e+00 9.5694759354e+00 6.5565703373e+00 0.0000000000e+00 8.8265778272e-04
3.6104601985e-01 3.6474789212e+00 2.6215332081e+00 9.5648318941e+00 6.5557828440e+00 0.0000000000e+00 8.8298027688e-04
3.6192742734e-01 3.6460629743e+00 2.6223935382e+00 9.5601930914e+00 6.5551480863e+00 0.0000000000e+00 8.8332318186e-04
3.6281266621e-01 3.6448067849e+00 2.6232533547e+00 9.5555563869e+00 6.5542269802e+00 0.0000000000e+00 8.8362762083e-04
3.6369468258e-01 3.6435294261e+00 2.6241130845e+00 9.5509254447e+00 6.5533472683e+00 0.0000000000e+00 8.8393740549e-04
3.6458054102e-01 3.6422117914e+00 2.6249721598e+00 9.5462965750e+00 6.5525408199e+00 0.0000000000e+00 8.8425718553e-04
3.6546319695e-01 3.6410433746e+00 2.6258312417e+00 9.5416747509e+00 6.5514701208e+00 0.0000000000e+00 8.8454094510e-04
3.6634962291e-01 3.6397542507e+00 2.6266894751e+00 9.5370545272e+00 6.5506170680e+00 0.0000000000e+00 8.8485423078e-04
3.6723290542e-01 3.6384600241e+00 2.6275477474e+00 9.5324421406e+00 6.5497779813e+00 0.0000000000e+00 8.8516897985e-04
3.6811996087e-01 3.6372849582e+00 2.6284050518e+00 9.5278313037e+00 6.5487248135e+00 0.0000000000e+00 8.8545494366e-04
3.6900381530e-01 3.6360299364e+00 2.6292623387e+00 9.5232292923e+00 6.5478210156e+00 0.0000000000e+00 8.8576056965e-04
3.6989148201e-01 3.6348029689e+00 2.6301184921e+00 9.5186286384e+00 6.5468669966e+00 0.0000000000e+00 8.8605956783e-04
3.7077593444e-01 3.6335309254e+00 2.6309746239e+00 9.5140376163e+00 6.5460001659e+00 0.0000000000e+00 8.8636976368e-04
3.7166422154e-01 3.6323136590e+00 2.6318295602e+00 9.5094484662e+00 6.5450353129e+00 0.0000000000e+00 8.8666680527e-04
3.7254926805e-01 3.6310075166e+00 2.6326843919e+00 9.5048692671e+00 6.5442368431e+00 0.0000000000e+00 8.8698575616e-04
3.7343819305e-01 3.6298359633e+00 2.6335380033e+00 9.5002925526e+00 6.5431968886e+00 0.0000000000e+00 8.8727203661e-04
3.7432381212e-01 3.6285567970e+00 2.6343914676e+00 9.4957262761e+00 6.5423574766e+00 0.0000000000e+00 8.8758482446e-04
3.7521336270e-01 3.6273195011e+00 2.6352436667e+00 9.4911627904e+00 6.5414438869e+00 0.0000000000e+00 8.8788758387e-04
3.7609958729e-01 3.6260410390e+00 2.6360957174e+00 9.4866101374e+00 6.5406113964e+00 0.0000000000e+00 8.8820063344e-04
3.7698976397e-01 3.6248190807e+00 2.6369464314e+00 9.4820601716e+00 6.5396782297e+00 0.0000000000e+00 8.8850005366e-04
3.7787658740e-01 3.6235476863e+00 2.6377970002e+00 9.4775213196e+00 6.5388413097e+00 0.0000000000e+00 8.8881180173e-04
3.7876738757e-01 3.6223371316e+00 2.6386462938e+00 9.4729857139e+00 6.5378962323e+00 0.0000000000e+00 8.8910883518e-04
3.7965480507e-01 3.6211104959e+00 2.6394953080e+00 9.4684603224e+00 6.5369866047e+00 0.0000000000e+00 8.8941001699e-04
3.8054620761e-01 3.6199136377e+00 2.6403431240e+00 9.4639386915e+00 6.5360251920e+00 0.0000000000e+00 8.8970408415e-04
3.8143421324e-01 3.6186738762e+00 2.6411907772e+00 9.4594279471e+00 6.5351481445e+00 0.0000000000e+00 8.9000889771e-04
3.8232622540e-01 3.6174582526e+00 2.6420371577e+00 9.4549202713e+00 6.5342290160e+00 0.0000000000e+00 8.9030797948e-04
3.8321482919e-01 3.6162188907e+00 2.6428834100e+00 9.4504235758e+00 6.5333597477e+00 0.0000000000e+00 8.9061310863e-04
3.8410745162e-01 3.6150053389e+00 2.6437284308e+00 9.4459301977e+00 6.5324455375e+00 0.0000000000e+00 8.9091208608e-04
3.8499665337e-01 3.6137603389e+00 2.6445732755e+00 9.4414475446e+00 6.5315949725e+00 0.0000000000e+00 8.9121901999e-04
3.8588988966e-01 3.6125339081e+00 2.6454168678e+00 9.4369683054e+00 6.5307126144e+00 0.0000000000e+00 8.9152158282e-04
3.8677969653e-01 3.6113118857e+00 2.6462602445e+00 9.4324999607e+00 6.5298292278e+00 0.0000000000e+00 8.9182326248e-04
3.8767353618e-01 3.6101079257e+00 2.6471022625e+00 9.4280350227e+00 6.5289149359e+00 0.0000000000e+00 8.9212068281e-04
3.8856393790e-01 3.6088949303e+00 2.6479439815e+00 9.4235813584e+00 6.5280241877e+00 0.0000000000e+00 8.9242053590e-04
3.8945837726e-01 3.6076912754e+00 2.6487842429e+00 9.4191316153e+00 6.5271186585e+00 0.0000000000e+00 8.9271827932e-04
3.9034937446e-01 3.6064804625e+00 2.6496241549e+00 9.4146942304e+00 6.5262340446e+00 0.0000000000e+00 8.9301799391e-04
3.9124441324e-01 3.6052737084e+00 2.6504624789e+00 9.4102615455e+00 6.5253447496e+00 0.0000000000e+00 8.9331690413e-04
3.9213600826e-01 3.6040690957e+00 2.6513003041e+00 9.4058420698e+00 6.5244601448e+00 0.0000000000e+00 8.9361548355e-04
3.9303164421e-01 3.6028743512e+00 2.6521364037e+00 9.4014284267e+00 6.5235611281e+00 0.0000000000e+00 8.9391181424e-04
3.9392383189e-01 3.6016593003e+00 2.6529719225e+00 9.3970296485e+00 6.5227086080e+00 0.0000000000e+00 8.9421338311e-04
3.9482007098e-01 3.6004822154e+00 2.6538055637e+00 9.3926379674e+00 6.5217916696e+00 0.0000000000e+00 8.9450572315e-04
3.9571284334e-01 3.5992713617e+00 2.6546384834e+00 9.3882625849e+00 6.5209466315e+00 0.0000000000e+00 8.9480664947e-04
3.9660968428e-01 3.5980884509e+00 2.6554693774e+00 9.3838956871e+00 6.5200562849e+00 0.0000000000e+00 8.9510082693e-04
3.9750304499e-01 3.5968821710e+00 2.6562993996e+00 9.3795464359e+00 6.5192199729e+00 0.0000000000e+00 8.9540101526e-04
3.9840048631e-01 3.5957120441e+00 2.6571272227e+00 9.3752068376e+00 6.5183242724e+00 0.0000000000e+00 8.9569239923e-04
3.9929442979e-01 3.5945071854e+00 2.6579539937e+00 9.3708859334e+00 6.5175039651e+00 0.0000000000e+00 8.9599263032e-04
4.0019247157e-01 3.5933475860e+00 2.6587783946e+00 9.3665756955e+00 6.5166084490e+00 0.0000000000e+00 8.9628177366e-04
4.0108699334e-01 3.5921664581e+00 2.6596015744e+00 9.3622850824e+00 6.5157650624e+00 0.0000000000e+00 8.9657647697e-04
4.0198562452e-01 3.5910109733e+00 2.6604221744e+00 9.3580056840e+00 6.5148824062e+00 0.0000000000e+00 8.9686496970e-04
4.0288072328e-01 3.5898408436e+00 2.6612413666e+00 9.3537464551e+00 6.5140398019e+00 0.0000000000e+00 8.9715730810e-04
4.0377993914e-01 3.5886917087e+00 2.6620578197e+00 9.3494990563e+00 6.5131667856e+00 0.0000000000e+00 8.9744458683e-04
4.0467561245e-01 3.5875207595e+00 2.6628726649e+00 9.3452720016e+00 6.5123469856e+00 0.0000000000e+00 8.9773750833e-04
4.0557541415e-01 3.5863898499e+00 2.6636845641e+00 9.3410567495e+00 6.5114621809e+00 0.0000000000e+00 8.9802059522e-04
4.0647165364e-01 3.5852211747e+00 2.6644947457e+00 9.3368623211e+00 6.5106599189e+00 0.0000000000e+00 8.9831332316e-04
4.0737204080e-01 3.5841055968e+00 2.6653018664e+00 9.3326799353e+00 6.5097690924e+00 0.0000000000e+00 8.9859292945e-04
4.0826883950e-01 3.5829430841e+00 2.6661071128e+00 9.3285181274e+00 6.5089773326e+00 0.0000000000e+00 8.9888448466e-04
4.0916980977e-01 3.5818177499e+00 2.6669092090e+00 9.3243683415e+00 6.5081258962e+00 0.0000000000e+00 8.9916689586e-04
4.1006717329e-01 3.5806720542e+00 2.6677093800e+00 9.3202391216e+00 6.5073252874e+00 0.0000000000e+00 8.9945459931e-04
4.1096871897e-01 3.5795684263e+00 2.6685063370e+00 9.3161216160e+00 6.5064558813e+00 0.0000000000e+00 8.9973191294e-04
4.1186663712e-01 3.5784256454e+00 2.6693013699e+00 9.3120245426e+00 6.5056713939e+00 0.0000000000e+00 9.0001924501e-04
4.1276875746e-01 3.5773245092e+00 2.6700932404e+00 9.3079391166e+00 6.5048188197e+00 0.0000000000e+00 9.0029627992e-04
4.1366722968e-01 3.5762019204e+00 2.6708832204e+00 9.3038736668e+00 6.5040187005e+00 0.0000000000e+00 9.0057888772e-04
4.1456991523e-01 3.5751061493e+00 2.6716701127e+00 9.2998194485e+00 6.5031771507e+00 0.0000000000e+00 9.0085491542e-04
4.1546893951e-01 3.5739848597e+00 2.6724552618e+00 9.2957849978e+00 6.5023953394e+00 0.0000000000e+00 9.0113754651e-04
4.1637219033e-01 3.5729134066e+00 2.6732374284e+00 9.2917610544e+00 6.5015297021e+00 0.0000000000e+00 9.0140778161e-04
4.1727175507e-01 3.5717916118e+00 2.6740179534e+00 9.2877559489e+00 6.5007683526e+00 0.0000000000e+00 9.0169088731e-04
4.1817557210e-01 3.5707071602e+00 2.6747956963e+00 9.2837609382e+00 6.4999456142e+00 0.0000000000e+00 9.0196473786e-04
4.1907568455e-01 3.5696135504e+00 2.6755719717e+00 9.2797841445e+00 6.4991518084e+00 0.0000000000e+00 9.0224106960e-04
4.1998005424e-01 3.5685290835e+00 2.6763455667e+00 9.2758164814e+00 6.4983472632e+00 0.0000000000e+00 9.0251525834e-04
4.2088071507e-01 3.5674316797e+00 2.6771178194e+00 9.2718664158e+00 6.4975781235e+00 0.0000000000e+00 9.0279288767e-04
4.2178564002e-01 3.5663771020e+00 2.6778875247e+00 9.2679252823e+00 6.4967367563e+00 0.0000000000e+00 9.0305984353e-04
4.2268683475e-01 3.5652860674e+00 2.6786559445e+00 9.2640014845e+00 6.4959734711e+00 0.0000000000e+00 9.0333619429e-04
4.2359231240e-01 3.5642291886e+00 2.6794218258e+00 9.2600864617e+00 6.4951536304e+00 0.0000000000e+00 9.0360405498e-04
4.2449404286e-01 3.5631455393e+00 2.6801864271e+00 9.2561890167e+00 6.4943944295e+00 0.0000000000e+00 9.0387886552e-04
4.2540007014e-01 3.5620964379e+00 2.6809484751e+00 9.2523008391e+00 6.4935782906e+00 0.0000000000e+00 9.0414507409e-04
4.2630233301e-01 3.5610161686e+00 2.6817091793e+00 9.2484306975e+00 6.4928311608e+00 0.0000000000e+00 9.0441935539e-04
4.2720890885e-01 3.5599767194e+00 2.6824672526e+00 9.2445704728e+00 6.4920161011e+00 0.0000000000e+00 9.0468342958e-04
4.2811169987e-01 3.5589129245e+00 2.6832238972e+00 9.2407292207e+00 6.4912582976e+00 0.0000000000e+00 9.0495384856e-04
4.2901881654e-01 3.5578793283e+00 2.6839777733e+00 9.2368989507e+00 6.4904526675e+00 0.0000000000e+00 9.0521674586e-04
4.2992213336e-01 3.5568026180e+00 2.6847300394e+00 9.2330890997e+00 6.4897395859e+00 0.0000000000e+00 9.0549077181e-04
4.3082979809e-01 3.5557983388e+00 2.6854793012e+00 9.2292922433e+00 6.4889030283e+00 0.0000000000e+00 9.0574651341e-04
4.3173362639e-01 3.5547315134e+00 2.6862265900e+00 9.2255180862e+00 6.4881961207e+00 0.0000000000e+00 9.0601834078e-04
4.3264183477e-01 3.5537200488e+00 2.6869704354e+00 9.2217596932e+00 6.4873988149e+00 0.0000000000e+00 9.0627621295e-04
4.3354617881e-01 3.5526789793e+00 2.6877118354e+00 9.2180271895e+00 6.4866733268e+00 0.0000000000e+00 9.0654178621e-04
4.3445491834e-01 3.5516841453e+00 2.6884493527e+00 9.2143138474e+00 6.4858764676e+00 0.0000000000e+00 9.0679571041e-04
4.3535977024e-01 3.5506530828e+00 2.6891839953e+00 9.2106288593e+00 6.4851652953e+00 0.0000000000e+00 9.0705903185e-04
4.3626903640e-01 3.5496624160e+00 2.6899144500e+00 9.2069645673e+00 6.4843944919e+00 0.0000000000e+00 9.0731218080e-04
4.3717439460e-01 3.5486509168e+00 2.6906419114e+00 9.2033294056e+00 6.4836818423e+00 0.0000000000e+00 9.0757079894e-04
4.3808417800e-01 3.5476868500e+00 2.6913652169e+00 9.1997154449e+00 6.4828970494e+00 0.0000000000e+00 9.0781742692e-04
4.3899002945e-01 3.5466855898e+00 2.6920854440e+00 9.1961306862e+00 6.4822003905e+00 0.0000000000e+00 9.0807371168e-04
4.3990032543e-01 3.5457164532e+00 2.6928012353e+00 9.1925683955e+00 6.4814604586e+00 0.0000000000e+00 9.0832191187e-04
4.4080667327e-01 3.5447396392e+00 2.6935133859e+00 9.1890387557e+00 6.4807571860e+00 0.0000000000e+00 9.0857221561e-04
4.4171746986e-01 3.5437988029e+00 2.6942202644e+00 9.1855369647e+00 6.4800073845e+00 0.0000000000e+00 9.0881343070e-04
4.4262430014e-01 3.5428132346e+00 2.6949225733e+00 9.1820730563e+00 6.4793657246e+00 0.0000000000e+00 9.0906625173e-04
4.4353560236e-01 3.5419038950e+00 2.6956191017e+00 9.1786395927e+00 6.4786057618e+00 0.0000000000e+00 9.0929964313e-04
4.4444289942e-01 3.5409391167e+00 2.6963114478e+00 9.1752404845e+00 6.4779710848e+00 0.0000000000e+00 9.0954739451e-04
4.4535469715e-01 3.5400418585e+00 2.6969998051e+00 9.1718613364e+00 6.4772266141e+00 0.0000000000e+00 9.0977792819e-04
4.4626245528e-01 3.5390822391e+00 2.6976866917e+00 9.1684979373e+00 6.4766070113e+00 0.0000000000e+00 9.1002461377e-04
4.4717474638e-01 3.5381854729e+00 2.6983729174e+00 9.1651364723e+00 6.4758733978e+00 0.0000000000e+00 9.1025526286e-04
4.4808296580e-01 3.5372374047e+00 2.6990600271e+00 9.1617694290e+00 6.4752293816e+00 0.0000000000e+00 9.1049923408e-04
4.4899574484e-01 3.5363308473e+00 2.6997514192e+00 9.1583743418e+00 6.4744891933e+00 0.0000000000e+00 9.1073264545e-04
4.4990443109e-01 3.5353554859e+00 2.7004541221e+00 9.1549028545e+00 6.4738205896e+00 0.0000000000e+00 9.1098390546e-04
4.5081771266e-01 3.5343849660e+00 2.7011825673e+00 9.1512565252e+00 6.4730190777e+00 0.0000000000e+00 9.1123405591e-04
4.5172689921e-01 3.5332585622e+00 2.7019677301e+00 9.1472689747e+00 6.4722612383e+00 0.0000000000e+00 9.1152455758e-04
4.5264076177e-01 3.5321633968e+00 2.7027998744e+00 9.1430561964e+00 6.4712862694e+00 0.0000000000e+00 9.1180718044e-04
4.5355051357e-01 3.5311480497e+00 2.7035435318e+00 9.1393962582e+00 6.4705558430e+00 0.0000000000e+00 9.1206936169e-04
4.5446490049e-01 3.5305120296e+00 2.7040944422e+00 9.1369468846e+00 6.4699870784e+00 0.0000000000e+00 9.1223367056e-04
4.5537498091e-01 3.5301762473e+00 2.7044087317e+00 9.1359564470e+00 6.4699010806e+00 0.0000000000e+00 9.1232044013e-04
4.5628954137e-01 3.5303217574e+00 2.7045262728e+00 9.1364765523e+00 6.4700027221e+00 0.0000000000e+00 9.1228283681e-04
4.5719954658e-01 3.5309761871e+00 2.7043139190e+00 9.1389602418e+00 6.4705620751e+00 0.0000000000e+00 9.1211375469e-04
4.5811376888e-01 3.5328848721e+00 2.7035024173e+00 9.1456683722e+00 6.4718131947e+00 0.0000000000e+00 9.1162097390e-04
4.5902278853e-01 3.5370114653e+00 2.7014342555e+00 9.1608272366e+00 6.4749770579e+00 0.0000000000e+00 9.1055739550e-04
4.5993488367e-01 3.5457906686e+00 2.6969247638e+00 9.1924796342e+00 6.4812622158e+00 0.0000000000e+00 9.0830290018e-04
4.6083939433e-01 3.5630557028e+00 2.6878170342e+00 9.2554266764e+00 6.4940232826e+00 0.0000000000e+00 9.0390165532e-04
4.6174268699e-01 3.5961036232e+00 2.6703649378e+00 9.3758974986e+00 6.5180946387e+00 0.0000000000e+00 8.9559486745e-04
4.6263058407e-01 3.6563318119e+00 2.6388266580e+00 9.5968395964e+00 6.5617947783e+00 0.0000000000e+00 8.8084236154e-04
4.6350437171e-01 3.7501278591e+00 2.5861323369e+00 9.9554724407e+00 6.6367553420e+00 0.0000000000e+00 8.5881123758e-04
4.6434820654e-01 3.8501398766e+00 2.5324447536e+00 1.0340059768e+01 6.7140805916e+00 0.0000000000e+00 8.3650258198e-04
4.6517737687e-01 3.9190875965e+00 2.5005048018e+00 1.0592928498e+01 6.7572669895e+00 0.0000000000e+00 8.2178616027e-04
4.6599177886e-01 3.9530183994e+00 2.4863075657e+00 1.0713419892e+01 6.7754680153e+00 0.0000000000e+00 8.1473234433e-04
4.6680684156e-01 3.9661842203e+00 2.4814052387e+00 1.0758311290e+01 6.7812730655e+00 0.0000000000e+00 8.1202782544e-04
4.6761583451e-01 3.9701231882e+00 2.4801631880e+00 1.0771464120e+01 6.7828273896e+00 0.0000000000e+00 8.1122216995e-04
4.6842928590e-01 3.9711526708e+00 2.4800446475e+00 1.0774505863e+01 6.7829839064e+00 0.0000000000e+00 8.1101186851e-04
4.6923785825e-01 3.9711886687e+00 2.4801920624e+00 1.0774810284e+01 6.7831140642e+00 0.0000000000e+00 8.1100451689e-04
4.7005129493e-01 3.9709712578e+00 2.4804941015e+00 1.0773659331e+01 6.7827608359e+00 0.0000000000e+00 8.1104891942e-04
4.7085995609e-01 3.9702785693e+00 2.4809950446e+00 1.0771160566e+01 6.7823707947e+00 0.0000000000e+00 8.1119042191e-04
4.7167367578e-01 3.9696426505e+00 2.4815084518e+00 1.0768509185e+01 6.7817875143e+00 0.0000000000e+00 8.1132037094e-04
4.7248259683e-01 3.9690501950e+00 2.4819288941e+00 1.0766506224e+01 6.7815382111e+00 0.0000000000e+00 8.1144147578e-04
4.7329655873e-01 3.9686666656e+00 2.4823016806e+00 1.0764849577e+01 6.7811499958e+00 0.0000000000e+00 8.1151989297e-04
4.7410563662e-01 3.9682234662e+00 2.4826683209e+00 1.0763334261e+01 6.7809527062e+00 0.0000000000e+00 8.1161052928e-04
4.7491977979e-01 3.9678804649e+00 2.4830335600e+00 1.0761801664e+01 6.7805732554e+00 0.0000000000e+00 8.1168068853e-04
4.7572899799e-01 3.9674168678e+00 2.4834052528e+00 1.0760205409e+01 6.7803597202e+00 0.0000000000e+00 8.1177553432e-04
4.7654333086e-01 3.9670191544e+00 2.4837915774e+00 1.0758498439e+01 6.7799637588e+00 0.0000000000e+00 8.1185691886e-04
4.7735271183e-01 3.9664986001e+00 2.4841960868e+00 1.0756657763e+01 6.7796934067e+00 0.0000000000e+00 8.1196346512e-04
4.7816725779e-01 3.9660290929e+00 2.4846155362e+00 1.0754697660e+01 6.7792604439e+00 0.0000000000e+00 8.1205958713e-04
4.7897683100e-01 3.9654673454e+00 2.4850425380e+00 1.0752670016e+01 6.7789424794e+00 0.0000000000e+00 8.1217462336e-04
4.7979160703e-01 3.9649697298e+00 2.4854687475e+00 1.0750635387e+01 6.7785103793e+00 0.0000000000e+00 8.1227655372e-04
4.8060138411e-01 3.9644138463e+00 2.4858941649e+00 1.0748612251e+01 6.7781850402e+00 0.0000000000e+00 8.1239044978e-04
4.8141638793e-01 3.9639081902e+00 2.4863206109e+00 1.0746576242e+01 6.7777656078e+00 0.0000000000e+00 8.1249408240e-04
4.8222637228e-01 3.9633403916e+00 2.4867509322e+00 1.0744502588e+01 6.7774285871e+00 0.0000000000e+00 8.1261048244e-04
4.8304160890e-01 3.9628059143e+00 2.4871873662e+00 1.0742375647e+01 6.7770008669e+00 0.0000000000e+00 8.1272008203e-04
4.8385181244e-01 3.9622171948e+00 2.4876299519e+00 1.0740197604e+01 6.7766335591e+00 0.0000000000e+00 8.1284083871e-04
4.8466729058e-01 3.9616420841e+00 2.4880781578e+00 1.0737973108e+01 6.7762135498e+00 0.0000000000e+00 8.1295883862e-04
4.8547773012e-01 3.9610495738e+00 2.4885321791e+00 1.0735701353e+01 6.7757933552e+00 0.0000000000e+00 8.1308044439e-04
4.8629345147e-01 3.9604511587e+00 2.4889889580e+00 1.0733404492e+01 6.7753672890e+00 0.0000000000e+00 8.1320329899e-04
4.8710413672e-01 3.9598537472e+00 2.4894425375e+00 1.0731120794e+01 6.7749476867e+00 0.0000000000e+00 8.1332598457e-04
4.8792010343e-01 3.9592525983e+00 2.4898950021e+00 1.0728849013e+01 6.7745418778e+00 0.0000000000e+00 8.1344947507e-04
4.8873103567e-01 3.9586628023e+00 2.4903475657e+00 1.0726573625e+01 6.7741142403e+00 0.0000000000e+00 8.1357066983e-04
4.8954724477e-01 3.9580462662e+00 2.4908018002e+00 1.0724283219e+01 6.7737227524e+00 0.0000000000e+00 8.1369739794e-04
4.9035843046e-01 3.9574542144e+00 2.4912591164e+00 1.0721967730e+01 6.7732733907e+00 0.0000000000e+00 8.1381913050e-04
4.9117488303e-01 3.9568345835e+00 2.4917199925e+00 1.0719624479e+01 6.7728535608e+00 0.0000000000e+00 8.1394657264e-04
4.9198632361e-01 3.9561706784e+00 2.4921841569e+00 1.0717256247e+01 6.7724936044e+00 0.0000000000e+00 8.1408316514e-04
4.9280304937e-01 3.9554914259e+00 2.4926511875e+00 1.0714866382e+01 6.7721461308e+00 0.0000000000e+00 8.1422296270e-04
4.9361476953e-01 3.9549027352e+00 2.4931205850e+00 1.0712458556e+01 6.7716321191e+00 0.0000000000e+00 8.1434416048e-04
4.9443173769e-01 3.9542772021e+00 2.4935915712e+00 1.0710038935e+01 6.7711735849e+00 0.0000000000e+00 8.1447298283e-04
4.9524371550e-01 3.9537141241e+00 2.4940636310e+00 1.0707611856e+01 6.7706032355e+00 0.0000000000e+00 8.1458897801e-04
4.9606091564e-01 3.9530802312e+00 2.4945374209e+00 1.0705172539e+01 6.7701462611e+00 0.0000000000e+00 8.1471960076e-04
4.9687315470e-01 3.9521929254e+00 2.4950149643e+00 1.0702705425e+01 6.7701056272e+00 0.0000000000e+00 8.1490251325e-04
4.9769072067e-01 3.9515542977e+00 2.4954981289e+00 1.0700195484e+01 6.7696118274e+00 0.0000000000e+00 8.1503421315e-04
4.9850322313e-01 3.9510213149e+00 2.4959872189e+00 1.0697639835e+01 6.7689079496e+00 0.0000000000e+00 8.1514415920e-04
4.9932100899e-01 3.9505938847e+00 2.4964815906e+00 1.0695043128e+01 6.7679970658e+00 0.0000000000e+00 8.1523235284e-04
5.0013368783e-01 3.9500113060e+00 2.4969806324e+00 1.0692409878e+01 6.7673286541e+00 0.0000000000e+00 8.1535258970e-04
5.0095171417e-01 3.9488675868e+00 2.4974840518e+00 1.0689742254e+01 6.7675998365e+00 0.0000000000e+00 8.1558874207e-04
5.0176486532e-01 3.9480713326e+00 2.4979912075e+00 1.0687044175e+01 6.7672562592e+00 0.0000000000e+00 8.1575323149e-04
5.0258322063e-01 3.9477040499e+00 2.4985015902e+00 1.0684318231e+01 6.7661595802e+00 0.0000000000e+00 8.1582912676e-04
5.0339652357e-01 3.9470734805e+00 2.4990154309e+00 1.0681562080e+01 6.7654948234e+00 0.0000000000e+00 8.1595946050e-04
5.0421513955e-01 3.9462138174e+00 2.4995331915e+00 1.0678771993e+01 6.7652010810e+00 0.0000000000e+00 8.1613721322e-04
5.0502879800e-01 3.9453779844e+00 2.5000547594e+00 1.0675948491e+01 6.7648451767e+00 0.0000000000e+00 8.1631011286e-04
5.0584775978e-01 3.9441715650e+00 2.5005800077e+00 1.0673092727e+01 6.7651042503e+00 0.0000000000e+00 8.1655980088e-04
5.0666191760e-01 3.9438402505e+00 2.5011081372e+00 1.0670210121e+01 6.7638452896e+00 0.0000000000e+00 8.1662839850e-04
5.0748101657e-01 3.9432055536e+00 2.5016373368e+00 1.0667314720e+01 6.7630983059e+00 0.0000000000e+00 8.1675984271e-04
5.0829543728e-01 3.9420074558e+00 2.5021675138e+00 1.0664407908e+01 6.7633103362e+00 0.0000000000e+00 8.1700808126e-04
5.0911503274e-01 3.9412641257e+00 2.5026984518e+00 1.0661490959e+01 6.7627356469e+00 0.0000000000e+00 8.1716217056e-04
5.0992976162e-01 3.9406649733e+00 2.5032303983e+00 1.0658561215e+01 6.7619052159e+00 0.0000000000e+00 8.1728641474e-04
5.1074960557e-01 3.9397208796e+00 2.5037631272e+00 1.0655619947e+01 6.7616591839e+00 0.0000000000e+00 8.1748226490e-04
5.1156472615e-01 3.9387481870e+00 2.5042977676e+00 1.0652658049e+01 6.7614490334e+00 0.0000000000e+00 8.1768414603e-04
5.1238497386e-01 3.9380813427e+00 2.5048339732e+00 1.0649677479e+01 6.7607018191e+00 0.0000000000e+00 8.1782260636e-04
5.1320037137e-01 3.9370498595e+00 2.5053710156e+00 1.0646683885e+01 6.7605721699e+00 0.0000000000e+00 8.1803687092e-04
5.1402104760e-01 3.9370193447e+00 2.5059084584e+00 1.0643679478e+01 6.7587167765e+00 0.0000000000e+00 8.1804321130e-04
5.1483645779e-01 3.9366726967e+00 2.5064464214e+00 1.0640663022e+01 6.7573963104e+00 0.0000000000e+00 8.1811524500e-04
5.1565727809e-01 3.9355707641e+00 2.5069851174e+00 1.0637633473e+01 6.7573638685e+00 0.0000000000e+00 8.1834431160e-04
5.1647314641e-01 3.9343157439e+00 2.5075248341e+00 1.0634589507e+01 6.7575851810e+00 0.0000000000e+00 8.1860535792e-04
5.1729448880e-01 3.9338393135e+00 2.5080667914e+00 1.0631522281e+01 6.7564543402e+00 0.0000000000e+00 8.1870449986e-04
5.1811055541e-01 3.9327310473e+00 2.5086108067e+00 1.0628435717e+01 6.7563962481e+00 0.0000000000e+00 8.1893521549e-04
5.1893235924e-01 3.9320267453e+00 2.5091579713e+00 1.0625324313e+01 6.7556282045e+00 0.0000000000e+00 8.1908190263e-04
5.1974871922e-01 3.9308070145e+00 2.5097077288e+00 1.0622196974e+01 6.7557354857e+00 0.0000000000e+00 8.1933606403e-04
5.2057103136e-01 3.9300680546e+00 2.5102609609e+00 1.0619051919e+01 6.7550051114e+00 0.0000000000e+00 8.1949012154e-04
5.2138769946e-01 3.9294095878e+00 2.5108177117e+00 1.0615895525e+01 6.7541288887e+00 0.0000000000e+00 8.1962744676e-04
5.2221028626e-01 3.9287362755e+00 2.5113790426e+00 1.0612727591e+01 6.7532705471e+00 0.0000000000e+00 8.1976791565e-04
5.2302723529e-01 3.9279178399e+00 2.5119460334e+00 1.0609550077e+01 6.7526552933e+00 0.0000000000e+00 8.1993872555e-04
5.2385016371e-01 3.9271404094e+00 2.5125199522e+00 1.0606365225e+01 6.7519646100e+00 0.0000000000e+00 8.2010104351e-04
5.2466743738e-01 3.9263356974e+00 2.5131009636e+00 1.0603182228e+01 6.7513217444e+00 0.0000000000e+00 8.2026912518e-04
5.2549070196e-01 3.9254625931e+00 2.5136905091e+00 1.0600018198e+01 6.7508083102e+00 0.0000000000e+00 8.2045157005e-04
5.2630834052e-01 3.9247299208e+00 2.5142918307e+00 1.0596898762e+01 6.7500815189e+00 0.0000000000e+00 8.2060473273e-04
5.2713191142e-01 3.9238364591e+00 2.5149063202e+00 1.0593848371e+01 6.7496750193e+00 0.0000000000e+00 8.2079158531e-04
5.2794992369e-01 3.9232206533e+00 2.5155317183e+00 1.0590892369e+01 6.7488508197e+00 0.0000000000e+00 8.2092042032e-04
5.2877375227e-01 3.9224835709e+00 2.5161720432e+00 1.0588095552e+01 6.7483364562e+00 0.0000000000e+00 8.2107468127e-04
5.2959207305e-01 3.9215247934e+00 2.5168597063e+00 1.0585639479e+01 6.7484205998e+00 0.0000000000e+00 8.2127542663e-04
5.3041630312e-01 3.9211959243e+00 2.5176354556e+00 1.0583757199e+01 6.7477865192e+00 0.0000000000e+00 8.2134430666e-04
5.3123476167e-01 3.9207092982e+00 2.5184798149e+00 1.0582423805e+01 6.7477738081e+00 0.0000000000e+00 8.2144624933e-04
5.3205919562e-01 3.9204421187e+00 2.5193102747e+00 1.0581110453e+01 6.7473961691e+00 0.0000000000e+00 8.2150223118e-04
5.3287776613e-01 3.9199135744e+00 2.5200890420e+00 1.0579325291e+01 6.7471674379e+00 0.0000000000e+00 8.2161299902e-04
5.3370242162e-01 3.9193560886e+00 2.5207746778e+00 1.0576788912e+01 6.7465092944e+00 0.0000000000e+00 8.2172986452e-04
5.3452122586e-01 3.9183009848e+00 2.5213338619e+00 1.0573358570e+01 6.7461372999e+00 0.0000000000e+00 8.2195113652e-04
5.3534632389e-01 3.9171852604e+00 2.5217558137e+00 1.0568925652e+01 6.7452296414e+00 0.0000000000e+00 8.2218525130e-04
5.3616559636e-01 3.9156884847e+00 2.5220508000e+00 1.0563420294e+01 6.7442930759e+00 0.0000000000e+00 8.2249953242e-04
5.3699132295e-01 3.9140422426e+00 2.5222286974e+00 1.0556927282e+01 6.7429824639e+00 0.0000000000e+00 8.2284547485e-04
5.3781128731e-01 3.9120806462e+00 2.5222996195e+00 1.0549691731e+01 6.7417396809e+00 0.0000000000e+00 8.2325806623e-04
5.3863783909e-01 3.9101292863e+00 2.5222812973e+00 1.0541972018e+01 6.7401684485e+00 0.0000000000e+00 8.2366891525e-04
5.3945862514e-01 3.9077381261e+00 2.5222247386e+00 1.0533311725e+01 6.7387523068e+00 0.0000000000e+00 8.2417292147e-04
5.4028618493e-01 3.9053582018e+00 2.5219904911e+00 1.0524124996e+01 6.7369780515e+00 0.0000000000e+00 8.2467517223e-04
5.4110797548e-01 3.9024592742e+00 2.5216477911e+00 1.0513237774e+01 6.7350080013e+00 0.0000000000e+00 8.2528777918e-04
5.4193676049e-01 3.8992771283e+00 2.5210526446e+00 1.0501171423e+01 6.7327680732e+00 0.0000000000e+00 8.2596128507e-04
5.4275989805e-01 3.8954981696e+00 2.5202615560e+00 1.0487053874e+01 6.7302392517e+00 0.0000000000e+00 8.2676253653e-04
5.4359028556e-01 3.8913013874e+00 2.5191951810e+00 1.0471228201e+01 6.7273304989e+00 0.0000000000e+00 8.2765420283e-04
5.4441520646e-01 3.8865736149e+00 2.5178914640e+00 1.0453440627e+01 6.7240721925e+00 0.0000000000e+00 8.2866099214e-04
5.4524760754e-01 3.8814793512e+00 2.5163665223e+00 1.0434124805e+01 6.7204562106e+00 0.0000000000e+00 8.2974857171e-04
5.4607470360e-01 3.8762174336e+00 2.5147543906e+00 1.0414283060e+01 6.7167820420e+00 0.0000000000e+00 8.3087494520e-04
5.4690935743e-01 3.8712770505e+00 2.5133170477e+00 1.0395557011e+01 6.7132608150e+00 0.0000000000e+00 8.3193527761e-04
5.4773857416e-01 3.8667191634e+00 2.5120961611e+00 1.0378448222e+01 6.7101124903e+00 0.0000000000e+00 8.3291591957e-04
5.4857518927e-01 3.8626603936e+00 2.5111021243e+00 1.0363042795e+01 6.7071925426e+00 0.0000000000e+00 8.3379112310e-04
5.4940615641e-01 3.8589833744e+00 2.5103391419e+00 1.0349366963e+01 6.7047237310e+00 0.0000000000e+00 8.3458559813e-04
5.5024436047e-01 3.8558164965e+00 2.5097976742e+00 1.0337344957e+01 6.7024357656e+00 0.0000000000e+00 8.3527106402e-04
5.5107669853e-01 3.8529836667e+00 2.5094510578e+00 1.0326774198e+01 6.7005047852e+00 0.0000000000e+00 8.3588518051e-04
5.5191613083e-01 3.8505219645e+00 2.5092581297e+00 1.0317343761e+01 6.6986656981e+00 0.0000000000e+00 8.3641957569e-04
5.5274953768e-01 3.8481797056e+00 2.5091707554e+00 1.0308699464e+01 6.6971271177e+00 0.0000000000e+00 8.3692867644e-04
5.5358998818e-01 3.8460128989e+00 2.5091434735e+00 1.0300533028e+01 6.6955918365e+00 0.0000000000e+00 8.3740019401e-04
5.5442433807e-01 3.8439024911e+00 2.5091559787e+00 1.0292698239e+01 6.6941723047e+00 0.0000000000e+00 8.3785994966e-04
5.5526570808e-01 3.8419605546e+00 2.5092397145e+00 1.0285377216e+01 6.6927920455e+00 0.0000000000e+00 8.3828344980e-04
5.5610090497e-01 3.8402238295e+00 2.5094400512e+00 1.0278882521e+01 6.6915907625e+00 0.0000000000e+00 8.3866255997e-04
5.5694303320e-01 3.8387866951e+00 2.5097900817e+00 1.0273453074e+01 6.6905599932e+00 0.0000000000e+00 8.3897653179e-04
5.5777885804e-01 3.8376886880e+00 2.5103156240e+00 1.0269245261e+01 6.6897331285e+00 0.0000000000e+00 8.3921657267e-04
5.5862146635e-01 3.8369209087e+00 2.5110224862e+00 1.0266253973e+01 6.6891227481e+00 0.0000000000e+00 8.3938450240e-04
5.5945762704e-01 3.8363410894e+00 2.5118612797e+00 1.0264128242e+01 6.6887484732e+00 0.0000000000e+00 8.3951136582e-04
5.6030048908e-01 3.8358382658e+00 2.5127253641e+00 1.0262252334e+01 6.6884026532e+00 0.0000000000e+00 8.3962141377e-04
5.6113686987e-01 3.8352499003e+00 2.5135679480e+00 1.0260153776e+01 6.6880607801e+00 0.0000000000e+00 8.3975022005e-04
5.6197998952e-01 3.8346290996e+00 2.5143728271e+00 1.0257721011e+01 6.6875574826e+00 0.0000000000e+00 8.3988616998e-04
5.6281664221e-01 3.8338813183e+00 2.5151410961e+00 1.0254968049e+01 6.6870667073e+00 0.0000000000e+00 8.4004998600e-04
5.6366008949e-01 3.8331077707e+00 2.5158791009e+00 1.0251953671e+01 6.6864501888e+00 0.0000000000e+00 8.4021951388e-04
5.6449708124e-01 3.8322290777e+00 2.5165938336e+00 1.0248743932e+01 6.6858894161e+00 0.0000000000e+00 8.4041216807e-04
5.6534091383e-01 3.8313659955e+00 2.5172914090e+00 1.0245396440e+01 6.6852112612e+00 0.0000000000e+00 8.4060148561e-04
5.6617828421e-01 3.8304239466e+00 2.5179768964e+00 1.0241954777e+01 6.6846091449e+00 0.0000000000e+00 8.4080822193e-04
5.6702253027e-01 3.8295183342e+00 2.5186543949e+00 1.0238447637e+01 6.6839003913e+00 0.0000000000e+00 8.4100705798e-04
5.6786029832e-01 3.8285503065e+00 2.5193269242e+00 1.0234892664e+01 6.6832690214e+00 0.0000000000e+00 8.4121970196e-04
5.6870496968e-01 3.8276191316e+00 2.5199967715e+00 1.0231300715e+01 6.6825488402e+00 0.0000000000e+00 8.4142435205e-04
5.6954314703e-01 3.8266336139e+00 2.5206657574e+00 1.0227679275e+01 6.6819039313e+00 0.0000000000e+00 8.4164105391e-04
5.7038825178e-01 3.8256760300e+00 2.5213357964e+00 1.0224028075e+01 6.6811904579e+00 0.0000000000e+00 8.4185172045e-04
5.7122685047e-01 3.8246803391e+00 2.5220083425e+00 1.0220345993e+01 6.6805230027e+00 0.0000000000e+00 8.4207088233e-04
5.7207239355e-01 3.8237238305e+00 2.5226848518e+00 1.0216631189e+01 6.6797653556e+00 0.0000000000e+00 8.4228152725e-04
5.7291141352e-01 3.8227060728e+00 2.5233656656e+00 1.0212889444e+01 6.6790967247e+00 0.0000000000e+00 8.4250577638e-04
5.7375740510e-01 3.8217222696e+00 2.5240505890e+00 1.0209129626e+01 6.6783565796e+00 0.0000000000e+00 8.4272265762e-04
5.7459685884e-01 3.8206897101e+00 2.5247387524e+00 1.0205363979e+01 6.6776974531e+00 0.0000000000e+00 8.4295040741e-04
5.7544330592e-01 3.8197126205e+00 2.5254283044e+00 1.0201604403e+01 6.6769449801e+00 0.0000000000e+00 8.4316603571e-04
5.7628319091e-01 3.8186834508e+00 2.5261187885e+00 1.0197858719e+01 6.6762922683e+00 0.0000000000e+00 8.4339327655e-04
5.7713009247e-01 3.8177135975e+00 2.5268099686e+00 1.0194122305e+01 6.6755415540e+00 0.0000000000e+00 8.4360753249e-04
5.7797040597e-01 3.8166966536e+00 2.5275019687e+00 1.0190388343e+01 6.6748744188e+00 0.0000000000e+00 8.4383230841e-04
5.7881775709e-01 3.8157310595e+00 2.5281952558e+00 1.0186648991e+01 6.6741135786e+00 0.0000000000e+00 8.4404584534e-04
5.7965849766e-01 3.8147007486e+00 2.5288905627e+00 1.0182896334e+01 6.6734568486e+00 0.0000000000e+00 8.4427381333e-04
5.8050630471e-01 3.8137248244e+00 2.5295887426e+00 1.0179122877e+01 6.6726909685e+00 0.0000000000e+00 8.4448986123e-04
5.8134747739e-01 3.8126876037e+00 2.5302904366e+00 1.0175324758e+01 6.6720157901e+00 0.0000000000e+00 8.4471960005e-04
5.8219574391e-01 3.8116925338e+00 2.5309958942e+00 1.0171501620e+01 6.6712500615e+00 0.0000000000e+00 8.4494012021e-04
5.8303735763e-01 3.8106501938e+00 2.5317048083e+00 1.0167656735e+01 6.6705524112e+00 0.0000000000e+00 8.4517123953e-04
5.8388608639e-01 3.8096343996e+00 2.5324165590e+00 1.0163794895e+01 6.6697967762e+00 0.0000000000e+00 8.4539659451e-04
5.8472815082e-01 3.8085806180e+00 2.5331303544e+00 1.0159921905e+01 6.6690999380e+00 0.0000000000e+00 8.4563050405e-04
5.8557734740e-01 3.8075666588e+00 2.5338456918e+00 1.0156041114e+01 6.6683278485e+00 0.0000000000e+00 8.4585569639e-04
5.8641986221e-01 3.8065037893e+00 2.5345623683e+00 1.0152153397e+01 6.6676364710e+00 0.0000000000e+00 8.4609188011e-04
5.8726953116e-01 3.8054904181e+00 2.5352807798e+00 1.0148254944e+01 6.6668509369e+00 0.0000000000e+00 8.4631718751e-04
5.8811249658e-01 3.8044226268e+00 2.5360016360e+00 1.0144340059e+01 6.6661495412e+00 0.0000000000e+00 8.4655472423e-04
5.8896264061e-01 3.8034005695e+00 2.5367260243e+00 1.0140400733e+01 6.6653515372e+00 0.0000000000e+00 8.4678221209e-04
5.8980606101e-01 3.8023103061e+00 2.5374547573e+00 1.0136431499e+01 6.6646529895e+00 0.0000000000e+00 8.4702501596e-04
5.9065669064e-01 3.8012763776e+00 2.5381884515e+00 1.0132428261e+01 6.6638329173e+00 0.0000000000e+00 8.4725540260e-04
5.9150057181e-01 3.8001659553e+00 2.5389270181e+00 1.0128392143e+01 6.6631248889e+00 0.0000000000e+00 8.4750297372e-04
5.9235169659e-01 3.7991088374e+00 2.5396701238e+00 1.0124325815e+01 6.6623030874e+00 0.0000000000e+00 8.4773879495e-04
5.9319604940e-01 3.7979881903e+00 2.5404168789e+00 1.0120236049e+01 6.6615768280e+00 0.0000000000e+00 8.4798893160e-04
5.9404767445e-01 3.7969178455e+00 2.5411666923e+00 1.0116127188e+01 6.6607493233e+00 0.0000000000e+00 8.4822797826e-04
5.9489250536e-01 3.7957823633e+00 2.5419190147e+00 1.0112003301e+01 6.6600257426e+00 0.0000000000e+00 8.4848171984e-04
5.9574463789e-01 3.7947083479e+00 2.5426739492e+00 1.0107863475e+01 6.6591833601e+00 0.0000000000e+00 8.4872186540e-04
5.9658994909e-01 3.7935676362e+00 2.5434316463e+00 1.0103706553e+01 6.6584462979e+00 0.0000000000e+00 8.4897707292e-04
5.9744259204e-01 3.7924760639e+00 2.5441928100e+00 1.0099527108e+01 6.6576076801e+00 0.0000000000e+00 8.4922143041e-04
5.9828839195e-01 3.7913219409e+00 2.5449575985e+00 1.0095323718e+01 6.6568626164e+00 0.0000000000e+00 8.4947994340e-04
5.9914155192e-01 3.7902210365e+00 2.5457263840e+00 1.0091093196e+01 6.6560057438e+00 0.0000000000e+00 8.4972668261e-04
5.9998784532e-01 3.7890591614e+00 2.5464987315e+00 1.0086838461e+01 6.6552394877e+00 0.0000000000e+00 8.4998724235e-04
6.0084152641e-01 3.7879487637e+00 2.5472744083e+00 1.0082561039e+01 6.6543673557e+00 0.0000000000e+00 8.5023640726e-04
6.0168831813e-01 3.7867685917e+00 2.5480525767e+00 1.0078267341e+01 6.6536065624e+00 0.0000000000e+00 8.5050138917e-04
6.0254252919e-01 3.7856533421e+00 2.5488331522e+00 1.0073958416e+01 6.6527211456e+00 0.0000000000e+00 8.5075194602e-04
6.0338982202e-01 3.7844594445e+00 2.5496157796e+00 1.0069637676e+01 6.6519656399e+00 0.0000000000e+00 8.5102033593e-04
6.0424456986e-01 3.7833424236e+00 2.5504008822e+00 1.0065302697e+01 6.6510650966e+00 0.0000000000e+00 8.5127159721e-04
6.0509236522e-01 3.7821388297e+00 2.5511885470e+00 1.0060953542e+01 6.6503068731e+00 0.0000000000e+00 8.5154249825e-04
6.0594765485e-01 3.7810047122e+00 2.5519793739e+00 1.0056586027e+01 6.6494138415e+00 0.0000000000e+00 8.5179791957e-04
6.0679596106e-01 3.7797928412e+00 2.5527731962e+00 1.0052201345e+01 6.6486456846e+00 0.0000000000e+00 8.5207102163e-04
6.0765179690e-01 3.7786493228e+00 2.5535702808e+00 1.0047796987e+01 6.6477437631e+00 0.0000000000e+00 8.5232888067e-04
6.0850061882e-01 3.7774264290e+00 2.5543700158e+00 1.0043376807e+01 6.6469704940e+00 0.0000000000e+00 8.5260481130e-04
6.0935700652e-01 3.7762810985e+00 2.5551724768e+00 1.0038939405e+01 6.6460488128e+00 0.0000000000e+00 8.5286340283e-04
6.1020634562e-01 3.7750506542e+00 2.5559769859e+00 1.0034489204e+01 6.6452679204e+00 0.0000000000e+00 8.5314138610e-04
6.1106328929e-01 3.7738880589e+00 2.5567839168e+00 1.0030023075e+01 6.6443565087e+00 0.0000000000e+00 8.5340420740e-04
6.1191315404e-01 3.7726616569e+00 2.5575930501e+00 1.0025542709e+01 6.6435474614e+00 0.0000000000e+00 8.5368162869e-04
6.1277065255e-01 3.7714948518e+00 2.5584052745e+00 1.0021041907e+01 6.6426193733e+00 0.0000000000e+00 8.5394573619e-04
6.1362104551e-01 3.7702315420e+00 2.5592205964e+00 1.0016521332e+01 6.6418476029e+00 0.0000000000e+00 8.5423187193e-04
6.1447911629e-01 3.7690717272e+00 2.5600397346e+00 1.0011976294e+01 6.6408767323e+00 0.0000000000e+00 8.5449473526e-04
6.1533003498e-01 3.7677958489e+00 2.5608621994e+00 1.0007411092e+01 6.6400964208e+00 0.0000000000e+00 8.5478409045e-04
6.1618868447e-01 3.7666141439e+00 2.5616882182e+00 1.0002824364e+01 6.6391352962e+00 0.0000000000e+00 8.5505226303e-04
6.1704013951e-01 3.7653388117e+00 2.5625169260e+00 9.9982226380e+00 6.6383286723e+00 0.0000000000e+00 8.5534187194e-04
6.1789936822e-01 3.7641480714e+00 2.5633486797e+00 9.9936030751e+00 6.6373604901e+00 0.0000000000e+00 8.5561244847e-04
6.1875136440e-01 3.7628532984e+00 2.5641829904e+00 9.9889690104e+00 6.6365655384e+00 0.0000000000e+00 8.5590685906e-04
6.1961118194e-01 3.7616564275e+00 2.5650208250e+00 9.9843128485e+00 6.6355826488e+00 0.0000000000e+00 8.5617918855e-04
6.2046372278e-01 3.7603425459e+00 2.5658618859e+00 9.9796364481e+00 6.6347921274e+00 0.0000000000e+00 8.5647834163e-04
6.2132413862e-01 3.7591411532e+00 2.5667068013e+00 9.9749347405e+00 6.6337857065e+00 0.0000000000e+00 8.5675206555e-04
6.2217722691e-01 3.7578167394e+00 2.5675544420e+00 9.9702158051e+00 6.6329843207e+00 0.0000000000e+00 8.5705402127e-04
6.2303824666e-01 3.7566034052e+00 2.5684049874e+00 9.9654780408e+00 6.6319737313e+00 0.0000000000e+00 8.5733083862e-04
6.2389188859e-01 3.7552694191e+00 2.5692574700e+00 9.9607285028e+00 6.6311676947e+00 0.0000000000e+00 8.5763538864e-04
6.2475351744e-01 3.7540495895e+00 2.5701130448e+00 9.9559585878e+00 6.6301458934e+00 0.0000000000e+00 8.5791406611e-04
6.2560771672e-01 3.7527015022e+00 2.5709715048e+00 9.9511698411e+00 6.6293374488e+00 0.0000000000e+00 8.5822225557e-04
6.2646996195e-01 3.7514750087e+00 2.5718341354e+00 9.9463526758e+00 6.6282946393e+00 0.0000000000e+00 8.5850283962e-04
6.2732472240e-01 3.7501205860e+00 2.5726998348e+00 9.9415150862e+00 6.6274636097e+00 0.0000000000e+00 8.5881290319e-04
6.2818758776e-01 3.7488653631e+00 2.5735688849e+00 9.9366548340e+00 6.6264415173e+00 0.0000000000e+00 8.5910045728e-04
6.2904292332e-01 3.7475082552e+00 2.5744397425e+00 9.9317832024e+00 6.6255912769e+00 0.0000000000e+00 8.5941156854e-04
6.2990641089e-01 3.7462448842e+00 2.5753133424e+00 9.9268934277e+00 6.6245625517e+00 0.0000000000e+00 8.5970139360e-04
6.3076232610e-01 3.7448690062e+00 2.5761892012e+00 9.9219893549e+00 6.6237225777e+00 0.0000000000e+00 8.6001725090e-04
6.3162644540e-01 3.7436044521e+00 2.5770690028e+00 9.9170589515e+00 6.6226674575e+00 0.0000000000e+00 8.6030775658e-04
6.3248294162e-01 3.7422149720e+00 2.5779519692e+00 9.9121082683e+00 6.6218191248e+00 0.0000000000e+00 8.6062718786e-04
6.3334769977e-01 3.7409414463e+00 2.5788388434e+00 9.9071320383e+00 6.6207478655e+00 0.0000000000e+00 8.6092017048e-04
6.3420478196e-01 3.7395418888e+00 2.5797279141e+00 9.9021429353e+00 6.6198903701e+00 0.0000000000e+00 8.6124237767e-04
6.3507018453e-01 3.7382482320e+00 2.5806199951e+00 9.8971350832e+00 6.6188321835e+00 0.0000000000e+00 8.6154041888e-04
6.3592786280e-01 3.7368496351e+00 2.5815142284e+00 9.8921148719e+00 6.6179508395e+00 0.0000000000e+00 8.6186286905e-04
6.3679391027e-01 3.7355464545e+00 2.5824124034e+00 9.8870693545e+00 6.6168828810e+00 0.0000000000e+00 8.6216353803e-04
6.3765218987e-01 3.7341366079e+00 2.5833135943e+00 9.8820053885e+00 6.6159908073e+00 0.0000000000e+00 8.6248905326e-04
6.3851888837e-01 3.7328188168e+00 2.5842186087e+00 9.8769171015e+00 6.6149186354e+00 0.0000000000e+00 8.6279353641e-04
6.3937777694e-01 3.7313918211e+00 2.5851254069e+00 9.8718193605e+00 6.6140329358e+00 0.0000000000e+00 8.6312349443e-04
6.4024513536e-01 3.7300742554e+00 2.5860348184e+00 9.8667060952e+00 6.6129421425e+00 0.0000000000e+00 8.6342837360e-04
6.4110463369e-01 3.7286353459e+00 2.5869458324e+00 9.8615847496e+00 6.6120603349e+00 0.0000000000e+00 8.6376157734e-04
6.4197265852e-01 3.7273068264e+00 2.5878604253e+00 9.8564409924e+00 6.6109670142e+00 0.0000000000e+00 8.6406944686e-04
6.4283277259e-01 3.7258584103e+00 2.5887774953e+00 9.8512828793e+00 6.6100759842e+00 0.0000000000e+00 8.6440535122e-04
6.4370146922e-01 3.7245161443e+00 2.5896979267e+00 9.8461039097e+00 6.6089818974e+00 0.0000000000e+00 8.6471687138e-04
6.4456220633e-01 3.7230700433e+00 2.5906195171e+00 9.8409199884e+00 6.6080679882e+00 0.0000000000e+00 8.6505274149e-04
6.4543157470e-01 3.7217181674e+00 2.5915434264e+00 9.8357226665e+00 6.6069770898e+00 0.0000000000e+00 8.6536696303e-04
6.4629294025e-01 3.7202761675e+00 2.5924686646e+00 9.8305191453e+00 6.6060412606e+00 0.0000000000e+00 8.6570238410e-04
6.4716297947e-01 3.7189093756e+00 2.5933973523e+00 9.8252941514e+00 6.6049566950e+00 0.0000000000e+00 8.6602055131e-04
6.4802498136e-01 3.7174628509e+00 2.5943279755e+00 9.8200586290e+00 6.6040058925e+00 0.0000000000e+00 8.6635753386e-04
6.4889569454e-01 3.7160782451e+00 2.5952613220e+00 9.8148068735e+00 6.6029334060e+00 0.0000000000e+00 8.6668033752e-04
6.4975834203e-01 3.7146360311e+00 2.5961951691e+00 9.8095548546e+00 6.6019623272e+00 0.0000000000e+00 8.6701682769e-04
6.5062972819e-01 3.7132190898e+00 2.5971311149e+00 9.8042911648e+00 6.6009377092e+00 0.0000000000e+00 8.6734767593e-04
6.5149303738e-01 3.7117841515e+00 2.5980682837e+00 9.7990221475e+00 6.5999407209e+00 0.0000000000e+00 8.6768298378e-04
6.5236509416e-01 3.7103563485e+00 2.5990086864e+00 9.7937335538e+00 6.5989170809e+00 0.0000000000e+00 8.6801688172e-04
6.5322907115e-01 3.7088983809e+00 2.5999506851e+00 9.7884372553e+00 6.5979411202e+00 0.0000000000e+00 8.6835809907e-04
6.5410181036e-01 3.7074111711e+00 2.6008952330e+00 9.7831267115e+00 6.5970068196e+00 0.0000000000e+00 8.6870643668e-04
6.5496648402e-01 3.7059913207e+00 2.6018406139e+00 9.7778142228e+00 6.5959505680e+00 0.0000000000e+00 8.6903925805e-04
6.5583988887e-01 3.7044383711e+00 2.6027885788e+00 9.7724876992e+00 6.5951209874e+00 0.0000000000e+00 8.6940357082e-04
6.5670529116e-01 3.7030643506e+00 2.6037383489e+00 9.7671526312e+00 6.5939663117e+00 0.0000000000e+00 8.6972616266e-04
6.5757934120e-01 3.7017490702e+00 2.6046913214e+00 9.7617989632e+00 6.5926936010e+00 0.0000000000e+00 8.7003518786e-04
6.5844536154e-01 3.7002201468e+00 2.6056457933e+00 9.7564391551e+00 6.5917964121e+00 0.0000000000e+00 8.7039468462e-04
6.5932013057e-01 3.6988760580e+00 2.6066024604e+00 9.7510679793e+00 6.5905614478e+00 0.0000000000e+00 8.7071096657e-04
6.6018678347e-01 3.6973841052e+00 2.6075597814e+00 9.7456964286e+00 6.5895888494e+00 0.0000000000e+00 8.7106231219e-04
6.6106225519e-01 3.6958970875e+00 2.6085195609e+00 9.7403116303e+00 6.5885977069e+00 0.0000000000e+00 8.7141277786e-04
6.6192960903e-01 3.6947326614e+00 2.6094806880e+00 9.7349207658e+00 6.5870264902e+00 0.0000000000e+00 8.7168741094e-04
6.6280563002e-01 3.6933327444e+00 2.6104442664e+00 9.7295158400e+00 6.5858646603e+00 0.0000000000e+00 8.7201781443e-04
6.6367364466e-01 3.6913781771e+00 2.6114086754e+00 9.7241092261e+00 6.5856901945e+00 0.0000000000e+00 8.7247954374e-04
6.6455058910e-01 3.6901249202e+00 2.6123750094e+00 9.7186919619e+00 6.5842567475e+00 0.0000000000e+00 8.7277585919e-04
6.6541919637e-01 3.6887151427e+00 2.6133419428e+00 9.7132732961e+00 6.5831007005e+00 0.0000000000e+00 8.7310942242e-04
6.6629680795e-01 3.6871207387e+00 2.6143115349e+00 9.7078388695e+00 6.5822626634e+00 0.0000000000e+00 8.7348697697e-04
6.6716617033e-01 3.6856871575e+00 2.6152821545e+00 9.7023999822e+00 6.5811336987e+00 0.0000000000e+00 8.7382672757e-04
6.6804446140e-01 3.6839962502e+00 2.6162545323e+00 9.6969507213e+00 6.5804564275e+00 0.0000000000e+00 8.7422780291e-04
6.6891462593e-01 3.6826872476e+00 2.6172270612e+00 9.6915037777e+00 6.5790977662e+00 0.0000000000e+00 8.7453854514e-04
6.6979353849e-01 3.6810207095e+00 2.6182007701e+00 9.6860504846e+00 6.5783727184e+00 0.0000000000e+00 8.7493448200e-04
6.7066449490e-01 3.6794307087e+00 2.6191750373e+00 9.6805958821e+00 6.5775092999e+00 0.0000000000e+00 8.7531256943e-04
6.7154416363e-01 3.6780783617e+00 2.6201506075e+00 9.6751333048e+00 6.5762147740e+00 0.0000000000e+00 8.7563440227e-04
6.7241576370e-01 3.6763978326e+00 2.6211264230e+00 9.6696731812e+00 6.5755078894e+00 0.0000000000e+00 8.7603466609e-04
6.7329623296e-01 3.6749688516e+00 2.6221029961e+00 9.6642080998e+00 6.5743469469e+00 0.0000000000e+00 8.7637530488e-04
6.7416851431e-01 3.6735725607e+00 2.6230797711e+00 9.6587440330e+00 6.5731272988e+00 0.0000000000e+00 8.7670840701e-04
6.7504964978e-01 3.6717836779e+00 2.6240575963e+00 9.6532751645e+00 6.5726061305e+00 0.0000000000e+00 8.7713553691e-04
6.7592278539e-01 3.6704777865e+00 2.6250359135e+00 9.6478059893e+00 6.5712194369e+00 0.0000000000e+00 8.7744760631e-04
6.7680454499e-01 3.6699796667e+00 2.6260145198e+00 9.6423328550e+00 6.5683830230e+00 0.0000000000e+00 8.7756670070e-04
6.7767791879e-01 3.6682649265e+00 2.6269933329e+00 9.6368635559e+00 6.5677259882e+00 0.0000000000e+00 8.7797692157e-04
6.7856049883e-01 3.6667251287e+00 2.6279722295e+00 9.6313924899e+00 6.5667538143e+00 0.0000000000e+00 8.7834561760e-04
6.7943461002e-01 3.6649842016e+00 2.6289512033e+00 9.6259277783e+00 6.5661454789e+00 0.0000000000e+00 8.7876284605e-04
6.8031802453e-01 3.6635298107e+00 2.6299297155e+00 9.6204649520e+00 6.5650243406e+00 0.0000000000e+00 8.7911170759e-04
6.8119283344e-01 3.6616535322e+00 2.6309080482e+00 9.6150080184e+00 6.5646626134e+00 0.0000000000e+00 8.7956217578e-04
6.8207714888e-01 3.6601665141e+00 2.6318861294e+00 9.6095564411e+00 6.5636060573e+00 0.0000000000e+00 8.7991951604e-04
6.8295267247e-01 3.6588080835e+00 2.6328635647e+00 9.6041092667e+00 6.5623210124e+00 0.0000000000e+00 8.8024620975e-04
6.8383764130e-01 3.6573647099e+00 2.6338407584e+00 9.5986703788e+00 6.5611930585e+00 0.0000000000e+00 8.8059359763e-04
6.8471385966e-01 3.6559662716e+00 2.6348168280e+00 9.5932345064e+00 6.5599856465e+00 0.0000000000e+00 8.8093043218e-04
6.8559950216e-01 3.6544827722e+00 2.6357929075e+00 9.5878106450e+00 6.5589381881e+00 0.0000000000e+00 8.8128803677e-04
6.8647643574e-01 3.6531127899e+00 2.6367676450e+00 9.5823902436e+00 6.5576884664e+00 0.0000000000e+00 8.8161853546e-04
6.8736273923e-01 3.6516697375e+00 2.6377421726e+00 9.5769823336e+00 6.5565775535e+00 0.0000000000e+00 8.8196692999e-04
6.8824036960e-01 3.6501341492e+00 2.6387152598e+00 9.5715789641e+00 6.5556350622e+00 0.0000000000e+00 8.8233796788e-04
6.8912741517e-01 3.6487744046e+00 2.6396882943e+00 9.5661906179e+00 6.5543861837e+00 0.0000000000e+00 8.8266677810e-04
6.9000570315e-01 3.6472263237e+00 2.6406594984e+00 9.5608061203e+00 6.5534774044e+00 0.0000000000e+00 8.8304142982e-04
6.9089349803e-01 3.6457811396e+00 2.6416306027e+00 9.5554385449e+00 6.5523945206e+00 0.0000000000e+00 8.8339146657e-04
6.9177248609e-01 3.6443733156e+00 2.6425996414e+00 9.5500756438e+00 6.5512468241e+00 0.0000000000e+00 8.8373272133e-04
6.9266096347e-01 3.6428260693e+00 2.6435684449e+00 9.5447313813e+00 6.5503617244e+00 0.0000000000e+00 8.8410807610e-04
6.9354070224e-01 3.6414848426e+00 2.6445351532e+00 9.5393938403e+00 6.5491099460e+00 0.0000000000e+00 8.8443370958e-04
6.9442983089e-01 3.6400477471e+00 2.6455011435e+00 9.5340741106e+00 6.5480419304e+00 0.0000000000e+00 8.8478288515e-04
6.9531026801e-01 3.6384492508e+00 2.6464651594e+00 9.5287643223e+00 6.5472703243e+00 0.0000000000e+00 8.8517160080e-04
6.9620017409e-01 3.6370502196e+00 2.6474281240e+00 9.5234718350e+00 6.5461509053e+00 0.0000000000e+00 8.8551209175e-04
6.9708129219e-01 3.6355056042e+00 2.6483891156e+00 9.5181915213e+00 6.5453010926e+00 0.0000000000e+00 8.8588831882e-04
6.9797195073e-01 3.6341046750e+00 2.6493488577e+00 9.5129291793e+00 6.5442041645e+00 0.0000000000e+00 8.8622982434e-04
6.9885375184e-01 3.6326167193e+00 2.6503064680e+00 9.5076798579e+00 6.5432721043e+00 0.0000000000e+00 8.8659283283e-04
6.9974513639e-01 3.6312155486e+00 2.6512625110e+00 9.5024483166e+00 6.5421951612e+00 0.0000000000e+00 8.8693494082e-04
7.0062762172e-01 3.6297724714e+00 2.6522163945e+00 9.4972315495e+00 6.5412030811e+00 0.0000000000e+00 8.8728755675e-04
7.0151971151e-01 3.6283119105e+00 2.6531684924e+00 9.4920330312e+00 6.5402543010e+00 0.0000000000e+00 8.8764473043e-04
7.0240291118e-01 3.6269413587e+00 2.6541183847e+00 9.4868507585e+00 6.5391536699e+00 0.0000000000e+00 8.8798015440e-04
7.0329567182e-01 3.6254192498e+00 2.6550661253e+00 9.4816859849e+00 6.5383375905e+00 0.0000000000e+00 8.8835296715e-04
7.0417961712e-01 3.6241904929e+00 2.6560117412e+00 9.4765393387e+00 6.5370041650e+00 0.0000000000e+00 8.8865415713e-04
7.0507298013e-01 3.6225145833e+00 2.6569549388e+00 9.4714094963e+00 6.5364881760e+00 0.0000000000e+00 8.8906528151e-04
7.0595774768e-01 3.6215023378e+00 2.6578962166e+00 9.4662994913e+00 6.5347876436e+00 0.0000000000e+00 8.8931378398e-04
7.0685160770e-01 3.6195236786e+00 2.6588347323e+00 9.4612041469e+00 6.5348406221e+00 0.0000000000e+00 8.8979993881e-04
7.0773734756e-01 3.6188306330e+00 2.6597716950e+00 9.4561303132e+00 6.5325869543e+00 0.0000000000e+00 8.8997034522e-04
7.0863154839e-01 3.6163579196e+00 2.6607054323e+00 9.4510676050e+00 6.5335537958e+00 0.0000000000e+00 8.9057886950e-04
7.0951850530e-01 3.6162916997e+00 2.6616383173e+00 9.4460300475e+00 6.5301908916e+00 0.0000000000e+00 8.9059517737e-04
7.1041273874e-01 3.6130186272e+00 2.6625670419e+00 9.4409983858e+00 6.5326250429e+00 0.0000000000e+00 8.9140197714e-04
7.1130130925e-01 3.6143928638e+00 2.6634962248e+00 9.4360009409e+00 6.5266846304e+00 0.0000000000e+00 8.9106305515e-04
7.1219486485e-01 3.6105306035e+00 2.6644186823e+00 9.4310010747e+00 6.5302043594e+00 0.0000000000e+00 8.9201624399e-04
7.1308534174e-01 3.6199354296e+00 2.6653446210e+00 9.4260680773e+00 6.5098316398e+00 0.0000000000e+00 8.8969872817e-04
7.1397426231e-01 3.6041319689e+00 2.6662533771e+00 9.4210984785e+00 6.5349289093e+00 0.0000000000e+00 8.9359989466e-04
7.1487254153e-01 3.6418781421e+00 2.6671849981e+00 9.4163803852e+00 6.4639589916e+00 0.0000000000e+00 8.8433819641e-04
7.1574293870e-01 3.8177511605e+00 2.6680457709e+00 9.4110300416e+00 6.1626790523e+00 0.0000000000e+00 8.4359923219e-04
7.1655973999e-01 3.3917526209e+00 2.6689495217e+00 9.4065751428e+00 6.9334177594e+00 0.0000000000e+00 9.4955390553e-04
7.1764204651e-01 3.4260447359e+00 2.6699654337e+00 9.4017737923e+00 6.8605159280e+00 0.0000000000e+00 9.4004958954e-04
7.1843983917e-01 3.8835541336e+00 2.6708379857e+00 9.3963746132e+00 6.0488242792e+00 0.0000000000e+00 8.2930527989e-04
7.1930065707e-01 3.7361074005e+00 2.6716798828e+00 9.3918532929e+00 6.2845177387e+00 0.0000000000e+00 8.6203409122e-04
7.2016390736e-01 3.7446221229e+00 2.6725647671e+00 9.3868612908e+00 6.2668948846e+00 0.0000000000e+00 8.6007395192e-04
7.2102080498e-01 3.7626756285e+00 2.6734204161e+00 9.3821137273e+00 6.2336716300e+00 0.0000000000e+00 8.5594727415e-04
7.2187580190e-01 3.7812115261e+00 2.6742749175e+00 9.3773468238e+00 6.1999618106e+00 0.0000000000e+00 8.5175133037e-04
7.2272430764e-01 3.8129516258e+00 2.6751180164e+00 9.3726096441e+00 6.1452455761e+00 0.0000000000e+00 8.4466110872e-04
7.2356512412e-01 3.8343584341e+00 2.6759504187e+00 9.3678894908e+00 6.1078597970e+00 0.0000000000e+00 8.3994545712e-04
7.2440419855e-01 3.8576089400e+00 2.6767764223e+00 9.3632095029e+00 6.0680136637e+00 0.0000000000e+00 8.3488295414e-04
7.2523489003e-01 3.8835343282e+00 2.6775913308e+00 9.3585400056e+00 6.0244993444e+00 0.0000000000e+00 8.2930950922e-04
7.2606281757e-01 3.9052249784e+00 2.6783989491e+00 9.3539087050e+00 5.9880728746e+00 0.0000000000e+00 8.2470330532e-04
7.2688429664e-01 3.9270491884e+00 2.6791972032e+00 9.3492942825e+00 5.9518571285e+00 0.0000000000e+00 8.2012009353e-04
7.2770305776e-01 3.9464330206e+00 2.6799884970e+00 9.3447131501e+00 5.9197211136e+00 0.0000000000e+00 8.1609188119e-04
7.2851648040e-01 3.9660927391e+00 2.6807715471e+00 9.3401518969e+00 5.8875022039e+00 0.0000000000e+00 8.1204655554e-04
7.2932715087e-01 3.9839247150e+00 2.6815478531e+00 9.3356202378e+00 5.8583061338e+00 0.0000000000e+00 8.0841184965e-04
7.3013330410e-01 4.0017571481e+00 2.6823167930e+00 9.3311100386e+00 5.8293830018e+00 0.0000000000e+00 8.0480944459e-04
7.3093676976e-01 4.0167072013e+00 2.6830792610e+00 9.3266261552e+00 5.8048954578e+00 0.0000000000e+00 8.0181397008e-04
7.3173693204e-01 4.0349415611e+00 2.6838355396e+00 9.3221668905e+00 5.7758995696e+00 0.0000000000e+00 7.9819048156e-04
7.3253315072e-01 4.0508672952e+00 2.6845845629e+00 9.3177264926e+00 5.7504515784e+00 0.0000000000e+00 7.9505244508e-04
7.3332703693e-01 4.0607972051e+00 2.6853282195e+00 9.3133131860e+00 5.7336729192e+00 0.0000000000e+00 7.9310829502e-04
7.3411936731e-01 4.0768099559e+00 2.6860668147e+00 9.3089238887e+00 5.7084607753e+00 0.0000000000e+00 7.8999315213e-04
7.3490702324e-01 4.0900742560e+00 2.6867983848e+00 9.3045498608e+00 5.6872744103e+00 0.0000000000e+00 7.8743116779e-04
7.3569422965e-01 4.0956004669e+00 2.6875257994e+00 9.3002057335e+00 5.6769488434e+00 0.0000000000e+00 7.8636868360e-04
7.3647976060e-01 4.1065188647e+00 2.6882487503e+00 9.2958831078e+00 5.6592234287e+00 0.0000000000e+00 7.8427788934e-04
7.3726278543e-01 4.1202913344e+00 2.6889660273e+00 9.2915800210e+00 5.6376960188e+00 0.0000000000e+00 7.8165636513e-04
7.3804307333e-01 4.1261262412e+00 2.6896779951e+00 9.2872987593e+00 5.6271295498e+00 0.0000000000e+00 7.8055099612e-04
7.3882388742e-01 4.1286940891e+00 2.6903866518e+00 9.2830452829e+00 5.6210541896e+00 0.0000000000e+00 7.8006553118e-04
7.3960320440e-01 4.1362281650e+00 2.6910910431e+00 9.2788124058e+00 5.6082571099e+00 0.0000000000e+00 7.7864465383e-04
7.4038117673e-01 4.1432789951e+00 2.6917905813e+00 9.2746015330e+00 5.5961724662e+00 0.0000000000e+00 7.7731959434e-04
7.4115784359e-01 4.1480318588e+00 2.6924858402e+00 9.2704156009e+00 5.5872374638e+00 0.0000000000e+00 7.7642893241e-04
7.4193403459e-01 4.1514315768e+00 2.6931768611e+00 9.2662530823e+00 5.5801552493e+00 0.0000000000e+00 7.7579309405e-04
7.4270942977e-01 4.1494230158e+00 2.6938638842e+00 9.2621144841e+00 5.5803628895e+00 0.0000000000e+00 7.7616862283e-04
7.4348637184e-01 4.1478709562e+00 2.6945480395e+00 9.2580044909e+00 5.5799737918e+00 0.0000000000e+00 7.7645905133e-04
7.4426234788e-01 4.1499873055e+00 2.6952281927e+00 9.2539180939e+00 5.5746665066e+00 0.0000000000e+00 7.7606308421e-04
7.4503849801e-01 4.1507545705e+00 2.6959040760e+00 9.2498573932e+00 5.5711902716e+00 0.0000000000e+00 7.7591962932e-04
7.4581418714e-01 4.1486716879e+00 2.6965761618e+00 9.2458244418e+00 5.5715570773e+00 0.0000000000e+00 7.7630918761e-04
7.4659111638e-01 4.1452642693e+00 2.6972445910e+00 9.2418186733e+00 5.5737210422e+00 0.0000000000e+00 7.7694731590e-04
7.4736808177e-01 4.1410720532e+00 2.6979095452e+00 9.2378415035e+00 5.5769625502e+00 0.0000000000e+00 7.7773385885e-04
7.4814658410e-01 4.1356539942e+00 2.6985708736e+00 9.2338920434e+00 5.5818814004e+00 0.0000000000e+00 7.7875275646e-04
7.4892558728e-01 4.1292549977e+00 2.6992288658e+00 9.2299721287e+00 5.5881582355e+00 0.0000000000e+00 7.7995956887e-04
7.4970650324e-01 4.1218149961e+00 2.6998834087e+00 9.2260807808e+00 5.5958848162e+00 0.0000000000e+00 7.8136741963e-04
7.5048832212e-01 4.1137891767e+00 2.7005348088e+00 9.2222197875e+00 5.6044557654e+00 0.0000000000e+00 7.8289183267e-04
7.5127228690e-01 4.1038131111e+00 2.7011828884e+00 9.2183872389e+00 5.6157450335e+00 0.0000000000e+00 7.8479498469e-04
7.5205791209e-01 4.0912357777e+00 2.7018282393e+00 9.2145852494e+00 5.6306857817e+00 0.0000000000e+00 7.8720761224e-04
7.5284670213e-01 4.0786824916e+00 2.7024710597e+00 9.2108131200e+00 5.6457036917e+00 0.0000000000e+00 7.8963046386e-04
7.5363717302e-01 4.0678536402e+00 2.7031112152e+00 9.2070702343e+00 5.6584325842e+00 0.0000000000e+00 7.9173250382e-04
7.5443016713e-01 4.0562057259e+00 2.7037484036e+00 9.2033550685e+00 5.6723916947e+00 0.0000000000e+00 7.9400606512e-04
7.5522518515e-01 4.0426565639e+00 2.7043832018e+00 9.1996695738e+00 5.6891238647e+00 0.0000000000e+00 7.9666721543e-04
7.5602350156e-01 4.0277429757e+00 2.7050157355e+00 9.1960118468e+00 5.7079187415e+00 0.0000000000e+00 7.9961704785e-04
7.5682441924e-01 4.0117939993e+00 2.7056464763e+00 9.1923829346e+00 5.7283492973e+00 0.0000000000e+00 8.0279594324e-04
7.5762909345e-01 3.9945882691e+00 2.7062755539e+00 9.1887812808e+00 5.7507687037e+00 0.0000000000e+00 8.0625379408e-04
7.5843692683e-01 3.9766843626e+00 2.7069033618e+00 9.1852066370e+00 5.7744126762e+00 0.0000000000e+00 8.0988372576e-04
7.5924886090e-01 3.9576678085e+00 2.7075299436e+00 9.1816561880e+00 5.7999159051e+00 0.0000000000e+00 8.1377520892e-04
7.6006447725e-01 3.9382822372e+00 2.7081561831e+00 9.1781323073e+00 5.8262281335e+00 0.0000000000e+00 8.1778088866e-04
7.6088442268e-01 3.9179302361e+00 2.7087818035e+00 9.1746294554e+00 5.8542577984e+00 0.0000000000e+00 8.2202891671e-04
7.6170853508e-01 3.8935735968e+00 2.7094080127e+00 9.1711489442e+00 5.8886449146e+00 0.0000000000e+00 8.2717120086e-04
7.6253876508e-01 3.8688737423e+00 2.7100358982e+00 9.1676853007e+00 5.9240013447e+00 0.0000000000e+00 8.3245206803e-04
7.6337343922e-01 3.8482166294e+00 2.7106652001e+00 9.1642339849e+00 5.9535590557e+00 0.0000000000e+00 8.3692064607e-04
7.6421260637e-01 3.8258000735e+00 2.7112957091e+00 9.1607995200e+00 5.9861985363e+00 0.0000000000e+00 8.4182442519e-04
7.6505708807e-01 3.8009410177e+00 2.7119263259e+00 9.1573937714e+00 6.0231096251e+00 0.0000000000e+00 8.4733015659e-04
7.6590726669e-01 3.7772307923e+00 2.7125541951e+00 9.1540331213e+00 6.0586932760e+00 0.0000000000e+00 8.5264897084e-04
7.6676238601e-01 3.7490207154e+00 2.7131774787e+00 9.1507287947e+00 6.1020793757e+00 0.0000000000e+00 8.5906485778e-04
7.6762539640e-01 3.7179235916e+00 2.7137978060e+00 9.1474877949e+00 6.1509385343e+00 0.0000000000e+00 8.6625017119e-04
7.6849488635e-01 3.6918963715e+00 2.7144157086e+00 9.1442943000e+00 6.1921390662e+00 0.0000000000e+00 8.7235708256e-04
7.6937011057e-01 3.6657819644e+00 2.7150326950e+00 9.1411354370e+00 6.2340965213e+00 0.0000000000e+00 8.7857160599e-04
7.7025202956e-01 3.6373978930e+00 2.7156524584e+00 9.1379958115e+00 6.2805857926e+00 0.0000000000e+00 8.8542745185e-04
7.7114096547e-01 3.6081657123e+00 2.7162787220e+00 9.1348432143e+00 6.3292846993e+00 0.0000000000e+00 8.9260089599e-04
7.7203723136e-01 3.5754355719e+00 2.7169220648e+00 9.1316139559e+00 6.3849660918e+00 0.0000000000e+00 9.0077191519e-04
7.7294250930e-01 3.5429716258e+00 2.7176061249e+00 9.1281770732e+00 6.4410458489e+00 0.0000000000e+00 9.0902561124e-04
7.7385528258e-01 3.5125092370e+00 2.7183302025e+00 9.1245847198e+00 6.4943492701e+00 0.0000000000e+00 9.1690917530e-04
7.7477632765e-01 3.4839561667e+00 2.7189974575e+00 9.1213956545e+00 6.5452858891e+00 0.0000000000e+00 9.2442378538e-04
7.7570413015e-01 3.4555037423e+00 2.7195197827e+00 9.1191511499e+00 6.5975555447e+00 0.0000000000e+00 9.3203543909e-04
7.7664039853e-01 3.4209511794e+00 2.7198459849e+00 9.1181278673e+00 6.6634448938e+00 0.0000000000e+00 9.4144925748e-04
7.7758702866e-01 3.3878470824e+00 2.7200000343e+00 9.1184317605e+00 6.7287805047e+00 0.0000000000e+00 9.5064855921e-04
7.7854169565e-01 3.3611292446e+00 2.7198776857e+00 9.1203281486e+00 6.7836785534e+00 0.0000000000e+00 9.5820532725e-04
7.7950343932e-01 3.3319517929e+00 2.7192871827e+00 9.1254643542e+00 6.8469360612e+00 0.0000000000e+00 9.6659620183e-04
7.8047488805e-01 3.3007504083e+00 2.7177005308e+00 9.1370394163e+00 6.9204258775e+00 0.0000000000e+00 9.7573325739e-04
7.8145490583e-01 3.2764317863e+00 2.7141568485e+00 9.1612652211e+00 6.9902761744e+00 0.0000000000e+00 9.8297543114e-04
7.8244083891e-01 3.2613363462e+00 2.7068778345e+00 9.2096347361e+00 7.0597093939e+00 0.0000000000e+00 9.8752523683e-04
7.8342995631e-01 3.2558409889e+00 2.6926950599e+00 9.3028315531e+00 7.1431863417e+00 0.0000000000e+00 9.8919202710e-04
7.8441922297e-01 3.2677434507e+00 2.6663669228e+00 9.4760106377e+00 7.2496592684e+00 0.0000000000e+00 9.8558898405e-04
7.8540113428e-01 3.3112827705e+00 2.6202114280e+00 9.7783939633e+00 7.3826328353e+00 0.0000000000e+00 9.7262969398e-04
7.8636448236e-01 3.3745195570e+00 2.5575862417e+00 1.0183284344e+01 7.5442475380e+00 0.0000000000e+00 9.5440310638e-04
7.8730994049e-01 3.4233151431e+00 2.5118122435e+00 1.0507205997e+01 7.6732681318e+00 0.0000000000e+00 9.4079914152e-04
7.8824608064e-01 3.4394840183e+00 2.4886267982e+00 1.0682910420e+01 7.7649077325e+00 0.0000000000e+00 9.3637648281e-04
7.8918269345e-01 3.4305363265e+00 2.4794497777e+00 1.0754814694e+01 7.8375607122e+00 0.0000000000e+00 9.3881878553e-04
7.9012371821e-01 3.4110235797e+00 2.4765726380e+00 1.0777423840e+01 7.8989660937e+00 0.0000000000e+00 9.4418929465e-04
7.9107107204e-01 3.3891183676e+00 2.4758240879e+00 1.0782010830e+01 7.9534038505e+00 0.0000000000e+00 9.5029196338e-04
7.9202430214e-01 3.3670875707e+00 2.4756169883e+00 1.0781693735e+01 8.0052074002e+00 0.0000000000e+00 9.5650970759e-04
7.9298409146e-01 3.3494279006e+00 2.4756335190e+00 1.0780225367e+01 8.0463184211e+00 0.0000000000e+00 9.6155285122e-04
7.9394740784e-01 3.3343860047e+00 2.4756189596e+00 1.0778696414e+01 8.0814701707e+00 0.0000000000e+00 9.6589055471e-04
7.9491587257e-01 3.3198981767e+00 2.4755790986e+00 1.0777474665e+01 8.1158171810e+00 0.0000000000e+00 9.7010564069e-04
7.9588761912e-01 3.3086294844e+00 2.4755339555e+00 1.0776288206e+01 8.1425619408e+00 0.0000000000e+00 9.7340967398e-04
7.9686269192e-01 3.2996393546e+00 2.4755049597e+00 1.0775169275e+01 8.1638992304e+00 0.0000000000e+00 9.7606180604e-04
7.9783974273e-01 3.2936650433e+00 2.4755054958e+00 1.0774138740e+01 8.1779253496e+00 0.0000000000e+00 9.7783226447e-04
7.9881835644e-01 3.2904479481e+00 2.4755463998e+00 1.0772958301e+01 8.1850240993e+00 0.0000000000e+00 9.7878829828e-04
7.9979731933e-01 3.2899488284e+00 2.4756467766e+00 1.0771522156e+01 8.1851745408e+00 0.0000000000e+00 9.7893679074e-04
8.0077623003e-01 3.2926013813e+00 2.4757913099e+00 1.0769941495e+01 8.1773803201e+00 0.0000000000e+00 9.7814814937e-04
8.0175361563e-01 3.2978285318e+00 2.4759409864e+00 1.0768428301e+01 8.1632718294e+00 0.0000000000e+00 9.7659775718e-04
8.0272942554e-01 3.3058512843e+00 2.4761038116e+00 1.0767013602e+01 8.1423910787e+00 0.0000000000e+00 9.7422771649e-04
8.0370207106e-01 3.3179121426e+00 2.4762868476e+00 1.0765587077e+01 8.1117180129e+00 0.0000000000e+00 9.7068632600e-04
8.0467079819e-01 3.3300734656e+00 2.4765000574e+00 1.0764081637e+01 8.0809640899e+00 0.0000000000e+00 9.6714141023e-04
8.0563635388e-01 3.3442857809e+00 2.4767409168e+00 1.0762517877e+01 8.0454531861e+00 0.0000000000e+00 9.6303131930e-04
8.0659686083e-01 3.3626361569e+00 2.4770027343e+00 1.0760950410e+01 8.0003826668e+00 0.0000000000e+00 9.5777592265e-04
8.0755190573e-01 3.3840272890e+00 2.4772850900e+00 1.0759400535e+01 7.9486656109e+00 0.0000000000e+00 9.5172162417e-04
8.0850030408e-01 3.4061422347e+00 2.4775891407e+00 1.0757868123e+01 7.8959328336e+00 0.0000000000e+00 9.4554241303e-04
8.0944299055e-01 3.4288699358e+00 2.4779149867e+00 1.0756339670e+01 7.8424815402e+00 0.0000000000e+00 9.3927504049e-04
8.1037885416e-01 3.4560854349e+00 2.4782622603e+00 1.0754806691e+01 7.7796157629e+00 0.0000000000e+00 9.3187856851e-04
8.1130674769e-01 3.4829244506e+00 2.4786292659e+00 1.0753275886e+01 7.7185681445e+00 0.0000000000e+00 9.2469761931e-04
8.1222824940e-01 3.5111514305e+00 2.4790156878e+00 1.0751751050e+01 7.6554310339e+00 0.0000000000e+00 9.1726375562e-04
8.1314127520e-01 3.5427981371e+00 2.4794211178e+00 1.0750240603e+01 7.5859816074e+00 0.0000000000e+00 9.0907012568e-04
8.1404638965e-01 3.5734150210e+00 2.4798459187e+00 1.0748753652e+01 7.5199449192e+00 0.0000000000e+00 9.0128124744e-04
8.1494383770e-01 3.6070626732e+00 2.4802894909e+00 1.0747288314e+01 7.4487812439e+00 0.0000000000e+00 8.9287385319e-04
8.1583213736e-01 3.6415426719e+00 2.4807501488e+00 1.0745838847e+01 7.3772572611e+00 0.0000000000e+00 8.8441966439e-04
8.1671267703e-01 3.6721131354e+00 2.4812273228e+00 1.0744399740e+01 7.3148615961e+00 0.0000000000e+00 8.7705684138e-04
8.1758625104e-01 3.7045415090e+00 2.4817209902e+00 1.0742968762e+01 7.2498639415e+00 0.0000000000e+00 8.6937936581e-04
8.1845143576e-01 3.7398865420e+00 2.4822318008e+00 1.0741556502e+01 7.1804026545e+00 0.0000000000e+00 8.6116300897e-04
8.1930857706e-01 3.7763604807e+00 2.4827599487e+00 1.0740170761e+01 7.1101334315e+00 0.0000000000e+00 8.5284547495e-04
8.2015712671e-01 3.8106136036e+00 2.4833043947e+00 1.0738807333e+01 7.0453268491e+00 0.0000000000e+00 8.4517935501e-04
8.2099893577e-01 3.8436920520e+00 2.4838626660e+00 1.0737453284e+01 6.9838147406e+00 0.0000000000e+00 8.3790582184e-04
8.2183293835e-01 3.8803019150e+00 2.4844316962e+00 1.0736102775e+01 6.9170537565e+00 0.0000000000e+00 8.3000035004e-04
8.2265893647e-01 3.9128859186e+00 2.4850106807e+00 1.0734758142e+01 6.8585938647e+00 0.0000000000e+00 8.2308863961e-04
8.2347911563e-01 3.9465761847e+00 2.4855998561e+00 1.0733410428e+01 6.7991912010e+00 0.0000000000e+00 8.1606227701e-04
8.2429106102e-01 3.9848131501e+00 2.4861979533e+00 1.0732062705e+01 6.7331028460e+00 0.0000000000e+00 8.0823160997e-04
8.2509557885e-01 4.0171095429e+00 2.4868063981e+00 1.0730729637e+01 6.6781410381e+00 0.0000000000e+00 8.0173366281e-04
8.2589452835e-01 4.0469493585e+00 2.4874265008e+00 1.0729424293e+01 6.6280939928e+00 0.0000000000e+00 7.9582215206e-04
8.2668722315e-01 4.0784780397e+00 2.4880580953e+00 1.0728165378e+01 6.5760838196e+00 0.0000000000e+00 7.8967004759e-04
8.2747386844e-01 4.1098303180e+00 2.4886996698e+00 1.0726963577e+01 6.5251864110e+00 0.0000000000e+00 7.8364596553e-04
8.2825451508e-01 4.1403382809e+00 2.4893492103e+00 1.0725812254e+01 6.4764105769e+00 0.0000000000e+00 7.7787169289e-04
8.2902961183e-01 4.1730087944e+00 2.4900044912e+00 1.0724696507e+01 6.4250382852e+00 0.0000000000e+00 7.7178173026e-04
8.2979807855e-01 4.2049845218e+00 2.4906636125e+00 1.0723602327e+01 6.3755302019e+00 0.0000000000e+00 7.6591291383e-04
8.3056143766e-01 4.2290883634e+00 2.4913273146e+00 1.0722521141e+01 6.3385535012e+00 0.0000000000e+00 7.6154756557e-04
8.3132117368e-01 4.2564837693e+00 2.4919963688e+00 1.0721443230e+01 6.2971244642e+00 0.0000000000e+00 7.5664612443e-04
8.3207472990e-01 4.2880038860e+00 2.4926703294e+00 1.0720372180e+01 6.2502113252e+00 0.0000000000e+00 7.5108419519e-04
8.3282334207e-01 4.3095146533e+00 2.4933522409e+00 1.0719320333e+01 6.2184034601e+00 0.0000000000e+00 7.4733518895e-04
8.3356940028e-01 4.3331633388e+00 2.4940425210e+00 1.0718275917e+01 6.1838633115e+00 0.0000000000e+00 7.4325653014e-04
8.3430985513e-01 4.3604835962e+00 2.4947392176e+00 1.0717234103e+01 6.1445215117e+00 0.0000000000e+00 7.3859971645e-04
8.3504659972e-01 4.3833492135e+00 2.4954415876e+00 1.0716189453e+01 6.1118729830e+00 0.0000000000e+00 7.3474683190e-04
8.3577934879e-01 4.4051891596e+00 2.4961504087e+00 1.0715129106e+01 6.0809699187e+00 0.0000000000e+00 7.3110412086e-04
8.3650880796e-01 4.4253681705e+00 2.4968648978e+00 1.0714062307e+01 6.0526389526e+00 0.0000000000e+00 7.2777039641e-04
8.3723488958e-01 4.4454011226e+00 2.4975857828e+00 1.0712986893e+01 6.0247582826e+00 0.0000000000e+00 7.2449073974e-04
8.3795778944e-01 4.4641431979e+00 2.4983123806e+00 1.0711914604e+01 5.9988636838e+00 0.0000000000e+00 7.2144906759e-04
8.3867778772e-01 4.4819767807e+00 2.4990455983e+00 1.0710830730e+01 5.9743899034e+00 0.0000000000e+00 7.1857845440e-04
8.3939494635e-01 4.4967195098e+00 2.4997840978e+00 1.0709744303e+01 5.9541985437e+00 0.0000000000e+00 7.1622255752e-04
8.4011023283e-01 4.5155593389e+00 2.5005270242e+00 1.0708645080e+01 5.9287478453e+00 0.0000000000e+00 7.1323433179e-04
8.4082141501e-01 4.5323297586e+00 2.5012730828e+00 1.0707552683e+01 5.9062078739e+00 0.0000000000e+00 7.1059523893e-04
8.4153142331e-01 4.5407285240e+00 2.5020246369e+00 1.0706455353e+01 5.8946792880e+00 0.0000000000e+00 7.0928088538e-04
8.4223997678e-01 4.5560600753e+00 2.5027803853e+00 1.0705352451e+01 5.8742379788e+00 0.0000000000e+00 7.0689409149e-04
8.4294521149e-01 4.5691786935e+00 2.5035372993e+00 1.0704262682e+01 5.8567761296e+00 0.0000000000e+00 7.0486452024e-04
8.4364970582e-01 4.5744313499e+00 2.5042941154e+00 1.0703171178e+01 5.8494544782e+00 0.0000000000e+00 7.0405514946e-04
8.4435332179e-01 4.5844426165e+00 2.5050489261e+00 1.0702059007e+01 5.8360742530e+00 0.0000000000e+00 7.0251767055e-04
8.4505474116e-01 4.5969093612e+00 2.5057995444e+00 1.0700920623e+01 5.8196278095e+00 0.0000000000e+00 7.0061245385e-04
8.4575454670e-01 4.6020102737e+00 2.5065471876e+00 1.0699763748e+01 5.8125488167e+00 0.0000000000e+00 6.9983588827e-04
8.4645441294e-01 4.6027530080e+00 2.5072945339e+00 1.0698599092e+01 5.8109782743e+00 0.0000000000e+00 6.9972295758e-04
8.4715399262e-01 4.6085699672e+00 2.5080423836e+00 1.0697427840e+01 5.8030082632e+00 0.0000000000e+00 6.9883976388e-04
8.4785209247e-01 4.6145915278e+00 2.5087919808e+00 1.0696263787e+01 5.7948053055e+00 0.0000000000e+00 6.9792785089e-04
8.4854984832e-01 4.6188113924e+00 2.5095453493e+00 1.0695114072e+01 5.7888887222e+00 0.0000000000e+00 6.9729020609e-04
8.4924667288e-01 4.6185726803e+00 2.5103043805e+00 1.0693982255e+01 5.7885752779e+00 0.0000000000e+00 6.9732624571e-04
8.4994450081e-01 4.6128612633e+00 2.5110689504e+00 1.0692859189e+01 5.7951337462e+00 0.0000000000e+00 6.9818964064e-04
8.5064305216e-01 4.6130114448e+00 2.5118383206e+00 1.0691720789e+01 5.7943281285e+00 0.0000000000e+00 6.9816691033e-04
8.5134083463e-01 4.6140373937e+00 2.5126088499e+00 1.0690575000e+01 5.7924189206e+00 0.0000000000e+00 6.9801167024e-04
8.5203907550e-01 4.6108070305e+00 2.5133828691e+00 1.0689394081e+01 5.7958368297e+00 0.0000000000e+00 6.9850070203e-04
8.5273783603e-01 4.6062177179e+00 2.5141598108e+00 1.0688184996e+01 5.8009551711e+00 0.0000000000e+00 6.9919663919e-04
8.5343746878e-01 4.6013014298e+00 2.5149413409e+00 1.0686946572e+01 5.8064803702e+00 0.0000000000e+00 6.9994370003e-04
8.5413772343e-01 4.5939161084e+00 2.5157287497e+00 1.0685689001e+01 5.8151306799e+00 0.0000000000e+00 7.0106895113e-04
8.5483960668e-01 4.5817213526e+00 2.5165239259e+00 1.0684424226e+01 5.8299181702e+00 0.0000000000e+00 7.0293492334e-04
8.5554359328e-01 4.5707219762e+00 2.5173297874e+00 1.0683164544e+01 5.8432587889e+00 0.0000000000e+00 7.0462652607e-04
8.5624885973e-01 4.5631092244e+00 2.5181478316e+00 1.0681925278e+01 5.8523282881e+00 0.0000000000e+00 7.0580207252e-04
8.5695519743e-01 4.5536747136e+00 2.5189775940e+00 1.0680712380e+01 5.8637875188e+00 0.0000000000e+00 7.0726438542e-04
8.5766338850e-01 4.5413917783e+00 2.5198196831e+00 1.0679538900e+01 5.8790010976e+00 0.0000000000e+00 7.0917729738e-04
8.5837355202e-01 4.5277105738e+00 2.5206827910e+00 1.0678474461e+01 5.8961777078e+00 0.0000000000e+00 7.1132019047e-04
8.5908602888e-01 4.5129856758e+00 2.5215879871e+00 1.0677661844e+01 5.9149655079e+00 0.0000000000e+00 7.1364107468e-04
8.5980083417e-01 4.4987223002e+00 2.5225547453e+00 1.0677232661e+01 5.9334806357e+00 0.0000000000e+00 7.1590370173e-04
8.6051783629e-01 4.4803159814e+00 2.5235767329e+00 1.0677154814e+01 5.9578134991e+00 0.0000000000e+00 7.1884482280e-04
8.6123852382e-01 4.4576128138e+00 2.5246155174e+00 1.0677199822e+01 5.9881826145e+00 0.0000000000e+00 7.2250598745e-04
8.6196284826e-01 4.4401596284e+00 2.5256474136e+00 1.0677099762e+01 6.0116643633e+00 0.0000000000e+00 7.2534598240e-04
8.6268921578e-01 4.4235902685e+00 2.5266475360e+00 1.0676675652e+01 6.0339424559e+00 0.0000000000e+00 7.2806289738e-04
8.6341897406e-01 4.4027380020e+00 2.5275908611e+00 1.0675762365e+01 6.0620018498e+00 0.0000000000e+00 7.3151115199e-04
8.6415223808e-01 4.3809734801e+00 2.5284608352e+00 1.0674197484e+01 6.0912246629e+00 0.0000000000e+00 7.3514527362e-04
8.6488926460e-01 4.3587509571e+00 2.5292447815e+00 1.0671847827e+01 6.1209323104e+00 0.0000000000e+00 7.3889331586e-04
8.6563002472e-01 4.3313278358e+00 2.5299291191e+00 1.0668639582e+01 6.1578342637e+00 0.0000000000e+00 7.4357150273e-04
8.6637640761e-01 4.3017178390e+00 2.5305015943e+00 1.0664524652e+01 6.1978290133e+00 0.0000000000e+00 7.4868972542e-04
8.6712740417e-01 4.2764365705e+00 2.5309573514e+00 1.0659439148e+01 6.2314961141e+00 0.0000000000e+00 7.5311579972e-04
8.6788263921e-01 4.2505881093e+00 2.5312971620e+00 1.0653332642e+01 6.2657992072e+00 0.0000000000e+00 7.5769560938e-04
8.6864279539e-01 4.2225671875e+00 2.5315205567e+00 1.0646225699e+01 6.3031712856e+00 0.0000000000e+00 7.6272367134e-04
8.6940808655e-01 4.1897813378e+00 2.5316291716e+00 1.0638241026e+01 6.3477304470e+00 0.0000000000e+00 7.6869213165e-04
8.7018017965e-01 4.1551315376e+00 2.5316487483e+00 1.0629501551e+01 6.3954061711e+00 0.0000000000e+00 7.7510228462e-04
8.7095829112e-01 4.1244497465e+00 2.5315930890e+00 1.0619908420e+01 6.4371668179e+00 0.0000000000e+00 7.8086827230e-04
8.7174191619e-01 4.0926449521e+00 2.5313729538e+00 1.0609322067e+01 6.4807246847e+00 0.0000000000e+00 7.8693656191e-04
8.7253216425e-01 4.0588611968e+00 2.5309710215e+00 1.0597010831e+01 6.5270837786e+00 0.0000000000e+00 7.9348659428e-04
8.7332888938e-01 4.0219187817e+00 2.5303151600e+00 1.0582961128e+01 6.5783036050e+00 0.0000000000e+00 8.0077498392e-04
8.7413371421e-01 3.9814922659e+00 2.5294149366e+00 1.0566921374e+01 6.6350256815e+00 0.0000000000e+00 8.0890574003e-04
8.7494670086e-01 3.9456441648e+00 2.5282694593e+00 1.0549123696e+01 6.6840313366e+00 0.0000000000e+00 8.1625504308e-04
8.7576622430e-01 3.9100291541e+00 2.5269437851e+00 1.0530056775e+01 6.7327226729e+00 0.0000000000e+00 8.2369000865e-04
8.7659408088e-01 3.8679423418e+00 2.5256810428e+00 1.0511464433e+01 6.7939640152e+00 0.0000000000e+00 8.3265252249e-04
8.7743152934e-01 3.8281234462e+00 2.5246720169e+00 1.0494660640e+01 6.8536587101e+00 0.0000000000e+00 8.4131350334e-04
8.7827670789e-01 3.7929429292e+00 2.5239314766e+00 1.0479864109e+01 6.9074754781e+00 0.0000000000e+00 8.4911690153e-04
8.7912976315e-01 3.7564206238e+00 2.5234532950e+00 1.0466992039e+01 6.9660676258e+00 0.0000000000e+00 8.5737255495e-04
8.7999145300e-01 3.7186771616e+00 2.5231996706e+00 1.0455741495e+01 7.0292075923e+00 0.0000000000e+00 8.6607463024e-04
8.8086191241e-01 3.6797565335e+00 2.5231035341e+00 1.0445598763e+01 7.0966643230e+00 0.0000000000e+00 8.7523506472e-04
8.8174192313e-01 3.6434426607e+00 2.5230869833e+00 1.0436039970e+01 7.1608372506e+00 0.0000000000e+00 8.8395845568e-04
8.8262982932e-01 3.6091035574e+00 2.5231259508e+00 1.0426837939e+01 7.2225954266e+00 0.0000000000e+00 8.9236894884e-04
8.8352666102e-01 3.5717925115e+00 2.5232591584e+00 1.0418226486e+01 7.2920154600e+00 0.0000000000e+00 9.0169066018e-04
8.8443321064e-01 3.5375412064e+00 2.5235242686e+00 1.0410471887e+01 7.3571382494e+00 0.0000000000e+00 9.1042104099e-04
8.8534750311e-01 3.5052130161e+00 2.5239455348e+00 1.0403746366e+01 7.4201955191e+00 0.0000000000e+00 9.1881775313e-04
8.8627084615e-01 3.4707734757e+00 2.5245368581e+00 1.0398143327e+01 7.4897882273e+00 0.0000000000e+00 9.2793493159e-04
8.8720337297e-01 3.4402302729e+00 2.5253044278e+00 1.0393696929e+01 7.5530532149e+00 0.0000000000e+00 9.3617336405e-04
8.8814319287e-01 3.4117747242e+00 2.5262507714e+00 1.0390407012e+01 7.6136379540e+00 0.0000000000e+00 9.4398141965e-04
8.8909133581e-01 3.3818125592e+00 2.5273669329e+00 1.0388173626e+01 7.6794421957e+00 0.0000000000e+00 9.5234490126e-04
8.9004788268e-01 3.3556895818e+00 2.5286012536e+00 1.0386643644e+01 7.7380843718e+00 0.0000000000e+00 9.5975860377e-04
8.9101085302e-01 3.3319944569e+00 2.5298547126e+00 1.0385285283e+01 7.7920937574e+00 0.0000000000e+00 9.6658382521e-04
8.9198105033e-01 3.3075646525e+00 2.5310843856e+00 1.0383684703e+01 7.8484366851e+00 0.0000000000e+00 9.7372305188e-04
8.9295829912e-01 3.2868061579e+00 2.5322722173e+00 1.0381722674e+01 7.8965127351e+00 0.0000000000e+00 9.7987279838e-04
8.9394079592e-01 3.2692769914e+00 2.5334171798e+00 1.0379403510e+01 7.9370787005e+00 0.0000000000e+00 9.8512666752e-04
8.9492855245e-01 3.2505981320e+00 2.5345263966e+00 1.0376783781e+01 7.9806726017e+00 0.0000000000e+00 9.9078748493e-04
8.9592237089e-01 3.2346248532e+00 2.5356090089e+00 1.0373919608e+01 8.0178692113e+00 0.0000000000e+00 9.9568020835e-04
8.9691991287e-01 3.2248863214e+00 2.5366707614e+00 1.0370855328e+01 8.0397061281e+00 0.0000000000e+00 9.9868696963e-04
8.9791974483e-01 3.2157025018e+00 2.5377157845e+00 1.0367632312e+01 8.0601612760e+00 0.0000000000e+00 1.0015391492e-03
8.9892299117e-01 3.2061325668e+00 2.5387489202e+00 1.0364279959e+01 8.0816059090e+00 0.0000000000e+00 1.0045286278e-03
8.9992880209e-01 3.2024320492e+00 2.5397726560e+00 1.0360811494e+01 8.0882367955e+00 0.0000000000e+00 1.0056893943e-03
9.0093436996e-01 3.2031881865e+00 2.5407870638e+00 1.0357240127e+01 8.0835401515e+00 0.0000000000e+00 1.0054519935e-03
9.0193970608e-01 3.2034099897e+00 2.5417937511e+00 1.0353581830e+01 8.0801254466e+00 0.0000000000e+00 1.0053823763e-03
9.0294513471e-01 3.2047462851e+00 2.5427952813e+00 1.0349850409e+01 8.0738453906e+00 0.0000000000e+00 1.0049631582e-03
9.0394963239e-01 3.2130214141e+00 2.5437926174e+00 1.0346050888e+01 8.0500948752e+00 0.0000000000e+00 1.0023748779e-03
9.0494988447e-01 3.2228345478e+00 2.5447853875e+00 1.0342197085e+01 8.0225938777e+00 0.0000000000e+00 9.9932277005e-04
9.0594827793e-01 3.2330476329e+00 2.5457751543e+00 1.0338294871e+01 7.9942333406e+00 0.0000000000e+00 9.9616594417e-04
9.0694221635e-01 3.2480477406e+00 2.5467614433e+00 1.0334336532e+01 7.9542677301e+00 0.0000000000e+00 9.9156545867e-04
9.0793140885e-01 3.2631856819e+00 2.5477423914e+00 1.0330321860e+01 7.9142920963e+00 0.0000000000e+00 9.8696557955e-04
9.0891614751e-01 3.2820832298e+00 2.5487177878e+00 1.0326239797e+01 7.8656139056e+00 0.0000000000e+00 9.8128283842e-04
9.0989397453e-01 3.3043807037e+00 2.5496857023e+00 1.0322086988e+01 7.8093960060e+00 0.0000000000e+00 9.7466128649e-04
9.1086547009e-01 3.3266061332e+00 2.5506461210e+00 1.0317866135e+01 7.7540485124e+00 0.0000000000e+00 9.6814946487e-04
9.1183027346e-01 3.3490494927e+00 2.5515998692e+00 1.0313580144e+01 7.6988860323e+00 0.0000000000e+00 9.6166149672e-04
9.1278879308e-01 3.3733134024e+00 2.5525470307e+00 1.0309229817e+01 7.6402846306e+00 0.0000000000e+00 9.5474436066e-04
9.1373976218e-01 3.4007410091e+00 2.5534866862e+00 1.0304810437e+01 7.5754154822e+00 0.0000000000e+00 9.4704417040e-04
9.1468288142e-01 3.4295670276e+00 2.5544172271e+00 1.0300317467e+01 7.5084678217e+00 0.0000000000e+00 9.3908412398e-04
9.1561793042e-01 3.4604750468e+00 2.5553374315e+00 1.0295741767e+01 7.4380985470e+00 0.0000000000e+00 9.3069648073e-04
9.1654427438e-01 3.4908706827e+00 2.5562460582e+00 1.0291081118e+01 7.3699959501e+00 0.0000000000e+00 9.2259273988e-04
9.1746311590e-01 3.5196049518e+00 2.5571436250e+00 1.0286339094e+01 7.3064585624e+00 0.0000000000e+00 9.1506063660e-04
9.1837439566e-01 3.5499058874e+00 2.5580310883e+00 1.0281521694e+01 7.2407001905e+00 0.0000000000e+00 9.0724995250e-04
9.1927761581e-01 3.5817649594e+00 2.5589091210e+00 1.0276641524e+01 7.1728893723e+00 0.0000000000e+00 8.9918014841e-04
9.2017275595e-01 3.6148149037e+00 2.5597788857e+00 1.0271711781e+01 7.1038988545e+00 0.0000000000e+00 8.9095902101e-04
9.2105953385e-01 3.6498395824e+00 2.5606409622e+00 1.0266739687e+01 7.0323225553e+00 0.0000000000e+00 8.8240917854e-04
9.2193757431e-01 3.6825363644e+00 2.5614952861e+00 1.0261731157e+01 6.9664832479e+00 0.0000000000e+00 8.7457437728e-04
9.2280868261e-01 3.7116344154e+00 2.5623422989e+00 1.0256686019e+01 6.9084700099e+00 0.0000000000e+00 8.6771798816e-04
9.2367301029e-01 3.7432414855e+00 2.5631812877e+00 1.0251592606e+01 6.8467347393e+00 0.0000000000e+00 8.6039117707e-04
9.2452946496e-01 3.7775074816e+00 2.5640099489e+00 1.0246438260e+01 6.7812163909e+00 0.0000000000e+00 8.5258651727e-04
9.2537818332e-01 3.8083388722e+00 2.5648271826e+00 1.0241216933e+01 6.7228897404e+00 0.0000000000e+00 8.4568418301e-04
9.2622083333e-01 3.8381370282e+00 2.5656333773e+00 1.0235920915e+01 6.6672456192e+00 0.0000000000e+00 8.3911854217e-04
9.2705642040e-01 3.8702487607e+00 2.5664282373e+00 1.0230545590e+01 6.6084547935e+00 0.0000000000e+00 8.3215631523e-04
9.2788514596e-01 3.9020952354e+00 2.5672120113e+00 1.0225094127e+01 6.5510280443e+00 0.0000000000e+00 8.2536477288e-04
9.2870714995e-01 3.9326423981e+00 2.5679861994e+00 1.0219572307e+01 6.4966320814e+00 0.0000000000e+00 8.1895367585e-04
9.2952305331e-01 3.9615392427e+00 2.5687524629e+00 1.0213988438e+01 6.4457195877e+00 0.0000000000e+00 8.1297994300e-04
9.3033310984e-01 3.9879925514e+00 2.5695126327e+00 1.0208353353e+01 6.3994310554e+00 0.0000000000e+00 8.0758725254e-04
9.3113822781e-01 4.0159225866e+00 2.5702682616e+00 1.0202671767e+01 6.3513872262e+00 0.0000000000e+00 8.0197062524e-04
9.3193705109e-01 4.0437321639e+00 2.5710197651e+00 1.0196949461e+01 6.3041696676e+00 0.0000000000e+00 7.9645530841e-04
9.3273113843e-01 4.0702778190e+00 2.5717678816e+00 1.0191189010e+01 6.2595168338e+00 0.0000000000e+00 7.9126096325e-04
9.3351957301e-01 4.0978338600e+00 2.5725126427e+00 1.0185384887e+01 6.2138835019e+00 0.0000000000e+00 7.8594009854e-04
9.3430301863e-01 4.1185669408e+00 2.5732536855e+00 1.0179540784e+01 6.1790550759e+00 0.0000000000e+00 7.8198363509e-04
9.3508354028e-01 4.1408973036e+00 2.5739917682e+00 1.0173645975e+01 6.1421747685e+00 0.0000000000e+00 7.7776667991e-04
9.3585855199e-01 4.1664234871e+00 2.5747250257e+00 1.0167691991e+01 6.1009712659e+00 0.0000000000e+00 7.7300158222e-04
9.3662954345e-01 4.1879321085e+00 2.5754527431e+00 1.0161676080e+01 6.0660463309e+00 0.0000000000e+00 7.6903155646e-04
9.3739661510e-01 4.2087303574e+00 2.5761750715e+00 1.0155589875e+01 6.0324545719e+00 0.0000000000e+00 7.6523123941e-04
9.3816000593e-01 4.2279219679e+00 2.5768911981e+00 1.0149431107e+01 6.0014300077e+00 0.0000000000e+00 7.6175766066e-04
9.3892013042e-01 4.2463991291e+00 2.5776011645e+00 1.0143196770e+01 5.9716458945e+00 0.0000000000e+00 7.5844305959e-04
9.3967689205e-01 4.2638392362e+00 2.5783048746e+00 1.0136888073e+01 5.9435215021e+00 0.0000000000e+00 7.5534084878e-04
9.4043081212e-01 4.2801728685e+00 2.5790028609e+00 1.0130507858e+01 5.9171137293e+00 0.0000000000e+00 7.5245838116e-04
9.4118180881e-01 4.2940359460e+00 2.5796959447e+00 1.0124065573e+01 5.8942599108e+00 0.0000000000e+00 7.5002910740e-04
9.4193087033e-01 4.3116068286e+00 2.5803852197e+00 1.0117564689e+01 5.8664699096e+00 0.0000000000e+00 7.4697255009e-04
9.4267575391e-01 4.3267892140e+00 2.5810709561e+00 1.0111016390e+01 5.8421013193e+00 0.0000000000e+00 7.4435147830e-04
9.4341957329e-01 4.3338145559e+00 2.5817552923e+00 1.0104435497e+01 5.8288347174e+00 0.0000000000e+00 7.4314484530e-04
9.4416204360e-01 4.3480227517e+00 2.5824397370e+00 1.0097815919e+01 5.8059815318e+00 0.0000000000e+00 7.4071644323e-04
9.4490100618e-01 4.3598331554e+00 2.5831225750e+00 1.0091168449e+01 5.7864418712e+00 0.0000000000e+00 7.3870990767e-04
9.4563946341e-01 4.3643742478e+00 2.5838053965e+00 1.0084495052e+01 5.7765984765e+00 0.0000000000e+00 7.3794128663e-04
9.4637688875e-01 4.3736839977e+00 2.5844879524e+00 1.0077785391e+01 5.7604672609e+00 0.0000000000e+00 7.3637051725e-04
9.4711220445e-01 4.3843676367e+00 2.5851681321e+00 1.0071033419e+01 5.7425803752e+00 0.0000000000e+00 7.3457616117e-04
9.4784604107e-01 4.3900987527e+00 2.5858454411e+00 1.0064233351e+01 5.7312112538e+00 0.0000000000e+00 7.3361719841e-04
9.4857943885e-01 4.3907961197e+00 2.5865199660e+00 1.0057381229e+01 5.7263995841e+00 0.0000000000e+00 7.3350068187e-04
9.4931304244e-01 4.3938588043e+00 2.5871915761e+00 1.0050470031e+01 5.7184757626e+00 0.0000000000e+00 7.3298940435e-04
9.5004541765e-01 4.3989562041e+00 2.5878593797e+00 1.0043498279e+01 5.7078871742e+00 0.0000000000e+00 7.3214003466e-04
9.5077732251e-01 4.4010791718e+00 2.5885236857e+00 1.0036470306e+01 5.7011416487e+00 0.0000000000e+00 7.3178686908e-04
9.5150899139e-01 4.4021793883e+00 2.5891855472e+00 1.0029389105e+01 5.6956953703e+00 0.0000000000e+00 7.3160397695e-04
9.5224053046e-01 4.4022107993e+00 2.5898455072e+00 1.0022260193e+01 5.6916062460e+00 0.0000000000e+00 7.3159875675e-04
9.5297218891e-01 4.3971477655e+00 2.5905045336e+00 1.0015092382e+01 5.6940845041e+00 0.0000000000e+00 7.3244114582e-04
9.5370541275e-01 4.3906375432e+00 2.5911641907e+00 1.0007885344e+01 5.6984237739e+00 0.0000000000e+00 7.3352717367e-04
9.5443924325e-01 4.3887244195e+00 2.5918240828e+00 1.0000642505e+01 5.6967819971e+00 0.0000000000e+00 7.3384693133e-04
9.5517310661e-01 4.3861662147e+00 2.5924839885e+00 9.9933690012e+00 5.6959589036e+00 0.0000000000e+00 7.3427494311e-04
9.5590779314e-01 4.3803463212e+00 2.5931447176e+00 9.9860653678e+00 5.6993583586e+00 0.0000000000e+00 7.3525052850e-04
9.5664360767e-01 4.3729704075e+00 2.5938067304e+00 9.9787343967e+00 5.7047804278e+00 0.0000000000e+00 7.3649067970e-04
9.5738077450e-01 4.3644659249e+00 2.5944706241e+00 9.9713781456e+00 5.7116828939e+00 0.0000000000e+00 7.3792578592e-04
9.5811945924e-01 4.3550236998e+00 2.5951366063e+00 9.9640035050e+00 5.7198331123e+00 0.0000000000e+00 7.3952569946e-04
9.5885982590e-01 4.3443645924e+00 2.5958057479e+00 9.9566135024e+00 5.7296143605e+00 0.0000000000e+00 7.4134016130e-04
9.5960213957e-01 4.3326241084e+00 2.5964786877e+00 9.9492129754e+00 5.7408701554e+00 0.0000000000e+00 7.4334903448e-04
9.6034652397e-01 4.3204062882e+00 2.5971553685e+00 9.9418070598e+00 5.7528195247e+00 0.0000000000e+00 7.4545117585e-04
9.6109304192e-01 4.3061429423e+00 2.5978401271e+00 9.9344230100e+00 5.7675878060e+00 0.0000000000e+00 7.4792035259e-04
9.6184236467e-01 4.2882576301e+00 2.5985406701e+00 9.9271036203e+00 5.7873759442e+00 0.0000000000e+00 7.5103975217e-04
9.6259512142e-01 4.2712206460e+00 2.5992580084e+00 9.9198496041e+00 5.8062146785e+00 0.0000000000e+00 7.5403548883e-04
9.6335043565e-01 4.2569222236e+00 2.5999806942e+00 9.9126033219e+00 5.8214613758e+00 0.0000000000e+00 7.5656819141e-04
9.6410825780e-01 4.2407885407e+00 2.6006988721e+00 9.9052721272e+00 5.8392867459e+00 0.0000000000e+00 7.5944648425e-04
9.6486932862e-01 4.2225414075e+00 2.6014044131e+00 9.8977924597e+00 5.8600920065e+00 0.0000000000e+00 7.6272832801e-04
9.6563371446e-01 4.2028952156e+00 2.6020942684e+00 9.8901392356e+00 5.8829323171e+00 0.0000000000e+00 7.6629365771e-04
9.6640191593e-01 4.1817513211e+00 2.6027688988e+00 9.8823162311e+00 5.9080009022e+00 0.0000000000e+00 7.7016821433e-04
9.6717405089e-01 4.1598131212e+00 2.6034313035e+00 9.8743468540e+00 5.9343692650e+00 0.0000000000e+00 7.7422996030e-04
9.6795037585e-01 4.1374301092e+00 2.6040857173e+00 9.8662650785e+00 5.9615901768e+00 0.0000000000e+00 7.7841845366e-04
9.6873088780e-01 4.1140325200e+00 2.6047364508e+00 9.8581041809e+00 5.9905361303e+00 0.0000000000e+00 7.8284552493e-04
9.6951606690e-01 4.0864135069e+00 2.6053869076e+00 9.8498917019e+00 6.0260003578e+00 0.0000000000e+00 7.8813657557e-04
9.7030716095e-01 4.0583353944e+00 2.6060404416e+00 9.8416398598e+00 6.0626087443e+00 0.0000000000e+00 7.9358939928e-04
9.7110324570e-01 4.0343743891e+00 2.6066971455e+00 9.8333718006e+00 6.0934923560e+00 0.0000000000e+00 7.9830269506e-04
9.7190376634e-01 4.0088147056e+00 2.6073651739e+00 9.8251450570e+00 6.1272132653e+00 0.0000000000e+00 8.0339256968e-04
9.7271003084e-01 3.9811835723e+00 2.6080587451e+00 9.8170533967e+00 6.1646575814e+00 0.0000000000e+00 8.0896846108e-04
9.7352170326e-01 3.9534119698e+00 2.6087922948e+00 9.8091998368e+00 6.2029962420e+00 0.0000000000e+00 8.1465123603e-04
9.7433933331e-01 3.9214370276e+00 2.6095809522e+00 9.8016920502e+00 6.2487883786e+00 0.0000000000e+00 8.2129380761e-04
9.7516429087e-01 3.8885804662e+00 2.6104416140e+00 9.7946355752e+00 6.2970508520e+00 0.0000000000e+00 8.2823332980e-04
9.7599579997e-01 3.8600144989e+00 2.6113891286e+00 9.7881176368e+00 6.3394306158e+00 0.0000000000e+00 8.3436265553e-04
9.7683301619e-01 3.8308197086e+00 2.6124256670e+00 9.7821378362e+00 6.3838411751e+00 0.0000000000e+00 8.4072135801e-04
9.7767724269e-01 3.7993953923e+00 2.6135202331e+00 9.7764962539e+00 6.4329289561e+00 0.0000000000e+00 8.4767485749e-04
9.7852836590e-01 3.7672599818e+00 2.6146219479e+00 9.7708824485e+00 6.4840776158e+00 0.0000000000e+00 8.5490567767e-04
9.7938705405e-01 3.7343285200e+00 2.6157094547e+00 9.7650838037e+00 6.5373759643e+00 0.0000000000e+00 8.6244472882e-04
9.8025325536e-01 3.7005548865e+00 2.6167739522e+00 9.7590474394e+00 6.5929622305e+00 0.0000000000e+00 8.7031595166e-04
9.8112768595e-01 3.6648203508e+00 2.6178183085e+00 9.7527978415e+00 6.6529849405e+00 0.0000000000e+00 8.7880213474e-04
9.8201085963e-01 3.6321093674e+00 2.6188492899e+00 9.7463737001e+00 6.7084803308e+00 0.0000000000e+00 8.8671667672e-04
9.8290111930e-01 3.5997563387e+00 2.6198723871e+00 9.7398198817e+00 6.7642216342e+00 0.0000000000e+00 8.9468609669e-04
9.8380023182e-01 3.5634545700e+00 2.6208927912e+00 9.7331765373e+00 6.8284696395e+00 0.0000000000e+00 9.0380047912e-04
9.8470872026e-01 3.5299927667e+00 2.6219142376e+00 9.7264556546e+00 6.8884387996e+00 0.0000000000e+00 9.1236786039e-04
9.8562496754e-01 3.4959363522e+00 2.6229374725e+00 9.7196868512e+00 6.9507035254e+00 0.0000000000e+00 9.2125588777e-04
9.8655123204e-01 3.4626908928e+00 2.6239677194e+00 9.7128731818e+00 7.0125182139e+00 0.0000000000e+00 9.3010090923e-04
9.8748516936e-01 3.4302708435e+00 2.6250054763e+00 9.7060435810e+00 7.0738172172e+00 0.0000000000e+00 9.3889144463e-04
9.8842901493e-01 3.3956101708e+00 2.6260539775e+00 9.6992101710e+00 7.1409921068e+00 0.0000000000e+00 9.4847517404e-04
9.8938211971e-01 3.3619637120e+00 2.6271159575e+00 9.6923846143e+00 7.2073834258e+00 0.0000000000e+00 9.5796749270e-04
9.9034494991e-01 3.3282740055e+00 2.6281929671e+00 9.6855802977e+00 7.2752275516e+00 0.0000000000e+00 9.6766430359e-04
9.9131744832e-01 3.2964202489e+00 2.6292849596e+00 9.6787972738e+00 7.3403848288e+00 0.0000000000e+00 9.7701497520e-04
9.9229897986e-01 3.2686379277e+00 2.6303888738e+00 9.6720274371e+00 7.3975977541e+00 0.0000000000e+00 9.8531927334e-04
9.9328808686e-01 3.2403453561e+00 2.6315033450e+00 9.6652680118e+00 7.4569736786e+00 0.0000000000e+00 9.9392243537e-04
9.9428682473e-01 3.2114179822e+00 2.6326274447e+00 9.6585098608e+00 7.5188825577e+00 0.0000000000e+00 1.0028753546e-03
9.9529383757e-01 3.1841410812e+00 2.6337601533e+00 9.6517551324e+00 7.5779895476e+00 0.0000000000e+00 1.0114664726e-03
9.9630975768e-01 3.1575741697e+00 2.6349009045e+00 9.6450008753e+00 7.6364008863e+00 0.0000000000e+00 1.0199766576e-03
9.9733379089e-01 3.1343233970e+00 2.6360488257e+00 9.6382490091e+00 7.6876631638e+00 0.0000000000e+00 1.0275429622e-03
9.9836484360e-01 3.1145498489e+00 2.6372020244e+00 9.6315032479e+00 7.7310556220e+00 0.0000000000e+00 1.0340665919e-03
9.9940192407e-01 3.0938828835e+00 2.6383614479e+00 9.6247754130e+00 7.7772622425e+00 0.0000000000e+00 1.0409740992e-03
1.0004467918e+00 3.0770647533e+00 2.6395277271e+00 9.6180689890e+00 7.8143212446e+00 0.0000000000e+00 1.0466636896e-03
1.0014952514e+00 3.0641181808e+00 2.6406992831e+00 9.6113938507e+00 7.8418922539e+00 0.0000000000e+00 1.0510860736e-03
1.0025489639e+00 3.0488888586e+00 2.6418779833e+00 9.6047640273e+00 7.8756265582e+00 0.0000000000e+00 1.0563362907e-03
1.0036079240e+00 3.0379916650e+00 2.6430636587e+00 9.5981748787e+00 7.8984539271e+00 0.0000000000e+00 1.0601253403e-03
1.0046692146e+00 3.0312320840e+00 2.6442544344e+00 9.5916334461e+00 7.9106722780e+00 0.0000000000e+00 1.0624893965e-03
1.0057329028e+00 3.0254515391e+00 2.6454504255e+00 9.5851456832e+00 7.9204257277e+00 0.0000000000e+00 1.0645194300e-03
1.0067982535e+00 3.0231945109e+00 2.6466505839e+00 9.5787081951e+00 7.9210154695e+00 0.0000000000e+00 1.0653141689e-03
1.0078635312e+00 3.0227903453e+00 2.6478542372e+00 9.5723253981e+00 7.9167956629e+00 0.0000000000e+00 1.0654566079e-03
1.0089291667e+00 3.0255320407e+00 2.6490607980e+00 9.5659962091e+00 7.9043917568e+00 0.0000000000e+00 1.0644911058e-03
1.0099925134e+00 3.0316758523e+00 2.6502682966e+00 9.5597200206e+00 7.8831976819e+00 0.0000000000e+00 1.0623338723e-03
1.0110538344e+00 3.0370072739e+00 2.6514768016e+00 9.5535011290e+00 7.8642395848e+00 0.0000000000e+00 1.0604689608e-03
1.0121134513e+00 3.0467868556e+00 2.6526866292e+00 9.5473375525e+00 7.8339394950e+00 0.0000000000e+00 1.0570650657e-03
1.0131679646e+00 3.0611850702e+00 2.6538937888e+00 9.5412182149e+00 7.7920952149e+00 0.0000000000e+00 1.0520931841e-03
1.0142176377e+00 3.0746706640e+00 2.6550995893e+00 9.5351596893e+00 7.7529927034e+00 0.0000000000e+00 1.0474786732e-03
1.0152629219e+00 3.0902232023e+00 2.6563044925e+00 9.5291638562e+00 7.7091226364e+00 0.0000000000e+00 1.0422069012e-03
1.0163020515e+00 3.1090252342e+00 2.6575071077e+00 9.5232299746e+00 7.6577297201e+00 0.0000000000e+00 1.0359040873e-03
1.0173347301e+00 3.1302533814e+00 2.6587080652e+00 9.5173706029e+00 7.6011183787e+00 0.0000000000e+00 1.0288789933e-03
1.0183598095e+00 3.1523294994e+00 2.6599072307e+00 9.5115909144e+00 7.5433032272e+00 0.0000000000e+00 1.0216736380e-03
1.0193780774e+00 3.1751386246e+00 2.6611045721e+00 9.5058942992e+00 7.4846293525e+00 0.0000000000e+00 1.0143342791e-03
1.0203884780e+00 3.1997133324e+00 2.6622978952e+00 9.5002707774e+00 7.4227515017e+00 0.0000000000e+00 1.0065439035e-03
1.0213911652e+00 3.2250739668e+00 2.6634862533e+00 9.4947198003e+00 7.3600791007e+00 0.0000000000e+00 9.9862886275e-04
1.0223857357e+00 3.2523563533e+00 2.6646687556e+00 9.4892390537e+00 7.2941261833e+00 0.0000000000e+00 9.9025186598e-04
1.0233716689e+00 3.2808264272e+00 2.6658463364e+00 9.4838398353e+00 7.2267156201e+00 0.0000000000e+00 9.8165874336e-04
1.0243490532e+00 3.3089598038e+00 2.6670183591e+00 9.4785204176e+00 7.1612538226e+00 0.0000000000e+00 9.7331250262e-04
1.0253182939e+00 3.3396901526e+00 2.6681865289e+00 9.4732926133e+00 7.0914457484e+00 0.0000000000e+00 9.6435651231e-04
1.0262777662e+00 3.3706392555e+00 2.6693461343e+00 9.4681296763e+00 7.0225029725e+00 0.0000000000e+00 9.5550182135e-04
1.0272292976e+00 3.3982138522e+00 2.6704971624e+00 9.4630288958e+00 6.9617667600e+00 0.0000000000e+00 9.4774846076e-04
1.0281732632e+00 3.4272089789e+00 2.6716401766e+00 9.4579877846e+00 6.8991910349e+00 0.0000000000e+00 9.3973024919e-04
1.0291087581e+00 3.4582941722e+00 2.6727744116e+00 9.4530044727e+00 6.8335745906e+00 0.0000000000e+00 9.3128339793e-04
1.0300358300e+00 3.4895043557e+00 2.6739022042e+00 9.4480964223e+00 6.7689386938e+00 0.0000000000e+00 9.2295398412e-04
1.0309546660e+00 3.5206440387e+00 2.6750245962e+00 9.4432687081e+00 6.7056400792e+00 0.0000000000e+00 9.1479056456e-04
1.0318654111e+00 3.5519123311e+00 2.6761420096e+00 9.4385223493e+00 6.6432680972e+00 0.0000000000e+00 9.0673745508e-04
1.0327681409e+00 3.5824000576e+00 2.6772536692e+00 9.4338499678e+00 6.5834704500e+00 0.0000000000e+00 8.9902073915e-04
1.0336634526e+00 3.6096120291e+00 2.6783603655e+00 9.4292527967e+00 6.5306553174e+00 0.0000000000e+00 8.9224324435e-04
1.0345526274e+00 3.6379350138e+00 2.6794623985e+00 9.4247270036e+00 6.4767010459e+00 0.0000000000e+00 8.8529672342e-04
1.0354340460e+00 3.6697604677e+00 2.6805582653e+00 9.4202649042e+00 6.4174930401e+00 0.0000000000e+00 8.7761911875e-04
1.0363078657e+00 3.7004606810e+00 2.6816463414e+00 9.4158581061e+00 6.3612742559e+00 0.0000000000e+00 8.7033810796e-04
1.0371747222e+00 3.7255533718e+00 2.6827278647e+00 9.4115085995e+00 6.3155105162e+00 0.0000000000e+00 8.6447612644e-04
1.0380368179e+00 3.7486130876e+00 2.6838037454e+00 9.4072127428e+00 6.2737954831e+00 0.0000000000e+00 8.5915827332e-04
1.0388930388e+00 3.7784392212e+00 2.6848744516e+00 9.4029738558e+00 6.2214669241e+00 0.0000000000e+00 8.5237627474e-04
1.0397415705e+00 3.8063228556e+00 2.6859361969e+00 9.3987747217e+00 6.1731328886e+00 0.0000000000e+00 8.4613209912e-04
1.0405853030e+00 3.8294762740e+00 2.6869933381e+00 9.3946389774e+00 6.1331095333e+00 0.0000000000e+00 8.4101629499e-04
1.0414236031e+00 3.8542589931e+00 2.6880435761e+00 9.3905440795e+00 6.0910178171e+00 0.0000000000e+00 8.3560859649e-04
1.0422565202e+00 3.8780873363e+00 2.6890867206e+00 9.3864917799e+00 6.0509801391e+00 0.0000000000e+00 8.3047432108e-04
1.0430845517e+00 3.9011100737e+00 2.6901219773e+00 9.3824739141e+00 6.0126949362e+00 0.0000000000e+00 8.2557320530e-04
1.0439076666e+00 3.9232430042e+00 2.6911480306e+00 9.3784795547e+00 5.9762290692e+00 0.0000000000e+00 8.2091574351e-04
1.0447263832e+00 3.9443446316e+00 2.6921651562e+00 9.3745087393e+00 5.9417403998e+00 0.0000000000e+00 8.1652397255e-04
1.0455407145e+00 3.9643803745e+00 2.6931725829e+00 9.3705538073e+00 5.9092171551e+00 0.0000000000e+00 8.1239730890e-04
1.0463511778e+00 3.9842183272e+00 2.6941714200e+00 9.3666207410e+00 5.8773264739e+00 0.0000000000e+00 8.0835227470e-04
1.0471574191e+00 4.0016321007e+00 2.6951624997e+00 9.3627142176e+00 5.8493097204e+00 0.0000000000e+00 8.0483459415e-04
1.0479608470e+00 4.0210682655e+00 2.6961475613e+00 9.3588432769e+00 5.8186299380e+00 0.0000000000e+00 8.0094435983e-04
1.0487593078e+00 4.0387338343e+00 2.6971258136e+00 9.3550039968e+00 5.7908025019e+00 0.0000000000e+00 7.9744100005e-04
1.0495557290e+00 4.0503797982e+00 2.6981001081e+00 9.3512119287e+00 5.7718117773e+00 0.0000000000e+00 7.9514813626e-04
1.0503496041e+00 4.0669048301e+00 2.6990706891e+00 9.3474624573e+00 5.7460543385e+00 0.0000000000e+00 7.9191721525e-04
1.0511395634e+00 4.0810969671e+00 2.7000355033e+00 9.3437477253e+00 5.7237966903e+00 0.0000000000e+00 7.8916329939e-04
1.0519279307e+00 4.0909765775e+00 2.7009964845e+00 9.3400762144e+00 5.7077301944e+00 0.0000000000e+00 7.8725748893e-04
1.0527140784e+00 4.1061857873e+00 2.7019521531e+00 9.3364334541e+00 5.6843710548e+00 0.0000000000e+00 7.8434150682e-04
1.0534966137e+00 4.1173972189e+00 2.7028998516e+00 9.3328065884e+00 5.6666906861e+00 0.0000000000e+00 7.8220579083e-04
1.0542784900e+00 4.1226259296e+00 2.7038421240e+00 9.3292064536e+00 5.6573204876e+00 0.0000000000e+00 7.8121372221e-04
1.0550590411e+00 4.1324333955e+00 2.7047770330e+00 9.3256143937e+00 5.6417209312e+00 0.0000000000e+00 7.7935967491e-04
1.0558372093e+00 4.1440254620e+00 2.7057035360e+00 9.3220311411e+00 5.6237776690e+00 0.0000000000e+00 7.7717957509e-04
1.0566134003e+00 4.1503883695e+00 2.7066211893e+00 9.3184536384e+00 5.6130010066e+00 0.0000000000e+00 7.7598809099e-04
1.0573891855e+00 4.1519807493e+00 2.7075316701e+00 9.3148870991e+00 5.6087007994e+00 0.0000000000e+00 7.7569048177e-04
1.0581647812e+00 4.1566044502e+00 2.7084354230e+00 9.3113323357e+00 5.6003238023e+00 0.0000000000e+00 7.7482762344e-04
1.0589388408e+00 4.1628553926e+00 2.7093310499e+00 9.3077856688e+00 5.5897844094e+00 0.0000000000e+00 7.7366414251e-04
1.0597121095e+00 4.1659598604e+00 2.7102189997e+00 9.3042522534e+00 5.5834985004e+00 0.0000000000e+00 7.7308760901e-04
1.0604850160e+00 4.1678299841e+00 2.7110997884e+00 9.3007328592e+00 5.5788821129e+00 0.0000000000e+00 7.7274072119e-04
1.0612575910e+00 4.1695460159e+00 2.7119728161e+00 9.2972231807e+00 5.5744816973e+00 0.0000000000e+00 7.7242268953e-04
1.0620298614e+00 4.1680200719e+00 2.7128376822e+00 9.2937197590e+00 5.5744211872e+00 0.0000000000e+00 7.7270547938e-04
1.0628030019e+00 4.1623101485e+00 2.7136953943e+00 9.2902256313e+00 5.5799695960e+00 0.0000000000e+00 7.7376548906e-04
1.0635773923e+00 4.1593584279e+00 2.7145450484e+00 9.2867322049e+00 5.5818297255e+00 0.0000000000e+00 7.7431459768e-04
1.0643516311e+00 4.1584837660e+00 2.7153855297e+00 9.2832360737e+00 5.5809019562e+00 0.0000000000e+00 7.7447746077e-04
1.0651263473e+00 4.1552097770e+00 2.7162163562e+00 9.2797375218e+00 5.5831943631e+00 0.0000000000e+00 7.7508769004e-04
1.0659018065e+00 4.1500997473e+00 2.7170379239e+00 9.2762351726e+00 5.5879591682e+00 0.0000000000e+00 7.7604205775e-04
1.0666784314e+00 4.1433798204e+00 2.7178503717e+00 9.2727302732e+00 5.5949072226e+00 0.0000000000e+00 7.7730067900e-04
1.0674564079e+00 4.1356741724e+00 2.7186540684e+00 9.2692229643e+00 5.6032115793e+00 0.0000000000e+00 7.7874895688e-04
1.0682359293e+00 4.1270889090e+00 2.7194491633e+00 9.2657153574e+00 5.6127427599e+00 0.0000000000e+00 7.8036892801e-04
1.0690171457e+00 4.1174669160e+00 2.7202363388e+00 9.2622109302e+00 5.6237312401e+00 0.0000000000e+00 7.8219255029e-04
1.0698003144e+00 4.1067170544e+00 2.7210159053e+00 9.2587115977e+00 5.6363218326e+00 0.0000000000e+00 7.8424004017e-04
1.0705856258e+00 4.0951743694e+00 2.7217882782e+00 9.2552197975e+00 5.6500767505e+00 0.0000000000e+00 7.8645050423e-04
1.0713732154e+00 4.0828306373e+00 2.7225534730e+00 9.2517355833e+00 5.6650253250e+00 0.0000000000e+00 7.8882820127e-04
1.0721632822e+00 4.0680422105e+00 2.7233113185e+00 9.2482579338e+00 5.6834820383e+00 0.0000000000e+00 7.9169580380e-04
1.0729566070e+00 4.0508431985e+00 2.7240622212e+00 9.2447900853e+00 5.7054726833e+00 0.0000000000e+00 7.9505717450e-04
1.0737533965e+00 4.0350988713e+00 2.7248053909e+00 9.2413299977e+00 5.7255908049e+00 0.0000000000e+00 7.9815936374e-04
1.0745529257e+00 4.0206950669e+00 2.7255394633e+00 9.2378768448e+00 5.7439551440e+00 0.0000000000e+00 8.0101870302e-04
1.0753554340e+00 4.0046701480e+00 2.7262636571e+00 9.2344326262e+00 5.7647897860e+00 0.0000000000e+00 8.0422402563e-04
1.0761613738e+00 3.9867333479e+00 2.7269774986e+00 9.2309982615e+00 5.7885726583e+00 0.0000000000e+00 8.0784232770e-04
1.0769711186e+00 3.9674979110e+00 2.7276801856e+00 9.2275732577e+00 5.8144789642e+00 0.0000000000e+00 8.1175895236e-04
1.0777848917e+00 3.9470583605e+00 2.7283710721e+00 9.2241602285e+00 5.8424270596e+00 0.0000000000e+00 8.1596258620e-04
1.0786030438e+00 3.9265551800e+00 2.7290494007e+00 9.2207625874e+00 5.8707710479e+00 0.0000000000e+00 8.2022327462e-04
1.0794253382e+00 3.9049600611e+00 2.7297141069e+00 9.2173836043e+00 5.9010741853e+00 0.0000000000e+00 8.2475925422e-04
1.0802525623e+00 3.8792434543e+00 2.7303645913e+00 9.2140299091e+00 5.9380327748e+00 0.0000000000e+00 8.3022681759e-04
1.0810857919e+00 3.8536836098e+00 2.7310010338e+00 9.2107142643e+00 5.9752662628e+00 0.0000000000e+00 8.3573335900e-04
1.0819240290e+00 3.8313985517e+00 2.7316208904e+00 9.2074377230e+00 6.0078830216e+00 0.0000000000e+00 8.4059434285e-04
1.0827669806e+00 3.8075250861e+00 2.7322230101e+00 9.2042156965e+00 6.0434373303e+00 0.0000000000e+00 8.4586493192e-04
1.0836157589e+00 3.7835093649e+00 2.7328056614e+00 9.2010597517e+00 6.0797125528e+00 0.0000000000e+00 8.5123403621e-04
1.0844694486e+00 3.7554888160e+00 2.7333661960e+00 9.1979821401e+00 6.1230259167e+00 0.0000000000e+00 8.5758528531e-04
1.0853309294e+00 3.7239354718e+00 2.7339034142e+00 9.1950063754e+00 6.1729093087e+00 0.0000000000e+00 8.6485170652e-04
1.0861991520e+00 3.6975487603e+00 2.7344140169e+00 9.1921424180e+00 6.2150244756e+00 0.0000000000e+00 8.7102352301e-04
1.0870729765e+00 3.6711932444e+00 2.7348953678e+00 9.1893988150e+00 6.2577738376e+00 0.0000000000e+00 8.7727660554e-04
1.0879537053e+00 3.6422828902e+00 2.7353481350e+00 9.1867798359e+00 6.3056468381e+00 0.0000000000e+00 8.8423992448e-04
1.0888414563e+00 3.6128640145e+00 2.7357744142e+00 9.1842751384e+00 6.3552593604e+00 0.0000000000e+00 8.9144012473e-04
1.0897365855e+00 3.5822271826e+00 2.7361771419e+00 9.1818695803e+00 6.4079336068e+00 0.0000000000e+00 8.9906412507e-04
1.0906395846e+00 3.5511214346e+00 2.7365596639e+00 9.1795645574e+00 6.4624406166e+00 0.0000000000e+00 9.0693940126e-04
1.0915504643e+00 3.5194540492e+00 2.7369178021e+00 9.1773573732e+00 6.5190205959e+00 0.0000000000e+00 9.1509987137e-04
1.0924697843e+00 3.4863002019e+00 2.7372467352e+00 9.1753074355e+00 6.5795448643e+00 0.0000000000e+00 9.2380224342e-04
1.0933980688e+00 3.4548293898e+00 2.7375323805e+00 9.1734714874e+00 6.6381508697e+00 0.0000000000e+00 9.3221736426e-04
1.0943342191e+00 3.4260800210e+00 2.7377631315e+00 9.1719475688e+00 6.6927417869e+00 0.0000000000e+00 9.4003990799e-04
1.0952781486e+00 3.3961620930e+00 2.7379262587e+00 9.1707942369e+00 6.7508513917e+00 0.0000000000e+00 9.4832103401e-04
1.0962308611e+00 3.3642100593e+00 2.7380156923e+00 9.1700239279e+00 6.8143960739e+00 0.0000000000e+00 9.5732783951e-04
1.0971928043e+00 3.3320549333e+00 2.7380384485e+00 9.1695881508e+00 6.8798296654e+00 0.0000000000e+00 9.6656628182e-04
1.0981639937e+00 3.2995524806e+00 2.7379952862e+00 9.1694398960e+00 6.9474875379e+00 0.0000000000e+00 9.7608750478e-04
1.0991449793e+00 3.2690746397e+00 2.7378730019e+00 9.1698245540e+00 7.0125536769e+00 0.0000000000e+00 9.8518764563e-04
1.1001343690e+00 3.2416650061e+00 2.7375671677e+00 9.1712797043e+00 7.0729699760e+00 0.0000000000e+00 9.9351781927e-04
1.1011320149e+00 3.2141889405e+00 2.7369357435e+00 9.1747516594e+00 7.1361328077e+00 0.0000000000e+00 1.0020107739e-03
1.1021383905e+00 3.1869295458e+00 2.7357210724e+00 9.1818870484e+00 7.2027690888e+00 0.0000000000e+00 1.0105814708e-03
1.1031531779e+00 3.1607491492e+00 2.7334353417e+00 9.1957679182e+00 7.2734085212e+00 0.0000000000e+00 1.0189520888e-03
1.1041762947e+00 3.1407423159e+00 2.7291518542e+00 9.2222627101e+00 7.3408304331e+00 0.0000000000e+00 1.0254429125e-03
1.1052040637e+00 3.1284544805e+00 2.7211524588e+00 9.2723078081e+00 7.4096553633e+00 0.0000000000e+00 1.0294706117e-03
1.1062352359e+00 3.1245035188e+00 2.7063612615e+00 9.3656476697e+00 7.4937086910e+00 0.0000000000e+00 1.0307723862e-03
1.1072656085e+00 3.1416850930e+00 2.6797101567e+00 9.5359274459e+00 7.5882266709e+00 0.0000000000e+00 1.0251351909e-03
1.1082855063e+00 3.1880401426e+00 2.6339067087e+00 9.8284354872e+00 7.7072708054e+00 0.0000000000e+00 1.0102294211e-03
1.1092860673e+00 3.2506374965e+00 2.5735160916e+00 1.0211522095e+01 7.8534765148e+00 0.0000000000e+00 9.9077548672e-04
1.1102670573e+00 3.2991116432e+00 2.5298172483e+00 1.0514130193e+01 7.9673949611e+00 0.0000000000e+00 9.7621793260e-04
1.1112385032e+00 3.3211655947e+00 2.5072104372e+00 1.0679686346e+01 8.0391100968e+00 0.0000000000e+00 9.6973543050e-04
1.1122065281e+00 3.3245431333e+00 2.4976544764e+00 1.0751550812e+01 8.0849836960e+00 0.0000000000e+00 9.6875023682e-04
1.1131760037e+00 3.3170639380e+00 2.4938245663e+00 1.0778275938e+01 8.1233555782e+00 0.0000000000e+00 9.7093453968e-04
1.1141483972e+00 3.3109964857e+00 2.4920677833e+00 1.0789169854e+01 8.1464673101e+00 0.0000000000e+00 9.7271379226e-04
1.1151214312e+00 3.3051616095e+00 2.4908069860e+00 1.0794829032e+01 8.1651295062e+00 0.0000000000e+00 9.7443100465e-04
1.1160972592e+00 3.2993092572e+00 2.4897495301e+00 1.0799587695e+01 8.1832187078e+00 0.0000000000e+00 9.7615946147e-04
1.1170737502e+00 3.3003330614e+00 2.4887780035e+00 1.0803830038e+01 8.1838937446e+00 0.0000000000e+00 9.7585664472e-04
1.1180489725e+00 3.3026319533e+00 2.4878925318e+00 1.0807619477e+01 8.1810656089e+00 0.0000000000e+00 9.7517737163e-04
1.1190241049e+00 3.3045669067e+00 2.4871221446e+00 1.0811183189e+01 8.1789713254e+00 0.0000000000e+00 9.7460636707e-04
1.1199981853e+00 3.3135569950e+00 2.4863728086e+00 1.0813959235e+01 8.1588752292e+00 0.0000000000e+00 9.7196213995e-04
1.1209680292e+00 3.3244135945e+00 2.4857213444e+00 1.0816606914e+01 8.1342217252e+00 0.0000000000e+00 9.6878798506e-04
1.1219357612e+00 3.3354827841e+00 2.4851398547e+00 1.0819031892e+01 8.1090449215e+00 0.0000000000e+00 9.6557294886e-04
1.1228991751e+00 3.3507246939e+00 2.4846222473e+00 1.0821264531e+01 8.0738239634e+00 0.0000000000e+00 9.6118071223e-04
1.1238581227e+00 3.3684596095e+00 2.4841831384e+00 1.0823448500e+01 8.0329362343e+00 0.0000000000e+00 9.5612010269e-04
1.1248114153e+00 3.3897282344e+00 2.4837723851e+00 1.0825241549e+01 7.9838565223e+00 0.0000000000e+00 9.5012099053e-04
1.1257583646e+00 3.4108635762e+00 2.4834198203e+00 1.0826863436e+01 7.9355734952e+00 0.0000000000e+00 9.4423358654e-04
1.1266998825e+00 3.4331120678e+00 2.4831331255e+00 1.0828397578e+01 7.8852636937e+00 0.0000000000e+00 9.3811442333e-04
1.1276345935e+00 3.4599401465e+00 2.4828986178e+00 1.0829782582e+01 7.8251227794e+00 0.0000000000e+00 9.3084036468e-04
1.1285615632e+00 3.4875595114e+00 2.4827237929e+00 1.0831107102e+01 7.7641019938e+00 0.0000000000e+00 9.2346867121e-04
1.1294815308e+00 3.5161949819e+00 2.4825992461e+00 1.0832351032e+01 7.7017565063e+00 0.0000000000e+00 9.1594805303e-04
1.1303934593e+00 3.5453592829e+00 2.4825213027e+00 1.0833531652e+01 7.6392339871e+00 0.0000000000e+00 9.0841341899e-04
1.1312983577e+00 3.5769686307e+00 2.4824926764e+00 1.0834734974e+01 7.5725677887e+00 0.0000000000e+00 9.0038585189e-04
1.1321942310e+00 3.6122019192e+00 2.4824979443e+00 1.0835899267e+01 7.4995110392e+00 0.0000000000e+00 8.9160352045e-04
1.1330815647e+00 3.6459635864e+00 2.4825330132e+00 1.0836929276e+01 7.4307717418e+00 0.0000000000e+00 8.8334726098e-04
1.1339609255e+00 3.6772253018e+00 2.4826015813e+00 1.0837872021e+01 7.3682404067e+00 0.0000000000e+00 8.7583753601e-04
1.1348332398e+00 3.7105327303e+00 2.4827042284e+00 1.0838778619e+01 7.3027105584e+00 0.0000000000e+00 8.6797562017e-04
1.1356968768e+00 3.7475310707e+00 2.4828438317e+00 1.0839664322e+01 7.2312037696e+00 0.0000000000e+00 8.5940633632e-04
1.1365520524e+00 3.7809959344e+00 2.4830223387e+00 1.0840538465e+01 7.1677797682e+00 0.0000000000e+00 8.5179989707e-04
1.1374004766e+00 3.8160363147e+00 2.4832393801e+00 1.0841399628e+01 7.1025265054e+00 0.0000000000e+00 8.4397832780e-04
1.1382400091e+00 3.8572065985e+00 2.4834919231e+00 1.0842238886e+01 7.0272609264e+00 0.0000000000e+00 8.3497003996e-04
1.1390704166e+00 3.8910025634e+00 2.4837769065e+00 1.0843053336e+01 6.9667477462e+00 0.0000000000e+00 8.2771776560e-04
1.1398954446e+00 3.9204780264e+00 2.4840922992e+00 1.0843840831e+01 6.9148715780e+00 0.0000000000e+00 8.2149470704e-04
1.1407134061e+00 3.9586000387e+00 2.4844355234e+00 1.0844600237e+01 6.8487597450e+00 0.0000000000e+00 8.1358356900e-04
1.1415226118e+00 3.9968918239e+00 2.4848041606e+00 1.0845333358e+01 6.7836045078e+00 0.0000000000e+00 8.0578912054e-04
1.1423249843e+00 4.0268925512e+00 2.4851972717e+00 1.0846034829e+01 6.7335015097e+00 0.0000000000e+00 7.9978591601e-04
1.1431221836e+00 4.0597624128e+00 2.4856141851e+00 1.0846694641e+01 6.6793900344e+00 0.0000000000e+00 7.9331045027e-04
1.1439116052e+00 4.0980893957e+00 2.4860545235e+00 1.0847315911e+01 6.6173006882e+00 0.0000000000e+00 7.8589109137e-04
1.1446939658e+00 4.1310937904e+00 2.4865195709e+00 1.0847912394e+01 6.5647943040e+00 0.0000000000e+00 7.7961240077e-04
1.1454708300e+00 4.1589185322e+00 2.4870098577e+00 1.0848490497e+01 6.5212208490e+00 0.0000000000e+00 7.7439649823e-04
1.1462427588e+00 4.1881613936e+00 2.4875232715e+00 1.0849049935e+01 6.4760218839e+00 0.0000000000e+00 7.6898945505e-04
1.1470088089e+00 4.2227661369e+00 2.4880551590e+00 1.0849586447e+01 6.4232697804e+00 0.0000000000e+00 7.6268773673e-04
1.1477681343e+00 4.2539220566e+00 2.4886019445e+00 1.0850101439e+01 6.3765281163e+00 0.0000000000e+00 7.5710177687e-04
1.1485230125e+00 4.2806437153e+00 2.4891622922e+00 1.0850595873e+01 6.3370117875e+00 0.0000000000e+00 7.5237561495e-04
1.1492728855e+00 4.3087979414e+00 2.4897350002e+00 1.0851071535e+01 6.2958809412e+00 0.0000000000e+00 7.4745949834e-04
1.1500179315e+00 4.3360211527e+00 2.4903192254e+00 1.0851532751e+01 6.2566188962e+00 0.0000000000e+00 7.4276665964e-04
1.1507584188e+00 4.3629220015e+00 2.4909153970e+00 1.0851981725e+01 6.2182991818e+00 0.0000000000e+00 7.3818691845e-04
1.1514943053e+00 4.3868286389e+00 2.4915254119e+00 1.0852429297e+01 6.1846667548e+00 0.0000000000e+00 7.3416406540e-04
1.1522267469e+00 4.4110151244e+00 2.4921505707e+00 1.0852882958e+01 6.1510120979e+00 0.0000000000e+00 7.3013849576e-04
1.1529545823e+00 4.4342726771e+00 2.4927905058e+00 1.0853357002e+01 6.1190175886e+00 0.0000000000e+00 7.2630895352e-04
1.1536793648e+00 4.4556226225e+00 2.4934451864e+00 1.0853851606e+01 6.0899746937e+00 0.0000000000e+00 7.2282870893e-04
1.1544002397e+00 4.4786922236e+00 2.4941121828e+00 1.0854353402e+01 6.0588855296e+00 0.0000000000e+00 7.1910544126e-04
1.1551175757e+00 4.4980163939e+00 2.4947871479e+00 1.0854844179e+01 6.0331283997e+00 0.0000000000e+00 7.1601605368e-04
1.1558322718e+00 4.5187061599e+00 2.4954663997e+00 1.0855301376e+01 6.0057575066e+00 0.0000000000e+00 7.1273763633e-04
1.1565430510e+00 4.5372493212e+00 2.4961485441e+00 1.0855727057e+01 5.9814472868e+00 0.0000000000e+00 7.0982476821e-04
1.1572519213e+00 4.5507368489e+00 2.4968363508e+00 1.0856137313e+01 5.9639447816e+00 0.0000000000e+00 7.0772098117e-04
1.1579584930e+00 4.5675634542e+00 2.4975321137e+00 1.0856542224e+01 5.9421956219e+00 0.0000000000e+00 7.0511378332e-04
1.1586621489e+00 4.5813822008e+00 2.4982364962e+00 1.0856956704e+01 5.9244984526e+00 0.0000000000e+00 7.0298696039e-04
1.1593644669e+00 4.5957150685e+00 2.4989514576e+00 1.0857365175e+01 5.9062436492e+00 0.0000000000e+00 7.0079452266e-04
1.1600637380e+00 4.6113929625e+00 2.4996735109e+00 1.0857746251e+01 5.8863700941e+00 0.0000000000e+00 6.9841194926e-04
1.1607612908e+00 4.6204983076e+00 2.5003994257e+00 1.0858071237e+01 5.8749460094e+00 0.0000000000e+00 6.9703562977e-04
1.1614578092e+00 4.6274578348e+00 2.5011284547e+00 1.0858320366e+01 5.8662448982e+00 0.0000000000e+00 6.9598731370e-04
1.1621532654e+00 4.6391981877e+00 2.5018611834e+00 1.0858497172e+01 5.8514945540e+00 0.0000000000e+00 6.9422598851e-04
1.1628462612e+00 4.6486610371e+00 2.5026007591e+00 1.0858628490e+01 5.8396538291e+00 0.0000000000e+00 6.9281281685e-04
1.1635388910e+00 4.6520306036e+00 2.5033537244e+00 1.0858748189e+01 5.8354883674e+00 0.0000000000e+00 6.9231099754e-04
1.1642308832e+00 4.6569577217e+00 2.5041199953e+00 1.0858861127e+01 5.8293749784e+00 0.0000000000e+00 6.9157852405e-04
1.1649220481e+00 4.6634759917e+00 2.5048988904e+00 1.0858954378e+01 5.8212770890e+00 0.0000000000e+00 6.9061188552e-04
1.1656121070e+00 4.6690765546e+00 2.5056766961e+00 1.0858906368e+01 5.8142687536e+00 0.0000000000e+00 6.8978349574e-04
1.1663016151e+00 4.6714257292e+00 2.5064610923e+00 1.0858690188e+01 5.8112291714e+00 0.0000000000e+00 6.8943661623e-04
1.1669909802e+00 4.6682248575e+00 2.5072418331e+00 1.0858398930e+01 5.8150577902e+00 0.0000000000e+00 6.8990934371e-04
1.1676814338e+00 4.6658841172e+00 2.5080320418e+00 1.0857968549e+01 5.8177444382e+00 0.0000000000e+00 6.9025545144e-04
1.1683714911e+00 4.6672268388e+00 2.5088268028e+00 1.0857476657e+01 5.8158072404e+00 0.0000000000e+00 6.9005687080e-04
1.1690615475e+00 4.6658869848e+00 2.5096302540e+00 1.0856940245e+01 5.8171898937e+00 0.0000000000e+00 6.9025502723e-04
1.1697520012e+00 4.6616948949e+00 2.5104460450e+00 1.0856360924e+01 5.8221103960e+00 0.0000000000e+00 6.9087574805e-04
1.1704432990e+00 4.6572954303e+00 2.5112736708e+00 1.0855727650e+01 5.8272702538e+00 0.0000000000e+00 6.9152837649e-04
1.1711350579e+00 4.6518184799e+00 2.5121058488e+00 1.0855034668e+01 5.8337587304e+00 0.0000000000e+00 6.9234256703e-04
1.1718279841e+00 4.6412081480e+00 2.5129360968e+00 1.0854265890e+01 5.8466812649e+00 0.0000000000e+00 6.9392534121e-04
1.1725229086e+00 4.6289209614e+00 2.5137652336e+00 1.0853404594e+01 5.8617357503e+00 0.0000000000e+00 6.9576732343e-04
1.1732195188e+00 4.6213691898e+00 2.5145904905e+00 1.0852477902e+01 5.8708130948e+00 0.0000000000e+00 6.9690427565e-04
1.1739167171e+00 4.6132847507e+00 2.5154143891e+00 1.0851505443e+01 5.8805742707e+00 0.0000000000e+00 6.9812554866e-04
1.1746157699e+00 4.6015864697e+00 2.5162362638e+00 1.0850521688e+01 5.8949895647e+00 0.0000000000e+00 6.9990034284e-04
1.1753165178e+00 4.5883241886e+00 2.5170622098e+00 1.0849508099e+01 5.9114764197e+00 0.0000000000e+00 7.0192336360e-04
1.1760196166e+00 4.5739139100e+00 2.5178897788e+00 1.0848484430e+01 5.9295412218e+00 0.0000000000e+00 7.0413479814e-04
1.1767247874e+00 4.5591374239e+00 2.5187192305e+00 1.0847411093e+01 5.9481707198e+00 0.0000000000e+00 7.0641694871e-04
1.1774324505e+00 4.5426528274e+00 2.5195477627e+00 1.0846257225e+01 5.9691207080e+00 0.0000000000e+00 7.0898042841e-04
1.1781427483e+00 4.5214923418e+00 2.5203749888e+00 1.0845008852e+01 5.9963658190e+00 0.0000000000e+00 7.1229844137e-04
1.1788570474e+00 4.5004255988e+00 2.5212018715e+00 1.0843666252e+01 6.0236893234e+00 0.0000000000e+00 7.1563275007e-04
1.1795740138e+00 4.4834646367e+00 2.5220282638e+00 1.0842240303e+01 6.0456818449e+00 0.0000000000e+00 7.1833999121e-04
1.1802937274e+00 4.4646623887e+00 2.5228561784e+00 1.0840738067e+01 6.0703011352e+00 0.0000000000e+00 7.2136517106e-04
1.1810167441e+00 4.4424011476e+00 2.5236884522e+00 1.0839162377e+01 6.0998331854e+00 0.0000000000e+00 7.2497999183e-04
1.1817436874e+00 4.4205968314e+00 2.5245249355e+00 1.0837528808e+01 6.1289963898e+00 0.0000000000e+00 7.2855591010e-04
1.1824738559e+00 4.3964266232e+00 2.5253652964e+00 1.0835842945e+01 6.1617330810e+00 0.0000000000e+00 7.3256128755e-04
1.1832088099e+00 4.3675928587e+00 2.5262098726e+00 1.0834096805e+01 6.2014118277e+00 0.0000000000e+00 7.3739747543e-04
1.1839486509e+00 4.3404151899e+00 2.5270585875e+00 1.0832273387e+01 6.2391919395e+00 0.0000000000e+00 7.4201471675e-04
1.1846928394e+00 4.3156983070e+00 2.5279088463e+00 1.0830376725e+01 6.2738263626e+00 0.0000000000e+00 7.4626438611e-04
1.1854411797e+00 4.2892193460e+00 2.5287595865e+00 1.0828415048e+01 6.3114136713e+00 0.0000000000e+00 7.5087135628e-04
1.1861945821e+00 4.2620538067e+00 2.5296147700e+00 1.0826368507e+01 6.3504410067e+00 0.0000000000e+00 7.5565727083e-04
1.1869524942e+00 4.2301042495e+00 2.5304723754e+00 1.0824282421e+01 6.3971723758e+00 0.0000000000e+00 7.6136467515e-04
1.1877173114e+00 4.1958448100e+00 2.5313390257e+00 1.0822140203e+01 6.4481294549e+00 0.0000000000e+00 7.6758128424e-04
1.1884876568e+00 4.1663400684e+00 2.5322164551e+00 1.0819958649e+01 6.4924840937e+00 0.0000000000e+00 7.7301705929e-04
1.1892633455e+00 4.1365121944e+00 2.5331055199e+00 1.0817757846e+01 6.5379704797e+00 0.0000000000e+00 7.7859118900e-04
1.1900448392e+00 4.1038040756e+00 2.5340098809e+00 1.0815560529e+01 6.5887407940e+00 0.0000000000e+00 7.8479671261e-04
1.1908329390e+00 4.0702413730e+00 2.5349371196e+00 1.0813405151e+01 6.6417468647e+00 0.0000000000e+00 7.9126804840e-04
1.1916273752e+00 4.0347926784e+00 2.5359028648e+00 1.0811390789e+01 6.6988514968e+00 0.0000000000e+00 7.9821993456e-04
1.1924293788e+00 4.0010848375e+00 2.5369290833e+00 1.0809676369e+01 6.7542159237e+00 0.0000000000e+00 8.0494467840e-04
1.1932372646e+00 3.9674711742e+00 2.5380326492e+00 1.0808357199e+01 6.8106085239e+00 0.0000000000e+00 8.1176442280e-04
1.1940529077e+00 3.9329070368e+00 2.5391855742e+00 1.0807248580e+01 6.8697584755e+00 0.0000000000e+00 8.1889856982e-04
1.1948750617e+00 3.8975738678e+00 2.5403471158e+00 1.0805993778e+01 6.9312309044e+00 0.0000000000e+00 8.2632223455e-04
1.1957055522e+00 3.8592278226e+00 2.5414674326e+00 1.0804320353e+01 6.9990169343e+00 0.0000000000e+00 8.3453273447e-04
1.1965441272e+00 3.8229142243e+00 2.5425176525e+00 1.0801995074e+01 7.0639794933e+00 0.0000000000e+00 8.4245990331e-04
1.1973904720e+00 3.7901356021e+00 2.5434836192e+00 1.0798789960e+01 7.1229575229e+00 0.0000000000e+00 8.4974583653e-04
1.1982436189e+00 3.7553326400e+00 2.5443437588e+00 1.0794568660e+01 7.1861601185e+00 0.0000000000e+00 8.5762095039e-04
1.1991057139e+00 3.7180796250e+00 2.5450655535e+00 1.0789285875e+01 7.2546092089e+00 0.0000000000e+00 8.6621381804e-04
1.1999760465e+00 3.6817579525e+00 2.5456340731e+00 1.0782854264e+01 7.3218109416e+00 0.0000000000e+00 8.7475928329e-04
1.2008552324e+00 3.6438003914e+00 2.5460590807e+00 1.0775148593e+01 7.3927955947e+00 0.0000000000e+00 8.8387167291e-04
1.2017437899e+00 3.6090416964e+00 2.5463414789e+00 1.0766176003e+01 7.4577802842e+00 0.0000000000e+00 8.9238424452e-04
1.2026400009e+00 3.5744942410e+00 2.5464701093e+00 1.0756140094e+01 7.5228405538e+00 0.0000000000e+00 9.0100913041e-04
1.2035458081e+00 3.5408846845e+00 2.5464573046e+00 1.0745250793e+01 7.5865579864e+00 0.0000000000e+00 9.0956137651e-04
1.2044591237e+00 3.5091850523e+00 2.5463503274e+00 1.0732924953e+01 7.6463087532e+00 0.0000000000e+00 9.1777774603e-04
1.2053813636e+00 3.4747688175e+00 2.5459608722e+00 1.0719374379e+01 7.7122932071e+00 0.0000000000e+00 9.2686797794e-04
1.2063128596e+00 3.4438733074e+00 2.5453314158e+00 1.0703424875e+01 7.7699031871e+00 0.0000000000e+00 9.3518305125e-04
1.2072517297e+00 3.4151018828e+00 2.5443592776e+00 1.0685511530e+01 7.8222494505e+00 0.0000000000e+00 9.4306174698e-04
1.2081989831e+00 3.3855692632e+00 2.5431094724e+00 1.0665383684e+01 7.8756206527e+00 0.0000000000e+00 9.5128815786e-04
1.2091543060e+00 3.3576258763e+00 2.5415885364e+00 1.0643480424e+01 7.9248558480e+00 0.0000000000e+00 9.5920512480e-04
1.2101173934e+00 3.3305453124e+00 2.5398887585e+00 1.0620462785e+01 7.9720149322e+00 0.0000000000e+00 9.6700439286e-04
1.2110883148e+00 3.3083011731e+00 2.5383551981e+00 1.0598526733e+01 8.0090401228e+00 0.0000000000e+00 9.7350627384e-04
1.2120644059e+00 3.2898748555e+00 2.5371782413e+00 1.0579010899e+01 8.0390678704e+00 0.0000000000e+00 9.7895880215e-04
1.2130462324e+00 3.2722578758e+00 2.5363785493e+00 1.0562128337e+01 8.0694498553e+00 0.0000000000e+00 9.8422926002e-04
1.2140328644e+00 3.2584120415e+00 2.5359195930e+00 1.0547602323e+01 8.0925940217e+00 0.0000000000e+00 9.8841150434e-04
1.2150230554e+00 3.2467342434e+00 2.5357100228e+00 1.0534792498e+01 8.1118377021e+00 0.0000000000e+00 9.9196660591e-04
1.2160167977e+00 3.2392561895e+00 2.5356449211e+00 1.0523002130e+01 8.1214648630e+00 0.0000000000e+00 9.9425663156e-04
1.2170115687e+00 3.2366558949e+00 2.5356608684e+00 1.0511797368e+01 8.1193349787e+00 0.0000000000e+00 9.9505540667e-04
1.2180069085e+00 3.2338436816e+00 2.5357914882e+00 1.0501311141e+01 8.1182890815e+00 0.0000000000e+00 9.9592072618e-04
1.2190034102e+00 3.2323244682e+00 2.5360951081e+00 1.0491900333e+01 8.1148260610e+00 0.0000000000e+00 9.9638881536e-04
1.2199996861e+00 3.2379023640e+00 2.5365937110e+00 1.0483732820e+01 8.0945405708e+00 0.0000000000e+00 9.9467234821e-04
1.2209927548e+00 3.2456864752e+00 2.5372869854e+00 1.0476825049e+01 8.0698067492e+00 0.0000000000e+00 9.9228683127e-04
1.2219842598e+00 3.2541607714e+00 2.5381689483e+00 1.0471125230e+01 8.0444129574e+00 0.0000000000e+00 9.8970277560e-04
1.2229721604e+00 3.2667890892e+00 2.5392284593e+00 1.0466524599e+01 8.0097951786e+00 0.0000000000e+00 9.8587691454e-04
1.2239560136e+00 3.2822039415e+00 2.5404239089e+00 1.0462734217e+01 7.9692901505e+00 0.0000000000e+00 9.8124674918e-04
1.2249346539e+00 3.3011778112e+00 2.5416563493e+00 1.0459242486e+01 7.9208415031e+00 0.0000000000e+00 9.7560692939e-04
1.2259072274e+00 3.3199977773e+00 2.5428706512e+00 1.0455575868e+01 7.8731798704e+00 0.0000000000e+00 9.7007653733e-04
1.2268748070e+00 3.3398009845e+00 2.5440463428e+00 1.0451579686e+01 7.8235048541e+00 0.0000000000e+00 9.6432450995e-04
1.2278358765e+00 3.3645634820e+00 2.5451805051e+00 1.0447230025e+01 7.7626934971e+00 0.0000000000e+00 9.5722727924e-04
1.2287892615e+00 3.3891188867e+00 2.5462773321e+00 1.0442571820e+01 7.7030137990e+00 0.0000000000e+00 9.5029181786e-04
1.2297364601e+00 3.4139096816e+00 2.5473452318e+00 1.0437662845e+01 7.6434819739e+00 0.0000000000e+00 9.4339108182e-04
1.2306760437e+00 3.4428348265e+00 2.5483902527e+00 1.0432556109e+01 7.5755566521e+00 0.0000000000e+00 9.3546513558e-04
1.2316073904e+00 3.4710683343e+00 2.5494165077e+00 1.0427308183e+01 7.5101576650e+00 0.0000000000e+00 9.2785610583e-04
1.2325317559e+00 3.4997913586e+00 2.5504285680e+00 1.0421960734e+01 7.4447014593e+00 0.0000000000e+00 9.2024112804e-04
1.2334478726e+00 3.5309366031e+00 2.5514285251e+00 1.0416547405e+01 7.3752013813e+00 0.0000000000e+00 9.1212398005e-04
1.2343560039e+00 3.5638103680e+00 2.5524176611e+00 1.0411093643e+01 7.3033442918e+00 0.0000000000e+00 9.0371024694e-04
1.2352552931e+00 3.5952520949e+00 2.5533970560e+00 1.0405621111e+01 7.2356686234e+00 0.0000000000e+00 8.9580698729e-04
1.2361476178e+00 3.6261680305e+00 2.5543680827e+00 1.0400142045e+01 7.1702014063e+00 0.0000000000e+00 8.8816952789e-04
1.2370316322e+00 3.6608417454e+00 2.5553308226e+00 1.0394653878e+01 7.0985408557e+00 0.0000000000e+00 8.7975721752e-04
1.2379071323e+00 3.6926385738e+00 2.5562848489e+00 1.0389161993e+01 7.0336981167e+00 0.0000000000e+00 8.7218174304e-04
1.2387759957e+00 3.7246154250e+00 2.5572320382e+00 1.0383660732e+01 6.9696193751e+00 0.0000000000e+00 8.6469382211e-04
1.2396365199e+00 3.7567050002e+00 2.5581722772e+00 1.0378147790e+01 6.9064165204e+00 0.0000000000e+00 8.5730765326e-04
1.2404906110e+00 3.7872336264e+00 2.5591064101e+00 1.0372623085e+01 6.8470974514e+00 0.0000000000e+00 8.5039695604e-04
1.2413373138e+00 3.8198332961e+00 2.5600361354e+00 1.0367075500e+01 6.7850313721e+00 0.0000000000e+00 8.4313939852e-04
1.2421768898e+00 3.8525609323e+00 2.5609618523e+00 1.0361522612e+01 6.7237889253e+00 0.0000000000e+00 8.3597690065e-04
1.2430092676e+00 3.8861248684e+00 2.5618866507e+00 1.0355971016e+01 6.6621450461e+00 0.0000000000e+00 8.2875668096e-04
1.2438344031e+00 3.9161977472e+00 2.5628116218e+00 1.0350427212e+01 6.6074467382e+00 0.0000000000e+00 8.2239257454e-04
1.2446540528e+00 3.9450393124e+00 2.5637367099e+00 1.0344883691e+01 6.5556277589e+00 0.0000000000e+00 8.1638019108e-04
1.2454671635e+00 3.9754779598e+00 2.5646613622e+00 1.0339331443e+01 6.5019423749e+00 0.0000000000e+00 8.1012949393e-04
1.2462743118e+00 4.0063967705e+00 2.5655841883e+00 1.0333760404e+01 6.4482881978e+00 0.0000000000e+00 8.0387743208e-04
1.2470749184e+00 4.0346630552e+00 2.5665044161e+00 1.0328161201e+01 6.3996429565e+00 0.0000000000e+00 7.9824557928e-04
1.2478708029e+00 4.0598279085e+00 2.5674219332e+00 1.0322526452e+01 6.3565049338e+00 0.0000000000e+00 7.9329765209e-04
1.2486615137e+00 4.0875820400e+00 2.5683362575e+00 1.0316842539e+01 6.3098687919e+00 0.0000000000e+00 7.8791126789e-04
1.2494466255e+00 4.1143575057e+00 2.5692459662e+00 1.0311105837e+01 6.2653195684e+00 0.0000000000e+00 7.8278368937e-04
1.2502270811e+00 4.1395221881e+00 2.5701513340e+00 1.0305311555e+01 6.2237325271e+00 0.0000000000e+00 7.7802504767e-04
1.2510026756e+00 4.1645518376e+00 2.5710521832e+00 1.0299455332e+01 6.1828113407e+00 0.0000000000e+00 7.7334898767e-04
1.2517737790e+00 4.1870005366e+00 2.5719485911e+00 1.0293539174e+01 6.1461296003e+00 0.0000000000e+00 7.6920265941e-04
1.2525410809e+00 4.2092491544e+00 2.5728414423e+00 1.0287562652e+01 6.1100936737e+00 0.0000000000e+00 7.6513692337e-04
1.2533040529e+00 4.2311916950e+00 2.5737311245e+00 1.0281529868e+01 6.0748428629e+00 0.0000000000e+00 7.6116899915e-04
1.2540634189e+00 4.2512796730e+00 2.5746186776e+00 1.0275449576e+01 6.0425626908e+00 0.0000000000e+00 7.5757235361e-04
1.2548191976e+00 4.2717294200e+00 2.5755050165e+00 1.0269327830e+01 6.0100528501e+00 0.0000000000e+00 7.5394568126e-04
1.2555713102e+00 4.2891725298e+00 2.5763905286e+00 1.0263176309e+01 5.9820258087e+00 0.0000000000e+00 7.5087955203e-04
1.2563209567e+00 4.3084767207e+00 2.5772767451e+00 1.0256989873e+01 5.9516335690e+00 0.0000000000e+00 7.4751522557e-04
1.2570663407e+00 4.3260675142e+00 2.5781622881e+00 1.0250778690e+01 5.9238434538e+00 0.0000000000e+00 7.4447565536e-04
1.2578099080e+00 4.3372254391e+00 2.5790480318e+00 1.0244544753e+01 5.9050105287e+00 0.0000000000e+00 7.4256042092e-04
1.2585514615e+00 4.3535149022e+00 2.5799335009e+00 1.0238271583e+01 5.8793135048e+00 0.0000000000e+00 7.3978199686e-04
1.2592894720e+00 4.3675840438e+00 2.5808158002e+00 1.0231955409e+01 5.8567593128e+00 0.0000000000e+00 7.3739896369e-04
1.2600262595e+00 4.3762935609e+00 2.5816950993e+00 1.0225592196e+01 5.8414683873e+00 0.0000000000e+00 7.3593142300e-04
1.2607613348e+00 4.3908558223e+00 2.5825705304e+00 1.0219164740e+01 5.8184356043e+00 0.0000000000e+00 7.3349070843e-04
1.2614932409e+00 4.4016448496e+00 2.5834399834e+00 1.0212674277e+01 5.8004874461e+00 0.0000000000e+00 7.3169282342e-04
1.2622247205e+00 4.4057250977e+00 2.5843051233e+00 1.0206123566e+01 5.7913983168e+00 0.0000000000e+00 7.3101518509e-04
1.2629552712e+00 4.4144895286e+00 2.5851666721e+00 1.0199507503e+01 5.7761534128e+00 0.0000000000e+00 7.2956384353e-04
1.2636838482e+00 4.4251937679e+00 2.5860237254e+00 1.0192829578e+01 5.7584086215e+00 0.0000000000e+00 7.2779907879e-04
1.2644108694e+00 4.4305670602e+00 2.5868774344e+00 1.0186096318e+01 5.7476256309e+00 0.0000000000e+00 7.2691642039e-04
1.2651376810e+00 4.4308113938e+00 2.5877296770e+00 1.0179313081e+01 5.7434813719e+00 0.0000000000e+00 7.2687633517e-04
1.2658646221e+00 4.4335334017e+00 2.5885812382e+00 1.0172476445e+01 5.7361000376e+00 0.0000000000e+00 7.2643006287e-04
1.2665905411e+00 4.4384241392e+00 2.5894311701e+00 1.0165583241e+01 5.7258966934e+00 0.0000000000e+00 7.2562960337e-04
1.2673158813e+00 4.4403551614e+00 2.5902791965e+00 1.0158631794e+01 5.7194928250e+00 0.0000000000e+00 7.2531404148e-04
1.2680411692e+00 4.4405140426e+00 2.5911255588e+00 1.0151616193e+01 5.7153384132e+00 0.0000000000e+00 7.2528808982e-04
1.2687664575e+00 4.4405658123e+00 2.5919698118e+00 1.0144529399e+01 5.7112819785e+00 0.0000000000e+00 7.2527963413e-04
1.2694917285e+00 4.4373402196e+00 2.5928117317e+00 1.0137368615e+01 5.7113992356e+00 0.0000000000e+00 7.2580685463e-04
1.2702180712e+00 4.4294633185e+00 2.5936520746e+00 1.0130135528e+01 5.7174734269e+00 0.0000000000e+00 7.2709755474e-04
1.2709459236e+00 4.4242731797e+00 2.5944914088e+00 1.0122826687e+01 5.7200506590e+00 0.0000000000e+00 7.2795051683e-04
1.2716739722e+00 4.4214412394e+00 2.5953289613e+00 1.0115443419e+01 5.7195396653e+00 0.0000000000e+00 7.2841677030e-04
1.2724027571e+00 4.4161698044e+00 2.5961649552e+00 1.0107990252e+01 5.7221476414e+00 0.0000000000e+00 7.2928625718e-04
1.2731325447e+00 4.4087443371e+00 2.5970000534e+00 1.0100468841e+01 5.7275201674e+00 0.0000000000e+00 7.3051456412e-04
1.2738637863e+00 4.3996935008e+00 2.5978342319e+00 1.0092880065e+01 5.7349904391e+00 0.0000000000e+00 7.3201734329e-04
1.2745965794e+00 4.3895516444e+00 2.5986672286e+00 1.0085222190e+01 5.7438794477e+00 0.0000000000e+00 7.3370863555e-04
1.2753312035e+00 4.3784857991e+00 2.5994985170e+00 1.0077492401e+01 5.7539825772e+00 0.0000000000e+00 7.3556295384e-04
1.2760677053e+00 4.3662162133e+00 2.6003276734e+00 1.0069689216e+01 5.7656840182e+00 0.0000000000e+00 7.3762997305e-04
1.2768064635e+00 4.3527647348e+00 2.6011545685e+00 1.0061814320e+01 5.7789789553e+00 0.0000000000e+00 7.3990949291e-04
1.2775475243e+00 4.3385444080e+00 2.6019793685e+00 1.0053872096e+01 5.7933440056e+00 0.0000000000e+00 7.4233467377e-04
1.2782911328e+00 4.3232872338e+00 2.6028024123e+00 1.0045868791e+01 5.8091610896e+00 0.0000000000e+00 7.4495442322e-04
1.2790374331e+00 4.3051509542e+00 2.6036243274e+00 1.0037813170e+01 5.8289554053e+00 0.0000000000e+00 7.4809268756e-04
1.2797873182e+00 4.2850679517e+00 2.6044460261e+00 1.0029711763e+01 5.8515476744e+00 0.0000000000e+00 7.5159880404e-04
1.2805406308e+00 4.2667867366e+00 2.6052678767e+00 1.0021568804e+01 5.8718477291e+00 0.0000000000e+00 7.5481905860e-04
1.2812969563e+00 4.2493833056e+00 2.6060899600e+00 1.0013393094e+01 5.8910860553e+00 0.0000000000e+00 7.5791043455e-04
1.2820564516e+00 4.2301577772e+00 2.6069131058e+00 1.0005191117e+01 5.9130129680e+00 0.0000000000e+00 7.6135504096e-04
1.2828196664e+00 4.2090794117e+00 2.6077380928e+00 9.9969683751e+00 5.9377404162e+00 0.0000000000e+00 7.6516777962e-04
1.2835867872e+00 4.1864542319e+00 2.6085654549e+00 9.9887290531e+00 5.9649099810e+00 0.0000000000e+00 7.6930303530e-04
1.2843582725e+00 4.1628401876e+00 2.6093953259e+00 9.9804709844e+00 5.9937870148e+00 0.0000000000e+00 7.7366696837e-04
1.2851341211e+00 4.1391367015e+00 2.6102259326e+00 9.9721794929e+00 6.0231034948e+00 0.0000000000e+00 7.7809750680e-04
1.2859144675e+00 4.1139950323e+00 2.6110542935e+00 9.9638292926e+00 6.0548379461e+00 0.0000000000e+00 7.8285265841e-04
1.2866998264e+00 4.0844903243e+00 2.6118787037e+00 9.9554061826e+00 6.0934201039e+00 0.0000000000e+00 7.8850766975e-04
1.2874914828e+00 4.0557184275e+00 2.6126986667e+00 9.9468982585e+00 6.1314033730e+00 0.0000000000e+00 7.9410146570e-04
1.2882880294e+00 4.0302699241e+00 2.6135130387e+00 9.9382993280e+00 6.1647851851e+00 0.0000000000e+00 7.9911569408e-04
1.2890897142e+00 4.0030567223e+00 2.6143217223e+00 9.9296130824e+00 6.2012692869e+00 0.0000000000e+00 8.0454816684e-04
1.2898971257e+00 3.9738428621e+00 2.6151263345e+00 9.9208442544e+00 6.2413415670e+00 0.0000000000e+00 8.1046283396e-04
1.2907106399e+00 3.9445931462e+00 2.6159283274e+00 9.9119992255e+00 6.2820162043e+00 0.0000000000e+00 8.1647253047e-04
1.2915300708e+00 3.9111859172e+00 2.6167291369e+00 9.9030914866e+00 6.3299800216e+00 0.0000000000e+00 8.2344639604e-04
1.2923575327e+00 3.8760817031e+00 2.6175315443e+00 9.8941204882e+00 6.3815221441e+00 0.0000000000e+00 8.3090404033e-04
1.2931918788e+00 3.8451688593e+00 2.6183355282e+00 9.8850957359e+00 6.4269581503e+00 0.0000000000e+00 8.3758400881e-04
1.2940327007e+00 3.8142808956e+00 2.6191422143e+00 9.8760251841e+00 6.4730583918e+00 0.0000000000e+00 8.4436674588e-04
1.2948806123e+00 3.7794710820e+00 2.6199537898e+00 9.8669214703e+00 6.5266549580e+00 0.0000000000e+00 8.5214356133e-04
1.2957369878e+00 3.7470941788e+00 2.6207731015e+00 9.8577890876e+00 6.5769557804e+00 0.0000000000e+00 8.5950653867e-04
1.2965996254e+00 3.7142244642e+00 2.6216000751e+00 9.8486484699e+00 6.6290073236e+00 0.0000000000e+00 8.6711290035e-04
1.2974712136e+00 3.6783406121e+00 2.6224394626e+00 9.8395173705e+00 6.6874702536e+00 0.0000000000e+00 8.7557197317e-04
1.2983507694e+00 3.6435407368e+00 2.6232961479e+00 9.8304253588e+00 6.7451046035e+00 0.0000000000e+00 8.8393466147e-04
1.2992390829e+00 3.6061525519e+00 2.6241773447e+00 9.8214206464e+00 6.8087944874e+00 0.0000000000e+00 8.9309919683e-04
1.3001369678e+00 3.5714773334e+00 2.6250910000e+00 9.8125522404e+00 6.8686927875e+00 0.0000000000e+00 9.0177023317e-04
1.3010426234e+00 3.5382588463e+00 2.6260445947e+00 9.8038782446e+00 6.9270499068e+00 0.0000000000e+00 9.1023638677e-04
1.3019574405e+00 3.5017874850e+00 2.6270469517e+00 9.7954496496e+00 6.9931782636e+00 0.0000000000e+00 9.1971656233e-04
1.3028820565e+00 3.4680862706e+00 2.6281029311e+00 9.7872880344e+00 7.0552512760e+00 0.0000000000e+00 9.2865393084e-04
1.3038147484e+00 3.4354304723e+00 2.6292124156e+00 9.7793971729e+00 7.1165733462e+00 0.0000000000e+00 9.3748133564e-04
1.3047570192e+00 3.4002098980e+00 2.6303713146e+00 9.7717412872e+00 7.1846603448e+00 0.0000000000e+00 9.4719209825e-04
1.3057091326e+00 3.3677582466e+00 2.6315652908e+00 9.7642273743e+00 7.2483137590e+00 0.0000000000e+00 9.5631922243e-04
1.3066696577e+00 3.3366869100e+00 2.6327761908e+00 9.7567610718e+00 7.3102161926e+00 0.0000000000e+00 9.6522449800e-04
1.3076395816e+00 3.3049240949e+00 2.6339956051e+00 9.7492759160e+00 7.3748107642e+00 0.0000000000e+00 9.7450103398e-04
1.3086186597e+00 3.2730209924e+00 2.6352176507e+00 9.7417434290e+00 7.4409417566e+00 0.0000000000e+00 9.8399978345e-04
1.3096075811e+00 3.2444808137e+00 2.6364377869e+00 9.7341287870e+00 7.5005288565e+00 0.0000000000e+00 9.9265556885e-04
1.3106039709e+00 3.2178926222e+00 2.6376532212e+00 9.7264254463e+00 7.5565180293e+00 0.0000000000e+00 1.0008574946e-03
1.3116092961e+00 3.1898825559e+00 2.6388648737e+00 9.7186525061e+00 7.6167792512e+00 0.0000000000e+00 1.0096459325e-03
1.3126232627e+00 3.1657504593e+00 2.6400747122e+00 9.7108226396e+00 7.6686576884e+00 0.0000000000e+00 1.0173423298e-03
1.3136439808e+00 3.1437226446e+00 2.6412829351e+00 9.7029619544e+00 7.7161402670e+00 0.0000000000e+00 1.0244707666e-03
1.3146722043e+00 3.1221661537e+00 2.6424923667e+00 9.6950854166e+00 7.7631081591e+00 0.0000000000e+00 1.0315440592e-03
1.3157070689e+00 3.1026381129e+00 2.6437038590e+00 9.6872090777e+00 7.8056227678e+00 0.0000000000e+00 1.0380366097e-03
1.3167482775e+00 3.0847166592e+00 2.6449199081e+00 9.6793524143e+00 7.8446041271e+00 0.0000000000e+00 1.0440673499e-03
1.3177952036e+00 3.0704554108e+00 2.6461411543e+00 9.6715284052e+00 7.8746693172e+00 0.0000000000e+00 1.0489166970e-03
1.3188461109e+00 3.0593109465e+00 2.6473676538e+00 9.6637506679e+00 7.8969993871e+00 0.0000000000e+00 1.0527376929e-03
1.3199006790e+00 3.0496517260e+00 2.6486003853e+00 9.6560316439e+00 7.9156839137e+00 0.0000000000e+00 1.0560720492e-03
1.3209582550e+00 3.0421070360e+00 2.6498403145e+00 9.6483799417e+00 7.9290273382e+00 0.0000000000e+00 1.0586911997e-03
1.3220180614e+00 3.0373434084e+00 2.6510879067e+00 9.6408039424e+00 7.9352271426e+00 0.0000000000e+00 1.0603516016e-03
1.3230789582e+00 3.0356661769e+00 2.6523429626e+00 9.6333093619e+00 7.9334393183e+00 0.0000000000e+00 1.0609374549e-03
1.3241399363e+00 3.0366674239e+00 2.6536046386e+00 9.6258984758e+00 7.9247223453e+00 0.0000000000e+00 1.0605876437e-03
1.3252001335e+00 3.0396274346e+00 2.6548718273e+00 9.6185700538e+00 7.9109777931e+00 0.0000000000e+00 1.0595548359e-03
1.3262590460e+00 3.0457101528e+00 2.6561431170e+00 9.6113196339e+00 7.8892271028e+00 0.0000000000e+00 1.0574387536e-03
1.3273150110e+00 3.0552030755e+00 2.6574158761e+00 9.6041426858e+00 7.8588414980e+00 0.0000000000e+00 1.0541531506e-03
1.3283673523e+00 3.0643183007e+00 2.6586901688e+00 9.5970421219e+00 7.8296713821e+00 0.0000000000e+00 1.0510174309e-03
1.3294170458e+00 3.0771916926e+00 2.6599661521e+00 9.5900146350e+00 7.7912067178e+00 0.0000000000e+00 1.0466205129e-03
1.3304605933e+00 3.0946834574e+00 2.6612422658e+00 9.5830667167e+00 7.7415564860e+00 0.0000000000e+00 1.0407048062e-03
1.3314984554e+00 3.1107393973e+00 2.6625204557e+00 9.5762141245e+00 7.6960915890e+00 0.0000000000e+00 1.0353332557e-03
1.3325312598e+00 3.1290847680e+00 2.6638021135e+00 9.5694583532e+00 7.6455729572e+00 0.0000000000e+00 1.0292632468e-03
1.3335569819e+00 3.1510214057e+00 2.6650863688e+00 9.5628061907e+00 7.5870685721e+00 0.0000000000e+00 1.0220977687e-03
1.3345754554e+00 3.1723683813e+00 2.6663730413e+00 9.5562628056e+00 7.5308583816e+00 0.0000000000e+00 1.0152200377e-03
1.3355874220e+00 3.1956219295e+00 2.6676626472e+00 9.5498222684e+00 7.4710201010e+00 0.0000000000e+00 1.0078325968e-03
1.3365911206e+00 3.2217507457e+00 2.6689518571e+00 9.5434736053e+00 7.4055027519e+00 0.0000000000e+00 9.9965894384e-04
1.3375867399e+00 3.2475774626e+00 2.6702400939e+00 9.5372185094e+00 7.3417944755e+00 0.0000000000e+00 9.9170904615e-04
1.3385745386e+00 3.2758026850e+00 2.6715264109e+00 9.5310486010e+00 7.2738268430e+00 0.0000000000e+00 9.8316420658e-04
1.3395530683e+00 3.3046398176e+00 2.6728102655e+00 9.5249660799e+00 7.2057520680e+00 0.0000000000e+00 9.7458486416e-04
1.3405237084e+00 3.3333947426e+00 2.6740938203e+00 9.5189855753e+00 7.1391076593e+00 0.0000000000e+00 9.6617778465e-04
1.3414854239e+00 3.3618967615e+00 2.6753767592e+00 9.5131054695e+00 7.0742099954e+00 0.0000000000e+00 9.5798657014e-04
1.3424396815e+00 3.3902739744e+00 2.6766590208e+00 9.5073258782e+00 7.0107356735e+00 0.0000000000e+00 9.4996804742e-04
1.3433853600e+00 3.4209469405e+00 2.6779393000e+00 9.5016405640e+00 6.9437210875e+00 0.0000000000e+00 9.4145042402e-04
1.3443225824e+00 3.4521807095e+00 2.6792161349e+00 9.4960464169e+00 6.8768462720e+00 0.0000000000e+00 9.3293260660e-04
1.3452512252e+00 3.4846290241e+00 2.6804888621e+00 9.4905408055e+00 6.8088602400e+00 0.0000000000e+00 9.2424528563e-04
1.3461710729e+00 3.5154303806e+00 2.6817583349e+00 9.4851319294e+00 6.7453561174e+00 0.0000000000e+00 9.1614727047e-04
1.3470835197e+00 3.5438260802e+00 2.6830269357e+00 9.4798330704e+00 6.6875693500e+00 0.0000000000e+00 9.0880643542e-04
1.3479886858e+00 3.5714737681e+00 2.6842955187e+00 9.4746484497e+00 6.6321699842e+00 0.0000000000e+00 9.0177113338e-04
1.3488870620e+00 3.6032592561e+00 2.6855645447e+00 9.4695850962e+00 6.5701524808e+00 0.0000000000e+00 8.9381632539e-04
1.3497763185e+00 3.6357733701e+00 2.6868299392e+00 9.4646262431e+00 6.5079869395e+00 0.0000000000e+00 8.8582307528e-04
1.3506587081e+00 3.6623780698e+00 2.6880925152e+00 9.4597774200e+00 6.4574009289e+00 0.0000000000e+00 8.7938816974e-04
1.3515350948e+00 3.6895566155e+00 2.6893522900e+00 9.4550302673e+00 6.4066168733e+00 0.0000000000e+00 8.7291029338e-04
1.3524045287e+00 3.7186552897e+00 2.6906065706e+00 9.4503723402e+00 6.3533532984e+00 0.0000000000e+00 8.6607972421e-04
1.3532672542e+00 3.7470575815e+00 2.6918549713e+00 9.4458058870e+00 6.3021488738e+00 0.0000000000e+00 8.5951493342e-04
1.3541235586e+00 3.7753475331e+00 2.6930964943e+00 9.4413234723e+00 6.2519565348e+00 0.0000000000e+00 8.5307429832e-04
1.3549734028e+00 3.8028246130e+00 2.6943314945e+00 9.4369280283e+00 6.2038938083e+00 0.0000000000e+00 8.4691046142e-04
1.3558173795e+00 3.8270496360e+00 2.6955593223e+00 9.4326125215e+00 6.1618044045e+00 0.0000000000e+00 8.4154956272e-04
1.3566565020e+00 3.8518292705e+00 2.6967823485e+00 9.4283883804e+00 6.1194225641e+00 0.0000000000e+00 8.3613569594e-04
1.3574896509e+00 3.8767112489e+00 2.6979981296e+00 9.4242395810e+00 6.0774706806e+00 0.0000000000e+00 8.3076910839e-04
1.3583180402e+00 3.8992489909e+00 2.6992078904e+00 9.4201727779e+00 6.0397353438e+00 0.0000000000e+00 8.2596724529e-04
1.3591415854e+00 3.9219374519e+00 2.7004121780e+00 9.4161864180e+00 6.0022543281e+00 0.0000000000e+00 8.2118901366e-04
1.3599604182e+00 3.9438080942e+00 2.7016092609e+00 9.4122668376e+00 5.9664837974e+00 0.0000000000e+00 8.1663505698e-04
1.3607748555e+00 3.9647273581e+00 2.7028014199e+00 9.4084262031e+00 5.9325808267e+00 0.0000000000e+00 8.1232620980e-04
1.3615850706e+00 3.9846865250e+00 2.7039866547e+00 9.4046455904e+00 5.9004927561e+00 0.0000000000e+00 8.0825729389e-04
1.3623913701e+00 4.0037235159e+00 2.7051667567e+00 9.4009330683e+00 5.8701187975e+00 0.0000000000e+00 8.0441417468e-04
1.3631938990e+00 4.0220537080e+00 2.7063404862e+00 9.3972746663e+00 5.8410922308e+00 0.0000000000e+00 8.0074812062e-04
1.3639928664e+00 4.0390421981e+00 2.7075089232e+00 9.3936733390e+00 5.8142951214e+00 0.0000000000e+00 7.9738011879e-04
1.3647886592e+00 4.0538969574e+00 2.7086720216e+00 9.3901231884e+00 5.7908003626e+00 0.0000000000e+00 7.9445826610e-04
1.3655817829e+00 4.0723257513e+00 2.7098305288e+00 9.3866254361e+00 5.7624475603e+00 0.0000000000e+00 7.9086304594e-04
1.3663703853e+00 4.0882158620e+00 2.7109818948e+00 9.3831650907e+00 5.7379339835e+00 0.0000000000e+00 7.8778911301e-04
1.3671573611e+00 4.0968262566e+00 2.7121291862e+00 9.3797570843e+00 5.7237947724e+00 0.0000000000e+00 7.8613339840e-04
1.3679426521e+00 4.1121128698e+00 2.7132718660e+00 9.3763906484e+00 5.7004701386e+00 0.0000000000e+00 7.8321097929e-04
1.3687237831e+00 4.1249136987e+00 2.7144061570e+00 9.3730524048e+00 5.6807566712e+00 0.0000000000e+00 7.8078044366e-04
1.3695042130e+00 4.1311610914e+00 2.7155350574e+00 9.3697604353e+00 5.6701737284e+00 0.0000000000e+00 7.7959970006e-04
1.3702829825e+00 4.1418502984e+00 2.7166569796e+00 9.3665006130e+00 5.6535726416e+00 0.0000000000e+00 7.7758772425e-04
1.3710593884e+00 4.1539712810e+00 2.7177701230e+00 9.3632740854e+00 5.6351340994e+00 0.0000000000e+00 7.7531878048e-04
1.3718336200e+00 4.1611764355e+00 2.7188735835e+00 9.3600783599e+00 5.6234567946e+00 0.0000000000e+00 7.7397630157e-04
1.3726073410e+00 4.1637400938e+00 2.7199683751e+00 9.3569168617e+00 5.6180961413e+00 0.0000000000e+00 7.7349975628e-04
1.3733806195e+00 4.1689894137e+00 2.7210539219e+00 9.3537855643e+00 5.6091444689e+00 0.0000000000e+00 7.7252581577e-04
1.3741523927e+00 4.1757504914e+00 2.7221280640e+00 9.3506781525e+00 5.5982021506e+00 0.0000000000e+00 7.7127499701e-04
1.3749231695e+00 4.1797670293e+00 2.7231907215e+00 9.3475974772e+00 5.5909799588e+00 0.0000000000e+00 7.7053384200e-04
1.3756934604e+00 4.1835026008e+00 2.7242415328e+00 9.3445382349e+00 5.5841594511e+00 0.0000000000e+00 7.6984580985e-04
1.3764628612e+00 4.1846592309e+00 2.7252801554e+00 9.3414984029e+00 5.5807999454e+00 0.0000000000e+00 7.6963302626e-04
1.3772327264e+00 4.1811606139e+00 2.7263077546e+00 9.3384825237e+00 5.5836664661e+00 0.0000000000e+00 7.7027702237e-04
1.3780034152e+00 4.1789057340e+00 2.7273247147e+00 9.3354893440e+00 5.5848886876e+00 0.0000000000e+00 7.7069265323e-04
1.3787741117e+00 4.1795841690e+00 2.7283298563e+00 9.3325152881e+00 5.5822032233e+00 0.0000000000e+00 7.7056755349e-04
1.3795445503e+00 4.1786933886e+00 2.7293231762e+00 9.3295645888e+00 5.5816278685e+00 0.0000000000e+00 7.7073181691e-04
1.3803155753e+00 4.1751709677e+00 2.7303054703e+00 9.3266400899e+00 5.5845857343e+00 0.0000000000e+00 7.7138205180e-04
1.3810873144e+00 4.1703569164e+00 2.7312770597e+00 9.3237404053e+00 5.5892940294e+00 0.0000000000e+00 7.7227249665e-04
1.3818601203e+00 4.1646022635e+00 2.7322381731e+00 9.3208649843e+00 5.5952912155e+00 0.0000000000e+00 7.7333962380e-04
1.3826339937e+00 4.1577077752e+00 2.7331885506e+00 9.3180110427e+00 5.6028535112e+00 0.0000000000e+00 7.7462200854e-04
1.3834093644e+00 4.1498495747e+00 2.7341278498e+00 9.3151791260e+00 5.6117571001e+00 0.0000000000e+00 7.7608884124e-04
1.3841861713e+00 4.1414434474e+00 2.7350549265e+00 9.3123701721e+00 5.6214519709e+00 0.0000000000e+00 7.7766411364e-04
1.3849646926e+00 4.1306596265e+00 2.7359679888e+00 9.3095852534e+00 5.6344422533e+00 0.0000000000e+00 7.7969434399e-04
1.3857455600e+00 4.1168651942e+00 2.7368661663e+00 9.3068320897e+00 5.6516497690e+00 0.0000000000e+00 7.8230687569e-04
1.3865293063e+00 4.1044187698e+00 2.7377480851e+00 9.3041161119e+00 5.6671337854e+00 0.0000000000e+00 7.8467917831e-04
1.3873149184e+00 4.0939071054e+00 2.7386110645e+00 9.3014389063e+00 5.6800500517e+00 0.0000000000e+00 7.8669394903e-04
1.3881026942e+00 4.0815457923e+00 2.7394533816e+00 9.2988079800e+00 5.6956410960e+00 0.0000000000e+00 7.8907651943e-04
1.3888930714e+00 4.0674034770e+00 2.7402740561e+00 9.2962317436e+00 5.7138613099e+00 0.0000000000e+00 7.9182012946e-04
1.3896863345e+00 4.0518725851e+00 2.7410713798e+00 9.2937141515e+00 5.7342092799e+00 0.0000000000e+00 7.9485518857e-04
1.3904827818e+00 4.0350395961e+00 2.7418442097e+00 9.2912633577e+00 5.7566122564e+00 0.0000000000e+00 7.9817108878e-04
1.3912826767e+00 4.0174592697e+00 2.7425908699e+00 9.2888829151e+00 5.7803217728e+00 0.0000000000e+00 8.0166387050e-04
1.3920861095e+00 3.9994238027e+00 2.7433102111e+00 9.2865789419e+00 5.8049480376e+00 0.0000000000e+00 8.0527898683e-04
1.3928932346e+00 3.9804430382e+00 2.7440010448e+00 9.2843550193e+00 5.8312321833e+00 0.0000000000e+00 8.0911896409e-04
1.3937043475e+00 3.9573651363e+00 2.7446621025e+00 9.2822124720e+00 5.8638842717e+00 0.0000000000e+00 8.1383744911e-04
1.3945209095e+00 3.9338846723e+00 2.7452934521e+00 9.2801634857e+00 5.8975823256e+00 0.0000000000e+00 8.1869505998e-04
1.3953417376e+00 3.9143923410e+00 2.7458921384e+00 9.2782103909e+00 5.9257028822e+00 0.0000000000e+00 8.2277188057e-04
1.3961664533e+00 3.8933729616e+00 2.7464558230e+00 9.2763702486e+00 5.9565127334e+00 0.0000000000e+00 8.2721382705e-04
1.3969961652e+00 3.8700390233e+00 2.7469818148e+00 9.2746574239e+00 5.9913203511e+00 0.0000000000e+00 8.3220141408e-04
1.3978308561e+00 3.8470189184e+00 2.7474685796e+00 9.2730933664e+00 6.0261552927e+00 0.0000000000e+00 8.3718120863e-04
1.3986705277e+00 3.8196854537e+00 2.7479132235e+00 9.2716813483e+00 6.0683539657e+00 0.0000000000e+00 8.4317203256e-04
1.3995172002e+00 3.7907245009e+00 2.7483164665e+00 9.2704339293e+00 6.1138932194e+00 0.0000000000e+00 8.4961382631e-04
1.4003697553e+00 3.7658713224e+00 2.7486778515e+00 9.2693484631e+00 6.1535217680e+00 0.0000000000e+00 8.5522092287e-04
1.4012276420e+00 3.7405732897e+00 2.7489959633e+00 9.2684161476e+00 6.1945158066e+00 0.0000000000e+00 8.6100490440e-04
1.4020917651e+00 3.7130345125e+00 2.7492714789e+00 9.2676492267e+00 6.2399428255e+00 0.0000000000e+00 8.6739079233e-04
1.4029624236e+00 3.6847656275e+00 2.7495009743e+00 9.2670532199e+00 6.2874102159e+00 0.0000000000e+00 8.7404526455e-04
1.4038398557e+00 3.6552656732e+00 2.7496797851e+00 9.2666549594e+00 6.3378806001e+00 0.0000000000e+00 8.8109927859e-04
1.4047246222e+00 3.6253775987e+00 2.7498022323e+00 9.2664741132e+00 6.3900061862e+00 0.0000000000e+00 8.8836317323e-04
1.4056165820e+00 3.5948894012e+00 2.7498717699e+00 9.2665027664e+00 6.4442196492e+00 0.0000000000e+00 8.9589736659e-04
1.4065164169e+00 3.5627072789e+00 2.7498882986e+00 9.2666797675e+00 6.5025548284e+00 0.0000000000e+00 9.0399005463e-04
1.4074245621e+00 3.5318057037e+00 2.7498525045e+00 9.2670337716e+00 6.5596995907e+00 0.0000000000e+00 9.1189952616e-04
1.4083402160e+00 3.5047161045e+00 2.7497352023e+00 9.2677917853e+00 6.6109433040e+00 0.0000000000e+00 9.1894802652e-04
1.4092624582e+00 3.4740931210e+00 2.7495413074e+00 9.2688897117e+00 6.6700066672e+00 0.0000000000e+00 9.2704824988e-04
1.4101943125e+00 3.4390101207e+00 2.7492874738e+00 9.2701918564e+00 6.7389972194e+00 0.0000000000e+00 9.3650551602e-04
1.4111354692e+00 3.4096541769e+00 2.7489716403e+00 9.2717096948e+00 6.7981305536e+00 0.0000000000e+00 9.4456850480e-04
1.4120834495e+00 3.3826661952e+00 2.7485781542e+00 9.2735493519e+00 6.8537278117e+00 0.0000000000e+00 9.5210457134e-04
1.4130396783e+00 3.3494654036e+00 2.7480902364e+00 9.2758147673e+00 6.9233546622e+00 0.0000000000e+00 9.6154208496e-04
1.4140065337e+00 3.3172292920e+00 2.7474881354e+00 9.2786322962e+00 6.9927577200e+00 0.0000000000e+00 9.7088614149e-04
1.4149814506e+00 3.2896799159e+00 2.7467472650e+00 9.2821656618e+00 7.0540036561e+00 0.0000000000e+00 9.7901681320e-04
1.4159645673e+00 3.2618558762e+00 2.7458410545e+00 9.2865849762e+00 7.1175623086e+00 0.0000000000e+00 9.8736794941e-04
1.4169561865e+00 3.2335208116e+00 2.7447397331e+00 9.2920759693e+00 7.1841782616e+00 0.0000000000e+00 9.9602016976e-04
1.4179566076e+00 3.2048590423e+00 2.7434012704e+00 9.2988990324e+00 7.2537504066e+00 0.0000000000e+00 1.0049278003e-03
1.4189660421e+00 3.1796440984e+00 2.7417558378e+00 9.3074983628e+00 7.3180347193e+00 0.0000000000e+00 1.0128969935e-03
1.4199824016e+00 3.1572135461e+00 2.7397086475e+00 9.3184796918e+00 7.3787214230e+00 0.0000000000e+00 1.0200931615e-03
1.4210062284e+00 3.1334502801e+00 2.7371397346e+00 9.3325901022e+00 7.4459375992e+00 0.0000000000e+00 1.0278292808e-03
1.4220380602e+00 3.1140041551e+00 2.7338919120e+00 9.3508282935e+00 7.5070775662e+00 0.0000000000e+00 1.0342478004e-03
1.4230747240e+00 3.0983027684e+00 2.7297218996e+00 9.3747498897e+00 7.5644236462e+00 0.0000000000e+00 1.0394890973e-03
1.4241170384e+00 3.0844704241e+00 2.7242034138e+00 9.4070700762e+00 7.6245422898e+00 0.0000000000e+00 1.0441506985e-03
1.4251630254e+00 3.0742523632e+00 2.7166702457e+00 9.4520500485e+00 7.6864623752e+00 0.0000000000e+00 1.0476211993e-03
1.4262122808e+00 3.0724080736e+00 2.7061711154e+00 9.5158908478e+00 7.7430232409e+00 0.0000000000e+00 1.0482500601e-03
1.4272595256e+00 3.0794338076e+00 2.6914106851e+00 9.6072097945e+00 7.7994936691e+00 0.0000000000e+00 1.0458584756e-03
1.4283039977e+00 3.0952690901e+00 2.6706947345e+00 9.7377087636e+00 7.8649937050e+00 0.0000000000e+00 1.0405079022e-03
1.4293405414e+00 3.1243131270e+00 2.6420758994e+00 9.9168808918e+00 7.9352488760e+00 0.0000000000e+00 1.0308352002e-03
1.4303656681e+00 3.1575672674e+00 2.6110217070e+00 1.0113807928e+01 8.0075949869e+00 0.0000000000e+00 1.0199788872e-03
1.4313804991e+00 3.1884544906e+00 2.5869893502e+00 1.0272970601e+01 8.0548198441e+00 0.0000000000e+00 1.0100981392e-03
1.4323858644e+00 3.2109684932e+00 2.5703369416e+00 1.0385083610e+01 8.0856318211e+00 0.0000000000e+00 1.0030157426e-03
1.4333865306e+00 3.2252499236e+00 2.5588676969e+00 1.0461866004e+01 8.1093452072e+00 0.0000000000e+00 9.9857438151e-04
1.4343830132e+00 3.2412961724e+00 2.5505506565e+00 1.0516358899e+01 8.1112295358e+00 0.0000000000e+00 9.9363087370e-04
1.4353737924e+00 3.2562082525e+00 2.5441173353e+00 1.0557942218e+01 8.1060096589e+00 0.0000000000e+00 9.8908045738e-04
1.4363611741e+00 3.2687413015e+00 2.5388055064e+00 1.0591627485e+01 8.1006926732e+00 0.0000000000e+00 9.8528811267e-04
1.4373443686e+00 3.2873829751e+00 2.5342599302e+00 1.0620305139e+01 8.0765651735e+00 0.0000000000e+00 9.7970086606e-04
1.4383205758e+00 3.3068412009e+00 2.5302813617e+00 1.0645401941e+01 8.0480141727e+00 0.0000000000e+00 9.7393607738e-04
1.4392922408e+00 3.3256128222e+00 2.5267164112e+00 1.0667540604e+01 8.0192292177e+00 0.0000000000e+00 9.6843863670e-04
1.4402574531e+00 3.3493551893e+00 2.5235228968e+00 1.0687525169e+01 7.9773005283e+00 0.0000000000e+00 9.6157372559e-04
1.4412153882e+00 3.3724411940e+00 2.5206469429e+00 1.0705731625e+01 7.9361885125e+00 0.0000000000e+00 9.5499128448e-04
1.4421674356e+00 3.3969633583e+00 2.5180298731e+00 1.0722333318e+01 7.8911164080e+00 0.0000000000e+00 9.4809734696e-04
1.4431115829e+00 3.4254775444e+00 2.5156655077e+00 1.0737718933e+01 7.8366583881e+00 0.0000000000e+00 9.4020524320e-04
1.4440478461e+00 3.4548320532e+00 2.5135004200e+00 1.0751842234e+01 7.7802929843e+00 0.0000000000e+00 9.3221664559e-04
1.4449760162e+00 3.4868160477e+00 2.5115158977e+00 1.0764852352e+01 7.7182537057e+00 0.0000000000e+00 9.2366557446e-04
1.4458951773e+00 3.5184358433e+00 2.5097314055e+00 1.0777123374e+01 7.6576096977e+00 0.0000000000e+00 9.1536469362e-04
1.4468067456e+00 3.5497446493e+00 2.5080896845e+00 1.0788451741e+01 7.5980477518e+00 0.0000000000e+00 9.0729116200e-04
1.4477097596e+00 3.5852476487e+00 2.5065993594e+00 1.0799082186e+01 7.5302205344e+00 0.0000000000e+00 8.9830668989e-04
1.4486033590e+00 3.6194981307e+00 2.5052510513e+00 1.0809102658e+01 7.4658849566e+00 0.0000000000e+00 8.8980621938e-04
1.4494893720e+00 3.6537299324e+00 2.5040076684e+00 1.0818393510e+01 7.4022941695e+00 0.0000000000e+00 8.8146962346e-04
1.4503662982e+00 3.6907446638e+00 2.5028944855e+00 1.0827273825e+01 7.3340713131e+00 0.0000000000e+00 8.7262930415e-04
1.4512346306e+00 3.7282859785e+00 2.5018971767e+00 1.0835755210e+01 7.2659093696e+00 0.0000000000e+00 8.6384251806e-04
1.4520939832e+00 3.7659254229e+00 2.5009831874e+00 1.0843707296e+01 7.1985674692e+00 0.0000000000e+00 8.5520863695e-04
1.4529450479e+00 3.8026791380e+00 2.5001663624e+00 1.0851339776e+01 7.1340095907e+00 0.0000000000e+00 8.4694286077e-04
1.4537878690e+00 3.8390714459e+00 2.4994378765e+00 1.0858682498e+01 7.0711646366e+00 0.0000000000e+00 8.3891430339e-04
1.4546228765e+00 3.8751001167e+00 2.4987819159e+00 1.0865692075e+01 7.0099428066e+00 0.0000000000e+00 8.3111451336e-04
1.4554500980e+00 3.9121308066e+00 2.4982070041e+00 1.0872486126e+01 6.9479311042e+00 0.0000000000e+00 8.2324751062e-04
1.4562693715e+00 3.9493782191e+00 2.4977081485e+00 1.0879054506e+01 6.8865615692e+00 0.0000000000e+00 8.1548329106e-04
1.4570810646e+00 3.9876492992e+00 2.4972697309e+00 1.0885294242e+01 6.8243803714e+00 0.0000000000e+00 8.0765676871e-04
1.4578846851e+00 4.0250032557e+00 2.4968967149e+00 1.0891270578e+01 6.7647588622e+00 0.0000000000e+00 8.0016132736e-04
1.4586813872e+00 4.0559245384e+00 2.4965952724e+00 1.0897086003e+01 6.7167706767e+00 0.0000000000e+00 7.9406111165e-04
1.4594728073e+00 4.0905276253e+00 2.4963445583e+00 1.0902655109e+01 6.6633550165e+00 0.0000000000e+00 7.8734389369e-04
1.4602560750e+00 4.1297652262e+00 2.4961362495e+00 1.0907988195e+01 6.6032737927e+00 0.0000000000e+00 7.7986320562e-04
1.4610325337e+00 4.1641645122e+00 2.4959855117e+00 1.0913263385e+01 6.5518925542e+00 0.0000000000e+00 7.7342091993e-04
1.4618029168e+00 4.1939752617e+00 2.4958808028e+00 1.0918417432e+01 6.5083940357e+00 0.0000000000e+00 7.6792344893e-04
1.4625683806e+00 4.2224593541e+00 2.4958099732e+00 1.0923359301e+01 6.4674153054e+00 0.0000000000e+00 7.6274314981e-04
1.4633284031e+00 4.2577468375e+00 2.4957796310e+00 1.0928168809e+01 6.4166384393e+00 0.0000000000e+00 7.5642166400e-04
1.4640812239e+00 4.2907339991e+00 2.4957931895e+00 1.0932881829e+01 6.3700533702e+00 0.0000000000e+00 7.5060629449e-04
1.4648296157e+00 4.3181116220e+00 2.4958514189e+00 1.0937334720e+01 6.3322440902e+00 0.0000000000e+00 7.4584731235e-04
1.4655729186e+00 4.3470883177e+00 2.4959545039e+00 1.0941563209e+01 6.2924665947e+00 0.0000000000e+00 7.4087566490e-04
1.4663113671e+00 4.3751103315e+00 2.4960923403e+00 1.0945647582e+01 6.2544980315e+00 0.0000000000e+00 7.3613045243e-04
1.4670451795e+00 4.4023715140e+00 2.4962620410e+00 1.0949621632e+01 6.2180245337e+00 0.0000000000e+00 7.3157204872e-04
1.4677745112e+00 4.4275142069e+00 2.4964631438e+00 1.0953489539e+01 6.1848980192e+00 0.0000000000e+00 7.2741764276e-04
1.4685000148e+00 4.4525987116e+00 2.4966936265e+00 1.0957253051e+01 6.1521673975e+00 0.0000000000e+00 7.2331960645e-04
1.4692211504e+00 4.4762149031e+00 2.4969523917e+00 1.0960927332e+01 6.1217611139e+00 0.0000000000e+00 7.1950342364e-04
1.4699390216e+00 4.4978270890e+00 2.4972395028e+00 1.0964532258e+01 6.0943495833e+00 0.0000000000e+00 7.1604618941e-04
1.4706532428e+00 4.5217346228e+00 2.4975523281e+00 1.0968067920e+01 6.0640820585e+00 0.0000000000e+00 7.1226027541e-04
1.4713635422e+00 4.5425392299e+00 2.4978858919e+00 1.0971515022e+01 6.0382059827e+00 0.0000000000e+00 7.0899815824e-04
1.4720712391e+00 4.5613465323e+00 2.4982367242e+00 1.0974853370e+01 6.0151390016e+00 0.0000000000e+00 7.0607482350e-04
1.4727756918e+00 4.5799949145e+00 2.4986052068e+00 1.0978085007e+01 5.9924111334e+00 0.0000000000e+00 7.0319989603e-04
1.4734776389e+00 4.5944988626e+00 2.4989946939e+00 1.0981227844e+01 5.9752043546e+00 0.0000000000e+00 7.0098002939e-04
1.4741776519e+00 4.6139087169e+00 2.4994053149e+00 1.0984280301e+01 5.9517217261e+00 0.0000000000e+00 6.9803113700e-04
1.4748737011e+00 4.6311913658e+00 2.4998330265e+00 1.0987223961e+01 5.9311001710e+00 0.0000000000e+00 6.9542622910e-04
1.4755685043e+00 4.6390496059e+00 2.5002752420e+00 1.0990040960e+01 5.9225713745e+00 0.0000000000e+00 6.9424822352e-04
1.4762621976e+00 4.6549030357e+00 2.5007304929e+00 1.0992725754e+01 5.9038425018e+00 0.0000000000e+00 6.9188378856e-04
1.4769522719e+00 4.6681642512e+00 2.5011994859e+00 1.0995302021e+01 5.8884507000e+00 0.0000000000e+00 6.8991830074e-04
1.4776420342e+00 4.6733639831e+00 2.5016838200e+00 1.0997783983e+01 5.8832267415e+00 0.0000000000e+00 6.8915067591e-04
1.4783305733e+00 4.6841168173e+00 2.5021820079e+00 1.1000166493e+01 5.8709928265e+00 0.0000000000e+00 6.8756866520e-04
1.4790171715e+00 4.6962959092e+00 2.5026923256e+00 1.1002451100e+01 5.8569835210e+00 0.0000000000e+00 6.8578556590e-04
1.4797021444e+00 4.7026630940e+00 2.5032150583e+00 1.1004642582e+01 5.8502184624e+00 0.0000000000e+00 6.8485704448e-04
1.4803868856e+00 4.7034865500e+00 2.5037516090e+00 1.1006746650e+01 5.8503125996e+00 0.0000000000e+00 6.8473714414e-04
1.4810716187e+00 4.7078746470e+00 2.5043011063e+00 1.1008760000e+01 5.8459288032e+00 0.0000000000e+00 6.8409891708e-04
1.4817550834e+00 4.7132918812e+00 2.5048612441e+00 1.1010676976e+01 5.8402265620e+00 0.0000000000e+00 6.8331264621e-04
1.4824382440e+00 4.7160950899e+00 2.5054307115e+00 1.1012489610e+01 5.8377160552e+00 0.0000000000e+00 6.8290649072e-04
1.4831208964e+00 4.7189983178e+00 2.5060090771e+00 1.1014192382e+01 5.8350266517e+00 0.0000000000e+00 6.8248635215e-04
1.4838032167e+00 4.7176273945e+00 2.5065969787e+00 1.1015788552e+01 5.8375681413e+00 0.0000000000e+00 6.8268467990e-04
1.4844862658e+00 4.7103863480e+00 2.5071964503e+00 1.1017282500e+01 5.8473348498e+00 0.0000000000e+00 6.8373413766e-04
1.4851706849e+00 4.7076044628e+00 2.5078084038e+00 1.1018674989e+01 5.8515297303e+00 0.0000000000e+00 6.8413817965e-04
1.4858545421e+00 4.7072251055e+00 2.5084330465e+00 1.1019973008e+01 5.8526906835e+00 0.0000000000e+00 6.8419331465e-04
1.4865390716e+00 4.7033002729e+00 2.5090705551e+00 1.1021175052e+01 5.8582136014e+00 0.0000000000e+00 6.8476426357e-04
1.4872240707e+00 4.6972283150e+00 2.5097196512e+00 1.1022264422e+01 5.8663661220e+00 0.0000000000e+00 6.8564943659e-04
1.4879103704e+00 4.6895111623e+00 2.5103782443e+00 1.1023221583e+01 5.8765301976e+00 0.0000000000e+00 6.8677775493e-04
1.4885976262e+00 4.6806054935e+00 2.5110449246e+00 1.1024031805e+01 5.8881440768e+00 0.0000000000e+00 6.8808446946e-04
1.4892865394e+00 4.6714890987e+00 2.5117192627e+00 1.1024689975e+01 5.8999869967e+00 0.0000000000e+00 6.8942726391e-04
1.4899764807e+00 4.6598395445e+00 2.5124012320e+00 1.1025198444e+01 5.9150097007e+00 0.0000000000e+00 6.9115082547e-04
1.4906688410e+00 4.6431928778e+00 2.5130914596e+00 1.1025562330e+01 5.9364119798e+00 0.0000000000e+00 6.9362872327e-04
1.4913637382e+00 4.6289561849e+00 2.5137899635e+00 1.1025786749e+01 5.9547910527e+00 0.0000000000e+00 6.9576202908e-04
1.4920603651e+00 4.6170111596e+00 2.5144970682e+00 1.1025890888e+01 5.9702535403e+00 0.0000000000e+00 6.9756208863e-04
1.4927588623e+00 4.6028343137e+00 2.5152096296e+00 1.1025891339e+01 5.9886423169e+00 0.0000000000e+00 6.9971059747e-04
1.4934597863e+00 4.5863527651e+00 2.5159364740e+00 1.1025745365e+01 6.0100835725e+00 0.0000000000e+00 7.0222508225e-04
1.4941633125e+00 4.5682610288e+00 2.5166718321e+00 1.1025473196e+01 6.0337364299e+00 0.0000000000e+00 7.0500611226e-04
1.4948697985e+00 4.5488457334e+00 2.5174060948e+00 1.1025141692e+01 6.0593073154e+00 0.0000000000e+00 7.0801520572e-04
1.4955793429e+00 4.5295284253e+00 2.5181542951e+00 1.1024635252e+01 6.0848692277e+00 0.0000000000e+00 7.1103471385e-04
1.4962918679e+00 4.5076982587e+00 2.5189073173e+00 1.1024031564e+01 6.1140026082e+00 0.0000000000e+00 7.1447815779e-04
1.4970082992e+00 4.4810695799e+00 2.5196640043e+00 1.1023338250e+01 6.1499481619e+00 0.0000000000e+00 7.1872393193e-04
1.4977293158e+00 4.4564252649e+00 2.5204330107e+00 1.1022469711e+01 6.1834705262e+00 0.0000000000e+00 7.2269852096e-04
1.4984536963e+00 4.4349742743e+00 2.5211997975e+00 1.1021532482e+01 6.2128502899e+00 0.0000000000e+00 7.2619405403e-04
1.4991817039e+00 4.4106205427e+00 2.5219754770e+00 1.1020440291e+01 6.2465361645e+00 0.0000000000e+00 7.3020381520e-04
1.4999141039e+00 4.3847341517e+00 2.5227578166e+00 1.1019202487e+01 6.2827084298e+00 0.0000000000e+00 7.3451475878e-04
1.5006507334e+00 4.3580943301e+00 2.5235428095e+00 1.1017845178e+01 6.3203342696e+00 0.0000000000e+00 7.3900464371e-04
1.5013921132e+00 4.3265869642e+00 2.5243377994e+00 1.1016311948e+01 6.3654747028e+00 0.0000000000e+00 7.4438627361e-04
1.5021395060e+00 4.2942609470e+00 2.5251331537e+00 1.1014686175e+01 6.4124457683e+00 0.0000000000e+00 7.4998980906e-04
1.5028920928e+00 4.2662713412e+00 2.5259407033e+00 1.1012866097e+01 6.4534491692e+00 0.0000000000e+00 7.5491024600e-04
1.5036493265e+00 4.2371059996e+00 2.5267547113e+00 1.1010893172e+01 6.4967062265e+00 0.0000000000e+00 7.6010653215e-04
1.5044123059e+00 4.2052718559e+00 2.5275688995e+00 1.1008817981e+01 6.5446529729e+00 0.0000000000e+00 7.6586058122e-04
1.5051810476e+00 4.1725990092e+00 2.5283944964e+00 1.1006557255e+01 6.5945452885e+00 0.0000000000e+00 7.7185752587e-04
1.5059560209e+00 4.1388919331e+00 2.5292253232e+00 1.1004171931e+01 6.6468103716e+00 0.0000000000e+00 7.7814352242e-04
1.5067373347e+00 4.1044624436e+00 2.5300573267e+00 1.1001703393e+01 6.7010622851e+00 0.0000000000e+00 7.8467082887e-04
1.5075253626e+00 4.0681447201e+00 2.5308947061e+00 1.0999125479e+01 6.7593007597e+00 0.0000000000e+00 7.9167585454e-04
1.5083206864e+00 4.0328630150e+00 2.5317314567e+00 1.0996487848e+01 6.8167997568e+00 0.0000000000e+00 7.9860187061e-04
1.5091225663e+00 3.9986018124e+00 2.5325706340e+00 1.0993769334e+01 6.8735084473e+00 0.0000000000e+00 8.0544452756e-04
1.5099315754e+00 3.9625854002e+00 2.5334097626e+00 1.0990992798e+01 6.9342308670e+00 0.0000000000e+00 8.1276530912e-04
1.5107480969e+00 3.9276320499e+00 2.5342515275e+00 1.0988125452e+01 6.9941158647e+00 0.0000000000e+00 8.1999838754e-04
1.5115715722e+00 3.8921773500e+00 2.5350941401e+00 1.0985163858e+01 7.0559245317e+00 0.0000000000e+00 8.2746793326e-04
1.5124030328e+00 3.8549438302e+00 2.5359356122e+00 1.0982115009e+01 7.1220979424e+00 0.0000000000e+00 8.3546014925e-04
1.5132424925e+00 3.8165670970e+00 2.5367809809e+00 1.0978952647e+01 7.1916413154e+00 0.0000000000e+00 8.4386095303e-04
1.5140907547e+00 3.7801296280e+00 2.5376296957e+00 1.0975680870e+01 7.2587992675e+00 0.0000000000e+00 8.5199510722e-04
1.5149464827e+00 3.7459012274e+00 2.5384819079e+00 1.0972291956e+01 7.3228652398e+00 0.0000000000e+00 8.5978026441e-04
1.5158103152e+00 3.7095822764e+00 2.5393383473e+00 1.0968776195e+01 7.3921909379e+00 0.0000000000e+00 8.6819800930e-04
1.5166828787e+00 3.6750542130e+00 2.5401997205e+00 1.0965116268e+01 7.4591527312e+00 0.0000000000e+00 8.7635494908e-04
1.5175630251e+00 3.6420886242e+00 2.5410648996e+00 1.0961305933e+01 7.5240521747e+00 0.0000000000e+00 8.8428708911e-04
1.5184514529e+00 3.6065775529e+00 2.5419356421e+00 1.0957329383e+01 7.5953790138e+00 0.0000000000e+00 8.9299395354e-04
1.5193490130e+00 3.5747891235e+00 2.5428131917e+00 1.0953176203e+01 7.6600156152e+00 0.0000000000e+00 9.0093480664e-04
1.5202533225e+00 3.5452660991e+00 2.5436961758e+00 1.0948862823e+01 7.7207623610e+00 0.0000000000e+00 9.0843729573e-04
1.5211658876e+00 3.5131336009e+00 2.5445883931e+00 1.0944382682e+01 7.7881913456e+00 0.0000000000e+00 9.1674621965e-04
1.5220868150e+00 3.4851712747e+00 2.5454899451e+00 1.0939752905e+01 7.8473567312e+00 0.0000000000e+00 9.2410148424e-04
1.5230140906e+00 3.4599217990e+00 2.5464004901e+00 1.0934996146e+01 7.9011873543e+00 0.0000000000e+00 9.3084530081e-04
1.5239485056e+00 3.4341625566e+00 2.5473208196e+00 1.0930134944e+01 7.9569143595e+00 0.0000000000e+00 9.3782746001e-04
1.5248897455e+00 3.4105199009e+00 2.5482508536e+00 1.0925205712e+01 8.0084606085e+00 0.0000000000e+00 9.4432873619e-04
1.5258371631e+00 3.3881829288e+00 2.5491918671e+00 1.0920247695e+01 8.0575989581e+00 0.0000000000e+00 9.5055432821e-04
1.5267908542e+00 3.3703782264e+00 2.5501428702e+00 1.0915288233e+01 8.0964861354e+00 0.0000000000e+00 9.5557582306e-04
1.5277483147e+00 3.3560208216e+00 2.5511082591e+00 1.0910384083e+01 8.1274704946e+00 0.0000000000e+00 9.5966387544e-04
1.5287101819e+00 3.3419193386e+00 2.5520997459e+00 1.0905630914e+01 8.1582092575e+00 0.0000000000e+00 9.6371325019e-04
1.5296757412e+00 3.3310065515e+00 2.5531352552e+00 1.0901153862e+01 8.1815764196e+00 0.0000000000e+00 9.6687049332e-04
1.5306439229e+00 3.3221606060e+00 2.5542495003e+00 1.0897141751e+01 8.2003423700e+00 0.0000000000e+00 9.6944498767e-04
1.5316146312e+00 3.3187148673e+00 2.5554654533e+00 1.0893676620e+01 8.2062462847e+00 0.0000000000e+00 9.7045153816e-04
1.5325848260e+00 3.3173445695e+00 2.5567231410e+00 1.0890512439e+01 8.2072514709e+00 0.0000000000e+00 9.7085240325e-04
1.5335563360e+00 3.3155824272e+00 2.5579589844e+00 1.0887121386e+01 8.2090564965e+00 0.0000000000e+00 9.7136838502e-04
1.5345275628e+00 3.3206918223e+00 2.5591228445e+00 1.0883098341e+01 8.1933968304e+00 0.0000000000e+00 9.6987378536e-04
1.5354960836e+00 3.3274273260e+00 2.5601720207e+00 1.0878146275e+01 8.1730908064e+00 0.0000000000e+00 9.6791053033e-04
1.5364633838e+00 3.3345354515e+00 2.5610731300e+00 1.0872020269e+01 8.1510756350e+00 0.0000000000e+00 9.6584726556e-04
1.5374277781e+00 3.3453321911e+00 2.5617991910e+00 1.0864519287e+01 8.1191632596e+00 0.0000000000e+00 9.6273008590e-04
1.5383888440e+00 3.3586754374e+00 2.5623351436e+00 1.0855517101e+01 8.0802069918e+00 0.0000000000e+00 9.5890538033e-04
1.5393455888e+00 3.3751402771e+00 2.5626823559e+00 1.0845003593e+01 8.0330021144e+00 0.0000000000e+00 9.5422758265e-04
1.5402972992e+00 3.3911951313e+00 2.5628551406e+00 1.0833119498e+01 7.9862106711e+00 0.0000000000e+00 9.4971000578e-04
1.5412450089e+00 3.4087874187e+00 2.5628884130e+00 1.0820019390e+01 7.9353873248e+00 0.0000000000e+00 9.4480868182e-04
1.5421869165e+00 3.4297293680e+00 2.5627699252e+00 1.0805668829e+01 7.8764733816e+00 0.0000000000e+00 9.3903967403e-04
1.5431230882e+00 3.4530562935e+00 2.5624107344e+00 1.0789561143e+01 7.8116024082e+00 0.0000000000e+00 9.3269604489e-04
1.5440523086e+00 3.4757271643e+00 2.5617547794e+00 1.0771204975e+01 7.7474471286e+00 0.0000000000e+00 9.2661241677e-04
1.5449763130e+00 3.4981019716e+00 2.5607666941e+00 1.0750462791e+01 7.6830684745e+00 0.0000000000e+00 9.2068555287e-04
1.5458936797e+00 3.5242490041e+00 2.5594490538e+00 1.0727256883e+01 7.6096048195e+00 0.0000000000e+00 9.1385482239e-04
1.5468040227e+00 3.5485249644e+00 2.5578078683e+00 1.0701649213e+01 7.5395053720e+00 0.0000000000e+00 9.0760301254e-04
1.5477088857e+00 3.5723892825e+00 2.5559207049e+00 1.0674420676e+01 7.4700850272e+00 0.0000000000e+00 9.0154003191e-04
1.5486071027e+00 3.5992845892e+00 2.5542248023e+00 1.0648419651e+01 7.3962056810e+00 0.0000000000e+00 8.9480336102e-04
1.5494984925e+00 3.6286676002e+00 2.5529739291e+00 1.0625472847e+01 7.3205057733e+00 0.0000000000e+00 8.8755772161e-04
1.5503822182e+00 3.6573088331e+00 2.5521548515e+00 1.0605658539e+01 7.2496328743e+00 0.0000000000e+00 8.8060705144e-04
1.5512597066e+00 3.6854950644e+00 2.5516928693e+00 1.0588446267e+01 7.1825128526e+00 0.0000000000e+00 8.7387227264e-04
1.5521299627e+00 3.7175960805e+00 2.5514783244e+00 1.0573055802e+01 7.1101429343e+00 0.0000000000e+00 8.6632648570e-04
1.5529923595e+00 3.7478362767e+00 2.5514069888e+00 1.0558758904e+01 7.0432364997e+00 0.0000000000e+00 8.5933635035e-04
1.5538486354e+00 3.7773592015e+00 2.5514167762e+00 1.0545130397e+01 6.9791684050e+00 0.0000000000e+00 8.5261998553e-04
1.5546975995e+00 3.8090200692e+00 2.5515392802e+00 1.0532299853e+01 6.9127358622e+00 0.0000000000e+00 8.4553294264e-04
1.5555397013e+00 3.8421759661e+00 2.5518319058e+00 1.0520655371e+01 6.8455059478e+00 0.0000000000e+00 8.3823645147e-04
1.5563740724e+00 3.8728494936e+00 2.5523136554e+00 1.0510370608e+01 6.7846495363e+00 0.0000000000e+00 8.3159749767e-04
1.5572028963e+00 3.9023467309e+00 2.5529797157e+00 1.0501427956e+01 6.7276363941e+00 0.0000000000e+00 8.2531158040e-04
1.5580246956e+00 3.9352232262e+00 2.5538102350e+00 1.0493700757e+01 6.6665219188e+00 0.0000000000e+00 8.1841658341e-04
1.5588397295e+00 3.9651300423e+00 2.5547863454e+00 1.0487043704e+01 6.6120427275e+00 0.0000000000e+00 8.1224371291e-04
1.5596491830e+00 3.9942862188e+00 2.5558882676e+00 1.0481274069e+01 6.5601671329e+00 0.0000000000e+00 8.0631476347e-04
1.5604523590e+00 4.0250961571e+00 2.5570716404e+00 1.0476070890e+01 6.5067208839e+00 0.0000000000e+00 8.0014285921e-04
1.5612494687e+00 4.0548328069e+00 2.5582663715e+00 1.0471004796e+01 6.4558794988e+00 0.0000000000e+00 7.9427490629e-04
1.5620409088e+00 4.0852601062e+00 2.5594453179e+00 1.0465766279e+01 6.4045899202e+00 0.0000000000e+00 7.8835909195e-04
1.5628261869e+00 4.1135539469e+00 2.5605972806e+00 1.0460271271e+01 6.3571983047e+00 0.0000000000e+00 7.8293660162e-04
1.5636067820e+00 4.1376884052e+00 2.5617222206e+00 1.0454509003e+01 6.3166362344e+00 0.0000000000e+00 7.7836986074e-04
1.5643829266e+00 4.1651673176e+00 2.5628230210e+00 1.0448487181e+01 6.2713490145e+00 0.0000000000e+00 7.7323471116e-04
1.5651532514e+00 4.1913641633e+00 2.5639022969e+00 1.0442238197e+01 6.2284245594e+00 0.0000000000e+00 7.6840184298e-04
1.5659197303e+00 4.2135630208e+00 2.5649655579e+00 1.0435798214e+01 6.1917895627e+00 0.0000000000e+00 7.6435357245e-04
1.5666819586e+00 4.2366993836e+00 2.5660170268e+00 1.0429198346e+01 6.1540821061e+00 0.0000000000e+00 7.6017948317e-04
1.5674400893e+00 4.2586963485e+00 2.5670590611e+00 1.0422475929e+01 6.1183488305e+00 0.0000000000e+00 7.5625301364e-04
1.5681944646e+00 4.2798203743e+00 2.5680946844e+00 1.0415659300e+01 6.0841684865e+00 0.0000000000e+00 7.5252035508e-04
1.5689451300e+00 4.2997616966e+00 2.5691255454e+00 1.0408773919e+01 6.0519481387e+00 0.0000000000e+00 7.4903033586e-04
1.5696925253e+00 4.3187778100e+00 2.5701527713e+00 1.0401838356e+01 6.0212858901e+00 0.0000000000e+00 7.4573226256e-04
1.5704365945e+00 4.3367354584e+00 2.5711773407e+00 1.0394864445e+01 5.9923325649e+00 0.0000000000e+00 7.4264431821e-04
1.5711778139e+00 4.3535283675e+00 2.5722002197e+00 1.0387861559e+01 5.9651968943e+00 0.0000000000e+00 7.3977970875e-04
1.5719161539e+00 4.3676841729e+00 2.5732217267e+00 1.0380843001e+01 5.9418461764e+00 0.0000000000e+00 7.3738205883e-04
1.5726525780e+00 4.3856959363e+00 2.5742425382e+00 1.0373805696e+01 5.9134318968e+00 0.0000000000e+00 7.3435367944e-04
1.5733848613e+00 4.4014383431e+00 2.5752611720e+00 1.0366754217e+01 5.8882764046e+00 0.0000000000e+00 7.3172715296e-04
1.5741160324e+00 4.4085769136e+00 2.5762789880e+00 1.0359697640e+01 5.8747402182e+00 0.0000000000e+00 7.3054230671e-04
1.5748459459e+00 4.4231898207e+00 2.5772964272e+00 1.0352616107e+01 5.8513293158e+00 0.0000000000e+00 7.2812881163e-04
1.5755722900e+00 4.4354096578e+00 2.5783103038e+00 1.0345511684e+01 5.8312041514e+00 0.0000000000e+00 7.2612277020e-04
1.5762981914e+00 4.4401170700e+00 2.5793223159e+00 1.0338385795e+01 5.8210096896e+00 0.0000000000e+00 7.2535293484e-04
1.5770229958e+00 4.4497278114e+00 2.5803328656e+00 1.0331225651e+01 5.8044143869e+00 0.0000000000e+00 7.2378628182e-04
1.5777457640e+00 4.4605525315e+00 2.5813400460e+00 1.0324030357e+01 5.7862956907e+00 0.0000000000e+00 7.2202982141e-04
1.5784670555e+00 4.4669746232e+00 2.5823446834e+00 1.0316799283e+01 5.7739298706e+00 0.0000000000e+00 7.2099177170e-04
1.5791877475e+00 4.4681711645e+00 2.5833481464e+00 1.0309534945e+01 5.7683191652e+00 0.0000000000e+00 7.2079869575e-04
1.5799086529e+00 4.4705882142e+00 2.5843514897e+00 1.0302233139e+01 5.7611172429e+00 0.0000000000e+00 7.2040899171e-04
1.5806285655e+00 4.4758443402e+00 2.5853541191e+00 1.0294889996e+01 5.7502502395e+00 0.0000000000e+00 7.1956299258e-04
1.5813477789e+00 4.4786255480e+00 2.5863560253e+00 1.0287506791e+01 5.7425580018e+00 0.0000000000e+00 7.1911614695e-04
1.5820667978e+00 4.4793545901e+00 2.5873582664e+00 1.0280079957e+01 5.7374783298e+00 0.0000000000e+00 7.1899910644e-04
1.5827857771e+00 4.4801917504e+00 2.5883610702e+00 1.0272603268e+01 5.7322341546e+00 0.0000000000e+00 7.1886475561e-04
1.5835045273e+00 4.4767973006e+00 2.5893641046e+00 1.0265077852e+01 5.7323780612e+00 0.0000000000e+00 7.1940982167e-04
1.5842245967e+00 4.4690241101e+00 2.5903687236e+00 1.0257495508e+01 5.7381070537e+00 0.0000000000e+00 7.2066112609e-04
1.5849458496e+00 4.4655938195e+00 2.5913752693e+00 1.0249843982e+01 5.7382312390e+00 0.0000000000e+00 7.2121470915e-04
1.5856670261e+00 4.4634726415e+00 2.5923815143e+00 1.0242128746e+01 5.7366369018e+00 0.0000000000e+00 7.2155745233e-04
1.5863889645e+00 4.4582663054e+00 2.5933877252e+00 1.0234343848e+01 5.7389706822e+00 0.0000000000e+00 7.2240008269e-04
1.5871118263e+00 4.4512052911e+00 2.5943940420e+00 1.0226485177e+01 5.7436607099e+00 0.0000000000e+00 7.2354603688e-04
1.5878360566e+00 4.4424705795e+00 2.5954002948e+00 1.0218552258e+01 5.7504895506e+00 0.0000000000e+00 7.2496866104e-04
1.5885617636e+00 4.4328832311e+00 2.5964063256e+00 1.0210544811e+01 5.7584106544e+00 0.0000000000e+00 7.2653660830e-04
1.5892891298e+00 4.4222239675e+00 2.5974116672e+00 1.0202465303e+01 5.7677230834e+00 0.0000000000e+00 7.2828784146e-04
1.5900183393e+00 4.4103390964e+00 2.5984160176e+00 1.0194316967e+01 5.7786469159e+00 0.0000000000e+00 7.3025041324e-04
1.5907496306e+00 4.3972808054e+00 2.5994190312e+00 1.0186104047e+01 5.7911380341e+00 0.0000000000e+00 7.3241898579e-04
1.5914831773e+00 4.3836138013e+00 2.6004203884e+00 1.0177829980e+01 5.8044745966e+00 0.0000000000e+00 7.3470248377e-04
1.5922190356e+00 4.3685953879e+00 2.6014198221e+00 1.0169497986e+01 5.8196611745e+00 0.0000000000e+00 7.3722825343e-04
1.5929576338e+00 4.3504303089e+00 2.6024176543e+00 1.0161112714e+01 5.8391423334e+00 0.0000000000e+00 7.4030652580e-04
1.5936996486e+00 4.3310210305e+00 2.6034145945e+00 1.0152676080e+01 5.8604403032e+00 0.0000000000e+00 7.4362417662e-04
1.5944448821e+00 4.3135282667e+00 2.6044105637e+00 1.0144186397e+01 5.8792859172e+00 0.0000000000e+00 7.4663981516e-04
1.5951929283e+00 4.2963469878e+00 2.6054050781e+00 1.0135643045e+01 5.8978261498e+00 0.0000000000e+00 7.4962566033e-04
1.5959441335e+00 4.2772345281e+00 2.6063984687e+00 1.0127044478e+01 5.9191543110e+00 0.0000000000e+00 7.5297529900e-04
1.5966988789e+00 4.2564439034e+00 2.6073912774e+00 1.0118386413e+01 5.9429811848e+00 0.0000000000e+00 7.5665321118e-04
1.5974574399e+00 4.2342311062e+00 2.6083837420e+00 1.0109663982e+01 5.9690081438e+00 0.0000000000e+00 7.6062261764e-04
1.5982201241e+00 4.2109004040e+00 2.6093759847e+00 1.0100871871e+01 5.9968598770e+00 0.0000000000e+00 7.6483688493e-04
1.5989871137e+00 4.1864899552e+00 2.6103680048e+00 1.0092006683e+01 6.0265322447e+00 0.0000000000e+00 7.6929647083e-04
1.5997587170e+00 4.1629249516e+00 2.6113597630e+00 1.0083062283e+01 6.0552750770e+00 0.0000000000e+00 7.7365121524e-04
1.6005344161e+00 4.1353332487e+00 2.6123510138e+00 1.0074042020e+01 6.0902238188e+00 0.0000000000e+00 7.7881315823e-04
1.6013163434e+00 4.1034243833e+00 2.6133436841e+00 1.0064943013e+01 6.1320388002e+00 0.0000000000e+00 7.8486933032e-04
1.6021041547e+00 4.0773079829e+00 2.6143375731e+00 1.0055761543e+01 6.1656867628e+00 0.0000000000e+00 7.8989665761e-04
1.6028961367e+00 4.0517408973e+00 2.6153307014e+00 1.0046511700e+01 6.1988858340e+00 0.0000000000e+00 7.9488102259e-04
1.6036939168e+00 4.0224450176e+00 2.6163250849e+00 1.0037191161e+01 6.2382401233e+00 0.0000000000e+00 8.0067022263e-04
1.6044974771e+00 3.9925159955e+00 2.6173204777e+00 1.0027809313e+01 6.2791290784e+00 0.0000000000e+00 8.0667227165e-04
1.6053072613e+00 3.9623325232e+00 2.6183177815e+00 1.0018366841e+01 6.3210033374e+00 0.0000000000e+00 8.1281718001e-04
1.6061231115e+00 3.9290516040e+00 2.6193174466e+00 1.0008872600e+01 6.3685041637e+00 0.0000000000e+00 8.1970212467e-04
1.6069466656e+00 3.8927287509e+00 2.6203214748e+00 9.9993273728e+00 6.4217981862e+00 0.0000000000e+00 8.2735072331e-04
1.6077778129e+00 3.8607595569e+00 2.6213301451e+00 9.9897324599e+00 6.4687610771e+00 0.0000000000e+00 8.3420163837e-04
1.6086150689e+00 3.8280401034e+00 2.6223425003e+00 9.9801023930e+00 6.5177624342e+00 0.0000000000e+00 8.4133182013e-04
1.6094604766e+00 3.7955460449e+00 2.6233615106e+00 9.9704219538e+00 6.5671854825e+00 0.0000000000e+00 8.4853454802e-04
1.6103121380e+00 3.7647816155e+00 2.6243857928e+00 9.9607003432e+00 6.6143945123e+00 0.0000000000e+00 8.5546846447e-04
1.6111714135e+00 3.7262115725e+00 2.6254174436e+00 9.9509346081e+00 6.6763081045e+00 0.0000000000e+00 8.6432342477e-04
1.6120407848e+00 3.6884233499e+00 2.6264588417e+00 9.9411080980e+00 6.7380470969e+00 0.0000000000e+00 8.7317849449e-04
1.6129177705e+00 3.6565729472e+00 2.6275074991e+00 9.9312214476e+00 6.7899790261e+00 0.0000000000e+00 8.8078427375e-04
1.6138023534e+00 3.6206126754e+00 2.6285629467e+00 9.9212712680e+00 6.8505472398e+00 0.0000000000e+00 8.8953230750e-04
1.6146968351e+00 3.5827756308e+00 2.6296268433e+00 9.9112388528e+00 6.9158941796e+00 0.0000000000e+00 8.9892649711e-04
1.6156002063e+00 3.5471163573e+00 2.6306972413e+00 9.9011259556e+00 6.9782923355e+00 0.0000000000e+00 9.0796343377e-04
1.6165127620e+00 3.5138656299e+00 2.6317734252e+00 9.8909272693e+00 7.0370699332e+00 0.0000000000e+00 9.1655523773e-04
1.6174333168e+00 3.4801416599e+00 2.6328537554e+00 9.8806547883e+00 7.0978826108e+00 0.0000000000e+00 9.2543702599e-04
1.6183636360e+00 3.4444020302e+00 2.6339394102e+00 9.8703142143e+00 7.1640259527e+00 0.0000000000e+00 9.3503949872e-04
1.6193033958e+00 3.4099239402e+00 2.6350299663e+00 9.8599241277e+00 7.2288446170e+00 0.0000000000e+00 9.4449377882e-04
1.6202526236e+00 3.3744585191e+00 2.6361254937e+00 9.8495170133e+00 7.2971092676e+00 0.0000000000e+00 9.5442036980e-04
1.6212122366e+00 3.3422514457e+00 2.6372272669e+00 9.8390984447e+00 7.3596336216e+00 0.0000000000e+00 9.6361748959e-04
1.6221798585e+00 3.3108143175e+00 2.6383349781e+00 9.8286991076e+00 7.4216628939e+00 0.0000000000e+00 9.7276731307e-04
1.6231577712e+00 3.2808279124e+00 2.6394508965e+00 9.8183377439e+00 7.4816006860e+00 0.0000000000e+00 9.8165829899e-04
1.6241431751e+00 3.2529054443e+00 2.6405770714e+00 9.8080387098e+00 7.5379064022e+00 0.0000000000e+00 9.9008471130e-04
1.6251379406e+00 3.2231459854e+00 2.6417195481e+00 9.7978368051e+00 7.5995912451e+00 0.0000000000e+00 9.9922621013e-04
1.6261416276e+00 3.1976488635e+00 2.6428830261e+00 9.7877548258e+00 7.6523058376e+00 0.0000000000e+00 1.0071937493e-03
1.6271523281e+00 3.1730282360e+00 2.6440726686e+00 9.7778301774e+00 7.7038631949e+00 0.0000000000e+00 1.0150089152e-03
1.6281716454e+00 3.1474348298e+00 2.6452967194e+00 9.7680973838e+00 7.7587765211e+00 0.0000000000e+00 1.0232624730e-03
1.6291988531e+00 3.1276584133e+00 2.6465612204e+00 9.7585828714e+00 7.8002307014e+00 0.0000000000e+00 1.0297326377e-03
1.6302311107e+00 3.1120209765e+00 2.6478699317e+00 9.7493186167e+00 7.8319833722e+00 0.0000000000e+00 1.0349068891e-03
1.6312686668e+00 3.0949590242e+00 2.6492272229e+00 9.7403223825e+00 7.8678928432e+00 0.0000000000e+00 1.0406121446e-03
1.6323123350e+00 3.0793762188e+00 2.6506345056e+00 9.7315825524e+00 7.9006118942e+00 0.0000000000e+00 1.0458780347e-03
1.6333604229e+00 3.0687292314e+00 2.6520869558e+00 9.7230704611e+00 7.9210886070e+00 0.0000000000e+00 1.0495067192e-03
1.6344113484e+00 3.0600608952e+00 2.6535768103e+00 9.7147465882e+00 7.9367265234e+00 0.0000000000e+00 1.0524796917e-03
1.6354653823e+00 3.0530210682e+00 2.6550958299e+00 9.7065567415e+00 7.9483211256e+00 0.0000000000e+00 1.0549065584e-03
1.6365211615e+00 3.0510053726e+00 2.6566328431e+00 9.6984429442e+00 7.9469238495e+00 0.0000000000e+00 1.0556034993e-03
1.6375765893e+00 3.0506513691e+00 2.6581788368e+00 9.6903675359e+00 7.9412282521e+00 0.0000000000e+00 1.0557259936e-03
1.6386326135e+00 3.0508206098e+00 2.6597285881e+00 9.6823055496e+00 7.9341813139e+00 0.0000000000e+00 1.0556674284e-03
1.6396879241e+00 3.0551430082e+00 2.6612774437e+00 9.6742517501e+00 7.9163657186e+00 0.0000000000e+00 1.0541738763e-03
1.6407409613e+00 3.0616963107e+00 2.6628226857e+00 9.6662101578e+00 7.8928551176e+00 0.0000000000e+00 1.0519175061e-03
1.6417917592e+00 3.0707962343e+00 2.6643627330e+00 9.6581851879e+00 7.8629323236e+00 0.0000000000e+00 1.0488002792e-03
1.6428385618e+00 3.0824266060e+00 2.6658960506e+00 9.6501864115e+00 7.8267771182e+00 0.0000000000e+00 1.0448430277e-03
1.6438814452e+00 3.0961359017e+00 2.6674222967e+00 9.6422263883e+00 7.7856937602e+00 0.0000000000e+00 1.0402165958e-03
1.6449189950e+00 3.1125596748e+00 2.6689427400e+00 9.6343240481e+00 7.7382645272e+00 0.0000000000e+00 1.0347277753e-03
1.6459509008e+00 3.1317472626e+00 2.6704569246e+00 9.6264867136e+00 7.6845973719e+00 0.0000000000e+00 1.0283882056e-03
1.6469757714e+00 3.1507238264e+00 2.6719677536e+00 9.6187418080e+00 7.6321683032e+00 0.0000000000e+00 1.0221943037e-03
1.6479952894e+00 3.1704973401e+00 2.6734765593e+00 9.6111009523e+00 7.5785436174e+00 0.0000000000e+00 1.0158191609e-03
1.6490074097e+00 3.1948893012e+00 2.6749836812e+00 9.6035750898e+00 7.5147948680e+00 0.0000000000e+00 1.0080637055e-03
1.6500114168e+00 3.2188844877e+00 2.6764867273e+00 9.5961635488e+00 7.4530195053e+00 0.0000000000e+00 1.0005490909e-03
1.6510085079e+00 3.2431325077e+00 2.6779873343e+00 9.5888792403e+00 7.3916801251e+00 0.0000000000e+00 9.9306825732e-04
1.6519975533e+00 3.2710505970e+00 2.6794827954e+00 9.5817116079e+00 7.3231147942e+00 0.0000000000e+00 9.8459251919e-04
1.6529776930e+00 3.2981756916e+00 2.6809717625e+00 9.5746632209e+00 7.2575448643e+00 0.0000000000e+00 9.7649496233e-04
1.6539505432e+00 3.3269512305e+00 2.6824562077e+00 9.5677464070e+00 7.1895751876e+00 0.0000000000e+00 9.6804904087e-04
1.6549137910e+00 3.3569603040e+00 2.6839327093e+00 9.5609429332e+00 7.1202383014e+00 0.0000000000e+00 9.5939530291e-04
1.6558693338e+00 3.3846962277e+00 2.6854041650e+00 9.5542709367e+00 7.0569633831e+00 0.0000000000e+00 9.5153352947e-04
1.6568168581e+00 3.4163772890e+00 2.6868711174e+00 9.5477260684e+00 6.9867327733e+00 0.0000000000e+00 9.4270968200e-04
1.6577547532e+00 3.4485424231e+00 2.6883303847e+00 9.5412900436e+00 6.9169005865e+00 0.0000000000e+00 9.3391687055e-04
1.6586846918e+00 3.4760435683e+00 2.6897845590e+00 9.5349690389e+00 6.8576305587e+00 0.0000000000e+00 9.2652807264e-04
1.6596078093e+00 3.5051273698e+00 2.6912361007e+00 9.5287611650e+00 6.7963016460e+00 0.0000000000e+00 9.1884020407e-04
1.6605223722e+00 3.5364455787e+00 2.6926827240e+00 9.5226478466e+00 6.7317930071e+00 0.0000000000e+00 9.1070309893e-04
1.6614292155e+00 3.5669580573e+00 2.6941262892e+00 9.5166364671e+00 6.6699946524e+00 0.0000000000e+00 9.0291276095e-04
1.6623281978e+00 3.5991780978e+00 2.6955668582e+00 9.5107176368e+00 6.6061732556e+00 0.0000000000e+00 8.9482983620e-04
1.6632188752e+00 3.6285966849e+00 2.6970037859e+00 9.5048838465e+00 6.5485948646e+00 0.0000000000e+00 8.8757506756e-04
1.6641033479e+00 3.6561173948e+00 2.6984386223e+00 9.4991362511e+00 6.4953714729e+00 0.0000000000e+00 8.8089401952e-04
1.6649806632e+00 3.6873421651e+00 2.6998704516e+00 9.4934689831e+00 6.4365256587e+00 0.0000000000e+00 8.7343452371e-04
1.6658502170e+00 3.7150604085e+00 2.7012970684e+00 9.4878789475e+00 6.3847406934e+00 0.0000000000e+00 8.6691778695e-04
1.6667144988e+00 3.7405577040e+00 2.7027216205e+00 9.4823877131e+00 6.3375494133e+00 0.0000000000e+00 8.6100849193e-04
1.6675722339e+00 3.7698461424e+00 2.7041399702e+00 9.4769762953e+00 6.2847235254e+00 0.0000000000e+00 8.5431920192e-04
1.6684231372e+00 3.7966664970e+00 2.7055508561e+00 9.4716554739e+00 6.2368234617e+00 0.0000000000e+00 8.4828413301e-04
1.6692688022e+00 3.8197734650e+00 2.7069552996e+00 9.4664369100e+00 6.1956795323e+00 0.0000000000e+00 8.4315260505e-04
1.6701094424e+00 3.8475044957e+00 2.7083519808e+00 9.4613180123e+00 6.1476978279e+00 0.0000000000e+00 8.3707555153e-04
1.6709429533e+00 3.8736367363e+00 2.7097380522e+00 9.4562971307e+00 6.1029839492e+00 0.0000000000e+00 8.3142849135e-04
1.6717722994e+00 3.8954241096e+00 2.7111159791e+00 9.4513915728e+00 6.0657012605e+00 0.0000000000e+00 8.2677825497e-04
1.6725965098e+00 3.9185556895e+00 2.7124845165e+00 9.4465896432e+00 6.0268313071e+00 0.0000000000e+00 8.2189771001e-04
1.6734160948e+00 3.9407429396e+00 2.7138446522e+00 9.4419047059e+00 5.9899268047e+00 0.0000000000e+00 8.1727024499e-04
1.6742310503e+00 3.9621459819e+00 2.7151956375e+00 9.4373295957e+00 5.9546831685e+00 0.0000000000e+00 8.1285544815e-04
1.6750418057e+00 3.9826584383e+00 2.7165376322e+00 9.4328639377e+00 5.9212107213e+00 0.0000000000e+00 8.0866888225e-04
1.6758483881e+00 4.0022234597e+00 2.7178713180e+00 9.4285101866e+00 5.8895450751e+00 0.0000000000e+00 8.0471567371e-04
1.6766512371e+00 4.0209930645e+00 2.7191963790e+00 9.4242634370e+00 5.8594128899e+00 0.0000000000e+00 8.0095933916e-04
1.6774503067e+00 4.0386776952e+00 2.7205115772e+00 9.4201123589e+00 5.8311860154e+00 0.0000000000e+00 7.9745208475e-04
1.6782461412e+00 4.0537290400e+00 2.7218183406e+00 9.4160647210e+00 5.8070387957e+00 0.0000000000e+00 7.9449117490e-04
1.6790392891e+00 4.0726590752e+00 2.7231166180e+00 9.4121176774e+00 5.7776243381e+00 0.0000000000e+00 7.9079831831e-04
1.6798277379e+00 4.0893573140e+00 2.7244016780e+00 9.4082440703e+00 5.7516642274e+00 0.0000000000e+00 7.8756921943e-04
1.6806144275e+00 4.0981839788e+00 2.7256781043e+00 9.4044709059e+00 5.7369745688e+00 0.0000000000e+00 7.8587295357e-04
1.6813994838e+00 4.1139184447e+00 2.7269454308e+00 9.4007867838e+00 5.7127935994e+00 0.0000000000e+00 7.8286723254e-04
1.6821801620e+00 4.1279374589e+00 2.7281988985e+00 9.3971730281e+00 5.6912036105e+00 0.0000000000e+00 7.8020851328e-04
1.6829599008e+00 4.1337837609e+00 2.7294421185e+00 9.3936508110e+00 5.6810245494e+00 0.0000000000e+00 7.7910508483e-04
1.6837383722e+00 4.1459227817e+00 2.7306746321e+00 9.3902088931e+00 5.6623153563e+00 0.0000000000e+00 7.7682391046e-04
1.6845135486e+00 4.1579815346e+00 2.7318931143e+00 9.3868379454e+00 5.6438670226e+00 0.0000000000e+00 7.7457100782e-04
1.6852875142e+00 4.1630369473e+00 2.7330997630e+00 9.3835509609e+00 5.6350394433e+00 0.0000000000e+00 7.7363040215e-04
1.6860608094e+00 4.1690938497e+00 2.7342950361e+00 9.3803420538e+00 5.6249285768e+00 0.0000000000e+00 7.7250646396e-04
1.6868325271e+00 4.1767549831e+00 2.7354775839e+00 9.3772075856e+00 5.6127350200e+00 0.0000000000e+00 7.7108950866e-04
1.6876029885e+00 4.1845372213e+00 2.7366471863e+00 9.3741503976e+00 5.6004701965e+00 0.0000000000e+00 7.6965546664e-04
1.6883718380e+00 4.1883524660e+00 2.7378035664e+00 9.3711700515e+00 5.5935896797e+00 0.0000000000e+00 7.6895437379e-04
1.6891408972e+00 4.1871595139e+00 2.7389480339e+00 9.3682734899e+00 5.5934539028e+00 0.0000000000e+00 7.6917345446e-04
1.6899101850e+00 4.1888385260e+00 2.7400801712e+00 9.3654592014e+00 5.5895322434e+00 0.0000000000e+00 7.6886514668e-04
1.6906786275e+00 4.1926229497e+00 2.7411977869e+00 9.3627260792e+00 5.5828571945e+00 0.0000000000e+00 7.6817113926e-04
1.6914465272e+00 4.1936431539e+00 2.7423003574e+00 9.3600811677e+00 5.5799222920e+00 0.0000000000e+00 7.6798426321e-04
1.6922145960e+00 4.1927600867e+00 2.7433873272e+00 9.3575253608e+00 5.5795735789e+00 0.0000000000e+00 7.6814601388e-04
1.6929828193e+00 4.1910865621e+00 2.7444582055e+00 9.3550635165e+00 5.5803330341e+00 0.0000000000e+00 7.6845273893e-04
1.6937515015e+00 4.1888577129e+00 2.7455113436e+00 9.3526932100e+00 5.5818876237e+00 0.0000000000e+00 7.6886162492e-04
1.6945205425e+00 4.1827948763e+00 2.7465465811e+00 9.3504222030e+00 5.5886210534e+00 0.0000000000e+00 7.6997606695e-04
1.6952914536e+00 4.1742261674e+00 2.7475632131e+00 9.3482511080e+00 5.5987928859e+00 0.0000000000e+00 7.7155664753e-04
1.6960636558e+00 4.1692874633e+00 2.7485603535e+00 9.3461861838e+00 5.6041867262e+00 0.0000000000e+00 7.7247059025e-04
1.6968363948e+00 4.1648840574e+00 2.7495347357e+00 9.3442272734e+00 5.6089360140e+00 0.0000000000e+00 7.7328730004e-04
1.6976102304e+00 4.1578659939e+00 2.7504850771e+00 9.3423884699e+00 5.6172977217e+00 0.0000000000e+00 7.7459253195e-04
1.6983855799e+00 4.1492553547e+00 2.7514090517e+00 9.3406808679e+00 5.6279260189e+00 0.0000000000e+00 7.7619998588e-04
1.6991626304e+00 4.1392477912e+00 2.7523037995e+00 9.3391202938e+00 5.6405902502e+00 0.0000000000e+00 7.7807662410e-04
1.6999417331e+00 4.1284837099e+00 2.7531666487e+00 9.3377265151e+00 5.6544528035e+00 0.0000000000e+00 7.8010528175e-04
1.7007228409e+00 4.1166348048e+00 2.7539941503e+00 9.3365103559e+00 5.6699894444e+00 0.0000000000e+00 7.8235065786e-04
1.7015064344e+00 4.1042601212e+00 2.7547848362e+00 9.3354858005e+00 5.6864608509e+00 0.0000000000e+00 7.8470950977e-04
1.7022922600e+00 4.0909433128e+00 2.7555373240e+00 9.3346517402e+00 5.7044616770e+00 0.0000000000e+00 7.8726389037e-04
1.7030809622e+00 4.0735198237e+00 2.7562520926e+00 9.3340041455e+00 5.7284636810e+00 0.0000000000e+00 7.9063121996e-04
1.7038735224e+00 4.0555853261e+00 2.7569302868e+00 9.3335378575e+00 5.7535084993e+00 0.0000000000e+00 7.9412752753e-04
1.7046692173e+00 4.0414258645e+00 2.7575706046e+00 9.3332452533e+00 5.7734853776e+00 0.0000000000e+00 7.9690981741e-04
1.7054673420e+00 4.0264909548e+00 2.7581727815e+00 9.3331221153e+00 5.7948237188e+00 0.0000000000e+00 7.9986568550e-04
1.7062689487e+00 4.0086816856e+00 2.7587421239e+00 9.3331472539e+00 5.8205839138e+00 0.0000000000e+00 8.0341922864e-04
1.7070741805e+00 3.9893035170e+00 2.7592741363e+00 9.3333362842e+00 5.8489760458e+00 0.0000000000e+00 8.0732186308e-04
1.7078835924e+00 3.9704483823e+00 2.7597662805e+00 9.3336972767e+00 5.8769793598e+00 0.0000000000e+00 8.1115572793e-04
1.7086964920e+00 3.9493422724e+00 2.7602162755e+00 9.3342465099e+00 5.9087348386e+00 0.0000000000e+00 8.1549071353e-04
1.7095145738e+00 3.9240973461e+00 2.7606222352e+00 9.3350018578e+00 5.9472287729e+00 0.0000000000e+00 8.2073701636e-04
1.7103379660e+00 3.9012983221e+00 2.7609807340e+00 9.3359778155e+00 5.9826095345e+00 0.0000000000e+00 8.2553336910e-04
1.7111656405e+00 3.8804667366e+00 2.7612883504e+00 9.3371888472e+00 6.0155063044e+00 0.0000000000e+00 8.2996509604e-04
1.7119978962e+00 3.8571567861e+00 2.7615435435e+00 9.3386410190e+00 6.0528010247e+00 0.0000000000e+00 8.3498082301e-04
1.7128356022e+00 3.8344676448e+00 2.7617466014e+00 9.3403265644e+00 6.0897153331e+00 0.0000000000e+00 8.3992153436e-04
1.7136777392e+00 3.8077895781e+00 2.7618978687e+00 9.3422368917e+00 6.1336352102e+00 0.0000000000e+00 8.4580617749e-04
1.7145272145e+00 3.7771011900e+00 2.7619972644e+00 9.3443630865e+00 6.1848773812e+00 0.0000000000e+00 8.5267822749e-04
1.7153830957e+00 3.7516708080e+00 2.7620447494e+00 9.3466723612e+00 6.2283398781e+00 0.0000000000e+00 8.5845803444e-04
1.7162441306e+00 3.7266692429e+00 2.7620485328e+00 9.3491002926e+00 6.2717534636e+00 0.0000000000e+00 8.6421727764e-04
1.7171115303e+00 3.6985770975e+00 2.7619902159e+00 9.3518174700e+00 6.3212265308e+00 0.0000000000e+00 8.7078134721e-04
1.7179856933e+00 3.6701920743e+00 2.7618390989e+00 9.3550146023e+00 6.3722922486e+00 0.0000000000e+00 8.7751591267e-04
1.7188665621e+00 3.6398334203e+00 2.7616340284e+00 9.3584040384e+00 6.4277694594e+00 0.0000000000e+00 8.8483498442e-04
1.7197553633e+00 3.6115499965e+00 2.7613851892e+00 9.3618976208e+00 6.4805261106e+00 0.0000000000e+00 8.9176446425e-04
1.7206500910e+00 3.5833397941e+00 2.7610333367e+00 9.3658912172e+00 6.5343309282e+00 0.0000000000e+00 8.9878496954e-04
1.7215529332e+00 3.5514933212e+00 2.7605619690e+00 9.3704855968e+00 6.5961588192e+00 0.0000000000e+00 9.0684443316e-04
1.7224637799e+00 3.5223210805e+00 2.7599841062e+00 9.3755810393e+00 6.6544054511e+00 0.0000000000e+00 9.1435501595e-04
1.7233816432e+00 3.4938416237e+00 2.7592605372e+00 9.3814327763e+00 6.7128348868e+00 0.0000000000e+00 9.2180822561e-04
1.7243073963e+00 3.4634110494e+00 2.7583577464e+00 9.3882531243e+00 6.7767390228e+00 0.0000000000e+00 9.2990751076e-04
1.7252414583e+00 3.4318111240e+00 2.7572748727e+00 9.3960312485e+00 6.8448050526e+00 0.0000000000e+00 9.3847004725e-04
1.7261843364e+00 3.4030338926e+00 2.7560008948e+00 9.4048304965e+00 6.9091513583e+00 0.0000000000e+00 9.4640607451e-04
1.7271342704e+00 3.3760467040e+00 2.7545322893e+00 9.4146667676e+00 6.9716650813e+00 0.0000000000e+00 9.5397138432e-04
1.7280922792e+00 3.3456809915e+00 2.7528601823e+00 9.4255775787e+00 7.0430934709e+00 0.0000000000e+00 9.6262971752e-04
1.7290595299e+00 3.3182896812e+00 2.7509675025e+00 9.4376673644e+00 7.1103401686e+00 0.0000000000e+00 9.7057588612e-04
1.7300334310e+00 3.2928440783e+00 2.7488358065e+00 9.4510532707e+00 7.1754485225e+00 0.0000000000e+00 9.7807605557e-04
1.7310156820e+00 3.2664676443e+00 2.7464401152e+00 9.4658857348e+00 7.2447416948e+00 0.0000000000e+00 9.8597393223e-04
1.7320053788e+00 3.2403481603e+00 2.7437694285e+00 9.4822217394e+00 7.3157429930e+00 0.0000000000e+00 9.9392157521e-04
1.7330035251e+00 3.2167777268e+00 2.7408157893e+00 9.5001062989e+00 7.3832473874e+00 0.0000000000e+00 1.0012043794e-03
1.7340077876e+00 3.1972416295e+00 2.7375750235e+00 9.5195759641e+00 7.4435850236e+00 0.0000000000e+00 1.0073220360e-03
1.7350181692e+00 3.1765477174e+00 2.7340356980e+00 9.5406920307e+00 7.5086956655e+00 0.0000000000e+00 1.0138843280e-03
1.7360355562e+00 3.1562706999e+00 2.7301799514e+00 9.5635549076e+00 7.5750433160e+00 0.0000000000e+00 1.0203978853e-03
1.7370589650e+00 3.1404506779e+00 2.7259972969e+00 9.5882487901e+00 7.6328605139e+00 0.0000000000e+00 1.0255381402e-03
1.7380866325e+00 3.1257225300e+00 2.7214576060e+00 9.6149716001e+00 7.6901992323e+00 0.0000000000e+00 1.0303703918e-03
1.7391197057e+00 3.1144174976e+00 2.7164933373e+00 9.6441802072e+00 7.7415601911e+00 0.0000000000e+00 1.0341105360e-03
1.7401548536e+00 3.1062081209e+00 2.7110480540e+00 9.6762704429e+00 7.7878478086e+00 0.0000000000e+00 1.0368435798e-03
1.7411933929e+00 3.0989967128e+00 2.7051012636e+00 9.7113894066e+00 7.8343011518e+00 0.0000000000e+00 1.0392563291e-03
1.7422333663e+00 3.0953985370e+00 2.6986825825e+00 9.7493910607e+00 7.8741000103e+00 0.0000000000e+00 1.0404643891e-03
1.7432743217e+00 3.0932655505e+00 2.6918249761e+00 9.7900904063e+00 7.9124231710e+00 0.0000000000e+00 1.0411818498e-03
1.7443157300e+00 3.0968349310e+00 2.6845423046e+00 9.8334813616e+00 7.9383318619e+00 0.0000000000e+00 1.0399817941e-03
1.7453542853e+00 3.1032704251e+00 2.6768976622e+00 9.8792336285e+00 7.9587276286e+00 0.0000000000e+00 1.0378251027e-03
1.7463913802e+00 3.1089795399e+00 2.6689331876e+00 9.9270060485e+00 7.9825276439e+00 0.0000000000e+00 1.0359193126e-03
1.7474261239e+00 3.1209085235e+00 2.6608100194e+00 9.9757756931e+00 7.9910830595e+00 0.0000000000e+00 1.0319597397e-03
1.7484552996e+00 3.1370093200e+00 2.6528786235e+00 1.0023662336e+01 7.9882312365e+00 0.0000000000e+00 1.0266631748e-03
1.7494794502e+00 3.1522577788e+00 2.6452017098e+00 1.0070055294e+01 7.9863830944e+00 0.0000000000e+00 1.0216968832e-03
1.7504986934e+00 3.1695288737e+00 2.6377787275e+00 1.0114920228e+01 7.9782521557e+00 0.0000000000e+00 1.0161295499e-03
1.7515117093e+00 3.1901839123e+00 2.6306356168e+00 1.0158206745e+01 7.9605181274e+00 0.0000000000e+00 1.0095505577e-03
1.7525177945e+00 3.2130936634e+00 2.6237902508e+00 1.0199747131e+01 7.9360798340e+00 0.0000000000e+00 1.0023523386e-03
1.7535164140e+00 3.2379746678e+00 2.6172614583e+00 1.0239494406e+01 7.9057863765e+00 0.0000000000e+00 9.9465013726e-04
1.7545070948e+00 3.2659117258e+00 2.6110531515e+00 1.0277407251e+01 7.8671808319e+00 0.0000000000e+00 9.8614176320e-04
1.7554886975e+00 3.2939060623e+00 2.6051662641e+00 1.0313502608e+01 7.8277145830e+00 0.0000000000e+00 9.7776071532e-04
1.7564626162e+00 3.3226622033e+00 2.5995845352e+00 1.0347772892e+01 7.7857545083e+00 0.0000000000e+00 9.6929863785e-04
1.7574272948e+00 3.3545851106e+00 2.5943099102e+00 1.0380360909e+01 7.7359498765e+00 0.0000000000e+00 9.6007459687e-04
1.7583827654e+00 3.3882147826e+00 2.5893254922e+00 1.0411290596e+01 7.6819883507e+00 0.0000000000e+00 9.5054539170e-04
1.7593283856e+00 3.4244511968e+00 2.5846202867e+00 1.0440657787e+01 7.6221394228e+00 0.0000000000e+00 9.4048703359e-04
1.7602637395e+00 3.4591280486e+00 2.5801819260e+00 1.0468549596e+01 7.5658875946e+00 0.0000000000e+00 9.3105889765e-04
1.7611905034e+00 3.4953499295e+00 2.5759912815e+00 1.0495030025e+01 7.5064229882e+00 0.0000000000e+00 9.2141044892e-04
1.7621065604e+00 3.5323428353e+00 2.5720451740e+00 1.0520244739e+01 7.4456566293e+00 0.0000000000e+00 9.1176086182e-04
1.7630140251e+00 3.5686602326e+00 2.5683188058e+00 1.0544193253e+01 7.3866609359e+00 0.0000000000e+00 9.0248209071e-04
1.7639115246e+00 3.6089672254e+00 2.5648072519e+00 1.0567016290e+01 7.3199724671e+00 0.0000000000e+00 8.9240265887e-04
1.7647988304e+00 3.6474267631e+00 2.5614978736e+00 1.0588774016e+01 7.2577015957e+00 0.0000000000e+00 8.8299290346e-04
1.7656775104e+00 3.6852385616e+00 2.5583766967e+00 1.0609543968e+01 7.1973250782e+00 0.0000000000e+00 8.7393309656e-04
1.7665466966e+00 3.7265780017e+00 2.5554336406e+00 1.0629401044e+01 7.1308054191e+00 0.0000000000e+00 8.6423843705e-04
1.7674059872e+00 3.7656901131e+00 2.5526598450e+00 1.0648402862e+01 7.0693568394e+00 0.0000000000e+00 8.5526207707e-04
1.7682572208e+00 3.8037972372e+00 2.5500409784e+00 1.0666578345e+01 7.0104803701e+00 0.0000000000e+00 8.4669390794e-04
1.7690993751e+00 3.8449593240e+00 2.5475727304e+00 1.0684002470e+01 6.9467591002e+00 0.0000000000e+00 8.3762965388e-04
1.7699324801e+00 3.8834682943e+00 2.5452506062e+00 1.0700731302e+01 6.8886434049e+00 0.0000000000e+00 8.2932361065e-04
1.7707580223e+00 3.9202703830e+00 2.5430599357e+00 1.0716762322e+01 6.8341984573e+00 0.0000000000e+00 8.2153821881e-04
1.7715755565e+00 3.9610941348e+00 2.5409971024e+00 1.0732164327e+01 6.7734847758e+00 0.0000000000e+00 8.1307129751e-04
1.7723841649e+00 3.9983214813e+00 2.5390584317e+00 1.0746997095e+01 6.7196929670e+00 0.0000000000e+00 8.0550099906e-04
1.7731865585e+00 4.0337275385e+00 2.5372267793e+00 1.0761243422e+01 6.6695403438e+00 0.0000000000e+00 7.9843071129e-04
1.7739810263e+00 4.0727006134e+00 2.5355013445e+00 1.0774996737e+01 6.6141595958e+00 0.0000000000e+00 7.9079025282e-04
1.7747681390e+00 4.1077731524e+00 2.5338774853e+00 1.0788307000e+01 6.5657879586e+00 0.0000000000e+00 7.8403841405e-04
1.7755491031e+00 4.1410094286e+00 2.5323438587e+00 1.0801180482e+01 6.5208620435e+00 0.0000000000e+00 7.7774562055e-04
1.7763236303e+00 4.1772792736e+00 2.5308965430e+00 1.0813654229e+01 6.4717089287e+00 0.0000000000e+00 7.7099272918e-04
1.7770910886e+00 4.2116857478e+00 2.5295329646e+00 1.0825752943e+01 6.4260213076e+00 0.0000000000e+00 7.6469426747e-04
1.7778530188e+00 4.2422510363e+00 2.5282474607e+00 1.0837473801e+01 6.3866292376e+00 0.0000000000e+00 7.5918466874e-04
1.7786094579e+00 4.2753157647e+00 2.5270399772e+00 1.0848844257e+01 6.3438847876e+00 0.0000000000e+00 7.5331323462e-04
1.7793596453e+00 4.3074584628e+00 2.5259096169e+00 1.0859867102e+01 6.3029436010e+00 0.0000000000e+00 7.4769193378e-04
1.7801048418e+00 4.3361431981e+00 2.5248527443e+00 1.0870531408e+01 6.2673964578e+00 0.0000000000e+00 7.4274575367e-04
1.7808451368e+00 4.3652513538e+00 2.5238686328e+00 1.0880855100e+01 6.2315169383e+00 0.0000000000e+00 7.3779301275e-04
1.7815804278e+00 4.3932503473e+00 2.5229531172e+00 1.0890830875e+01 6.1974790953e+00 0.0000000000e+00 7.3309092200e-04
1.7823113186e+00 4.4203284850e+00 2.5221022632e+00 1.0900467843e+01 6.1649648212e+00 0.0000000000e+00 7.2860013880e-04
1.7830376281e+00 4.4458695917e+00 2.5213159673e+00 1.0909816442e+01 6.1348045735e+00 0.0000000000e+00 7.2441439887e-04
1.7837601474e+00 4.4703227513e+00 2.5205868810e+00 1.0918876071e+01 6.1063130554e+00 0.0000000000e+00 7.2045177202e-04
1.7844785316e+00 4.4942238019e+00 2.5199124617e+00 1.0927687977e+01 6.0787404336e+00 0.0000000000e+00 7.1662028633e-04
1.7851933880e+00 4.5167489900e+00 2.5192864708e+00 1.0936260741e+01 6.0531705246e+00 0.0000000000e+00 7.1304647544e-04
1.7859046246e+00 4.5378400307e+00 2.5187051710e+00 1.0944617755e+01 6.0296405785e+00 0.0000000000e+00 7.0973236736e-04
1.7866128527e+00 4.5577901833e+00 2.5181649699e+00 1.0952773178e+01 6.0077212517e+00 0.0000000000e+00 7.0662575902e-04
1.7873178761e+00 4.5751960226e+00 2.5176634750e+00 1.0960738981e+01 5.9892182362e+00 0.0000000000e+00 7.0393747761e-04
1.7880207277e+00 4.5967124626e+00 2.5172006069e+00 1.0968534644e+01 5.9654235138e+00 0.0000000000e+00 7.0064246435e-04
1.7887191610e+00 4.6156253751e+00 2.5167739053e+00 1.0976145504e+01 5.9451020239e+00 0.0000000000e+00 6.9777152303e-04
1.7894162707e+00 4.6256894073e+00 2.5163838793e+00 1.0983579152e+01 5.9361849583e+00 0.0000000000e+00 6.9625339364e-04
1.7901116678e+00 4.6426565939e+00 2.5160286147e+00 1.0990817321e+01 5.9183880494e+00 0.0000000000e+00 6.9370884592e-04
1.7908036884e+00 4.6592271934e+00 2.5157082651e+00 1.0997849608e+01 5.9011125406e+00 0.0000000000e+00 6.9124166176e-04
1.7914941511e+00 4.6677932122e+00 2.5154240437e+00 1.1004684042e+01 5.8939436375e+00 0.0000000000e+00 6.8997314176e-04
1.7921836347e+00 4.6774487858e+00 2.5151762283e+00 1.1011325951e+01 5.8853268393e+00 0.0000000000e+00 6.8854884259e-04
1.7928712488e+00 4.6891805146e+00 2.5149629016e+00 1.1017758491e+01 5.8740319638e+00 0.0000000000e+00 6.8682618161e-04
1.7935572871e+00 4.7013629343e+00 2.5147841879e+00 1.1023977382e+01 5.8621178243e+00 0.0000000000e+00 6.8504644137e-04
1.7942413417e+00 4.7071624227e+00 2.5146416291e+00 1.1029981819e+01 5.8580843556e+00 0.0000000000e+00 6.8420242569e-04
1.7949256919e+00 4.7071879833e+00 2.5145332630e+00 1.1035741168e+01 5.8611113507e+00 0.0000000000e+00 6.8419871038e-04
1.7956097391e+00 4.7141756449e+00 2.5144605368e+00 1.1041274499e+01 5.8553580366e+00 0.0000000000e+00 6.8318454600e-04
1.7962920610e+00 4.7213407036e+00 2.5144207298e+00 1.1046610239e+01 5.8492973357e+00 0.0000000000e+00 6.8214775207e-04
1.7969740346e+00 4.7235650284e+00 2.5144047205e+00 1.1051771261e+01 5.8492744328e+00 0.0000000000e+00 6.8182652898e-04
1.7976557141e+00 4.7251231455e+00 2.5144067553e+00 1.1056820754e+01 5.8500172448e+00 0.0000000000e+00 6.8160169557e-04
1.7983372380e+00 4.7263549458e+00 2.5144294779e+00 1.1061726860e+01 5.8510876707e+00 0.0000000000e+00 6.8142405398e-04
1.7990185622e+00 4.7243729783e+00 2.5144771216e+00 1.1066449865e+01 5.8560415933e+00 0.0000000000e+00 6.8170992479e-04
1.7997006579e+00 4.7172544146e+00 2.5145487731e+00 1.1070981650e+01 5.8672803481e+00 0.0000000000e+00 6.8273865784e-04
1.8003840395e+00 4.7128461610e+00 2.5146423641e+00 1.1075332757e+01 5.8750765350e+00 0.0000000000e+00 6.8337727091e-04
1.8010674124e+00 4.7110648049e+00 2.5147554825e+00 1.1079513380e+01 5.8795165419e+00 0.0000000000e+00 6.8363567072e-04
1.8017513108e+00 4.7066451538e+00 2.5148870216e+00 1.1083536420e+01 5.8871744406e+00 0.0000000000e+00 6.8427762079e-04
1.8024359677e+00 4.6999896786e+00 2.5150368124e+00 1.1087415996e+01 5.8975746511e+00 0.0000000000e+00 6.8524660009e-04
1.8031218040e+00 4.6913686823e+00 2.5152037809e+00 1.1091159293e+01 5.9104069858e+00 0.0000000000e+00 6.8650582929e-04
1.8038089793e+00 4.6816922734e+00 2.5153855450e+00 1.1094764841e+01 5.9245483219e+00 0.0000000000e+00 6.8792474166e-04
1.8044976535e+00 4.6708283128e+00 2.5155801872e+00 1.1098233344e+01 5.9401848028e+00 0.0000000000e+00 6.8952479775e-04
1.8051880289e+00 4.6589270363e+00 2.5157873970e+00 1.1101573900e+01 5.9571516220e+00 0.0000000000e+00 6.9128619586e-04
1.8058802259e+00 4.6458372580e+00 2.5160075862e+00 1.1104797312e+01 5.9756706353e+00 0.0000000000e+00 6.9323391433e-04
1.8065744967e+00 4.6322410559e+00 2.5162404489e+00 1.1107905533e+01 5.9948874630e+00 0.0000000000e+00 6.9526864186e-04
1.8072707632e+00 4.6162957872e+00 2.5164851044e+00 1.1110891957e+01 6.0172118884e+00 0.0000000000e+00 6.9767018756e-04
1.8079698371e+00 4.5958336175e+00 2.5167416259e+00 1.1113749694e+01 6.0455570298e+00 0.0000000000e+00 7.0077644575e-04
1.8086723161e+00 4.5770180214e+00 2.5170108222e+00 1.1116473926e+01 6.0718976167e+00 0.0000000000e+00 7.0365725733e-04
1.8093771516e+00 4.5609258982e+00 2.5172932479e+00 1.1119061792e+01 6.0947393361e+00 0.0000000000e+00 7.0613994167e-04
1.8100845960e+00 4.5430222541e+00 2.5175891315e+00 1.1121509618e+01 6.1201051834e+00 0.0000000000e+00 7.0892277598e-04
1.8107949972e+00 4.5224945393e+00 2.5178986979e+00 1.1123814098e+01 6.1491583909e+00 0.0000000000e+00 7.1214059403e-04
1.8115088772e+00 4.5001665059e+00 2.5182220922e+00 1.1125975013e+01 6.1808685291e+00 0.0000000000e+00 7.1567395195e-04
1.8122263451e+00 4.4767250547e+00 2.5185590727e+00 1.1127992727e+01 6.2143601577e+00 0.0000000000e+00 7.1942143160e-04
1.8129477200e+00 4.4544107794e+00 2.5189086142e+00 1.1129865044e+01 6.2465416836e+00 0.0000000000e+00 7.2302535784e-04
1.8136723958e+00 4.4274466444e+00 2.5192701564e+00 1.1131592399e+01 6.2855598796e+00 0.0000000000e+00 7.2742874311e-04
1.8144025775e+00 4.3956035825e+00 2.5196446427e+00 1.1133176338e+01 6.3319952135e+00 0.0000000000e+00 7.3269845364e-04
1.8151377927e+00 4.3705028542e+00 2.5200321605e+00 1.1134613782e+01 6.3691834521e+00 0.0000000000e+00 7.3690649684e-04
1.8158763905e+00 4.3457212314e+00 2.5204325830e+00 1.1135903759e+01 6.4062460324e+00 0.0000000000e+00 7.4110873114e-04
1.8166200102e+00 4.3167546634e+00 2.5208464101e+00 1.1137039188e+01 6.4498912126e+00 0.0000000000e+00 7.4608176718e-04
1.8173685540e+00 4.2871762145e+00 2.5212740394e+00 1.1138011315e+01 6.4949577282e+00 0.0000000000e+00 7.5122919763e-04
1.8181224686e+00 4.2566885713e+00 2.5217158319e+00 1.1138816435e+01 6.5419493629e+00 0.0000000000e+00 7.5660971991e-04
1.8188817735e+00 4.2242016238e+00 2.5221719264e+00 1.1139452207e+01 6.5926376146e+00 0.0000000000e+00 7.6242855682e-04
1.8196473257e+00 4.1890034212e+00 2.5226425037e+00 1.1139918871e+01 6.6483109172e+00 0.0000000000e+00 7.6883488121e-04
1.8204194432e+00 4.1568269711e+00 2.5231272835e+00 1.1140218356e+01 6.6999531335e+00 0.0000000000e+00 7.7478614581e-04
1.8211968980e+00 4.1258177661e+00 2.5236263479e+00 1.1140361977e+01 6.7503962902e+00 0.0000000000e+00 7.8060935561e-04
1.8219806620e+00 4.0881253720e+00 2.5241341748e+00 1.1140357015e+01 6.8126317084e+00 0.0000000000e+00 7.8780655060e-04
1.8227725111e+00 4.0532061447e+00 2.5246671808e+00 1.1140121054e+01 6.8711784300e+00 0.0000000000e+00 7.9459367047e-04
1.8235698493e+00 4.0210462445e+00 2.5252212881e+00 1.1139658206e+01 6.9258456188e+00 0.0000000000e+00 8.0094874614e-04
1.8243744086e+00 3.9825989139e+00 2.5257825705e+00 1.1139083227e+01 6.9923456189e+00 0.0000000000e+00 8.0868096872e-04
1.8251872112e+00 3.9473571600e+00 2.5263707656e+00 1.1138241152e+01 7.0542395207e+00 0.0000000000e+00 8.1590082102e-04
1.8260062102e+00 3.9131139658e+00 2.5269815642e+00 1.1137165323e+01 7.1152830076e+00 0.0000000000e+00 8.2304067193e-04
1.8268332926e+00 3.8755748254e+00 2.5275914292e+00 1.1136044204e+01 7.1834790355e+00 0.0000000000e+00 8.3101271238e-04
1.8276682356e+00 3.8392084882e+00 2.5282150431e+00 1.1134762220e+01 7.2506886863e+00 0.0000000000e+00 8.3888435797e-04
1.8285110613e+00 3.8039245661e+00 2.5288732209e+00 1.1133157639e+01 7.3168890742e+00 0.0000000000e+00 8.4666556651e-04
1.8293615668e+00 3.7688563256e+00 2.5295446802e+00 1.1131395768e+01 7.3838021446e+00 0.0000000000e+00 8.5454357225e-04
1.8302201484e+00 3.7348375616e+00 2.5302158535e+00 1.1129575775e+01 7.4498392440e+00 0.0000000000e+00 8.6232718146e-04
1.8310862211e+00 3.6990856950e+00 2.5309012369e+00 1.1127586217e+01 7.5204977218e+00 0.0000000000e+00 8.7066162108e-04
1.8319614717e+00 3.6647495598e+00 2.5316066338e+00 1.1125383839e+01 7.5894571083e+00 0.0000000000e+00 8.7881911033e-04
1.8328438594e+00 3.6334254554e+00 2.5323202541e+00 1.1123058185e+01 7.6532863555e+00 0.0000000000e+00 8.8639549297e-04
1.8337342627e+00 3.5993639634e+00 2.5330355108e+00 1.1120665523e+01 7.7240490513e+00 0.0000000000e+00 8.9478362857e-04
1.8346334266e+00 3.5675108464e+00 2.5337555090e+00 1.1118184087e+01 7.7912756020e+00 0.0000000000e+00 9.0277285378e-04
1.8355398084e+00 3.5407439707e+00 2.5344812591e+00 1.1115600744e+01 7.8483511068e+00 0.0000000000e+00 9.0959752368e-04
1.8364526217e+00 3.5138466349e+00 2.5352122244e+00 1.1112918665e+01 7.9065194214e+00 0.0000000000e+00 9.1656019240e-04
1.8373729288e+00 3.4875576146e+00 2.5359488390e+00 1.1110135627e+01 7.9641233597e+00 0.0000000000e+00 9.2346917345e-04
1.8382995600e+00 3.4622089963e+00 2.5366925589e+00 1.1107244440e+01 8.0203451411e+00 0.0000000000e+00 9.3023036771e-04
1.8392333895e+00 3.4408515837e+00 2.5374471104e+00 1.1104218756e+01 8.0679291779e+00 0.0000000000e+00 9.3600432025e-04
1.8401715686e+00 3.4225996411e+00 2.5382142426e+00 1.1101045914e+01 8.1086360355e+00 0.0000000000e+00 9.4099581764e-04
1.8411153811e+00 3.4046803762e+00 2.5389978433e+00 1.1097700521e+01 8.1488563494e+00 0.0000000000e+00 9.4594839803e-04
1.8420634654e+00 3.3899429928e+00 2.5397965373e+00 1.1094190546e+01 8.1816940352e+00 0.0000000000e+00 9.5006079883e-04
1.8430155027e+00 3.3765226527e+00 2.5406136015e+00 1.1090491581e+01 8.2114742902e+00 0.0000000000e+00 9.5383691418e-04
1.8439711393e+00 3.3684717990e+00 2.5414494771e+00 1.1086593485e+01 8.2282071418e+00 0.0000000000e+00 9.5611664278e-04
1.8449277360e+00 3.3624434029e+00 2.5423050782e+00 1.1082485319e+01 8.2399047295e+00 0.0000000000e+00 9.5783082771e-04
1.8458868009e+00 3.3557563674e+00 2.5431787027e+00 1.1078182743e+01 8.2531190660e+00 0.0000000000e+00 9.5973950286e-04
1.8468472150e+00 3.3563525621e+00 2.5440695463e+00 1.1073684336e+01 8.2483023845e+00 0.0000000000e+00 9.5956902267e-04
1.8478059390e+00 3.3589780722e+00 2.5449709148e+00 1.1069035795e+01 8.2383953969e+00 0.0000000000e+00 9.5881898555e-04
1.8487648530e+00 3.3608097263e+00 2.5458808261e+00 1.1064258376e+01 8.2303516687e+00 0.0000000000e+00 9.5829642557e-04
1.8497225318e+00 3.3703107924e+00 2.5467896138e+00 1.1059413821e+01 8.2035563652e+00 0.0000000000e+00 9.5559494247e-04
1.8506760429e+00 3.3810608113e+00 2.5476944855e+00 1.1054513009e+01 8.1738495891e+00 0.0000000000e+00 9.5255664640e-04
1.8516276451e+00 3.3918175014e+00 2.5485969426e+00 1.1049551336e+01 8.1442702415e+00 0.0000000000e+00 9.4953574195e-04
1.8525751144e+00 3.4084593943e+00 2.5495001438e+00 1.1044509199e+01 8.1008073747e+00 0.0000000000e+00 9.4489960863e-04
1.8535174443e+00 3.4236400551e+00 2.5504033539e+00 1.1039390515e+01 8.0611500753e+00 0.0000000000e+00 9.4070985732e-04
1.8544565341e+00 3.4430488530e+00 2.5513091866e+00 1.1034172257e+01 8.0119196157e+00 0.0000000000e+00 9.3540698528e-04
1.8553882583e+00 3.4681502730e+00 2.5522156321e+00 1.1028860164e+01 7.9501025733e+00 0.0000000000e+00 9.2863679315e-04
1.8563138077e+00 3.4907421203e+00 2.5531260979e+00 1.1023435527e+01 7.8947650289e+00 0.0000000000e+00 9.2262671853e-04
1.8572335117e+00 3.5145674428e+00 2.5540431575e+00 1.1017881185e+01 7.8372953176e+00 0.0000000000e+00 9.1637221368e-04
1.8581465521e+00 3.5432891641e+00 2.5549665464e+00 1.1012185904e+01 7.7697482440e+00 0.0000000000e+00 9.0894414726e-04
1.8590514000e+00 3.5710338073e+00 2.5558937417e+00 1.1006359562e+01 7.7053033914e+00 0.0000000000e+00 9.0188223397e-04
1.8599503166e+00 3.5988313192e+00 2.5568257737e+00 1.1000392309e+01 7.6416420587e+00 0.0000000000e+00 8.9491606081e-04
1.8608412322e+00 3.6312643352e+00 2.5577599474e+00 1.0994302121e+01 7.5691970522e+00 0.0000000000e+00 8.8692302473e-04
1.8617241626e+00 3.6619378596e+00 2.5586930124e+00 1.0988130358e+01 7.5015816619e+00 0.0000000000e+00 8.7949388308e-04
1.8626002199e+00 3.6929924482e+00 2.5596250377e+00 1.0981893445e+01 7.4342782979e+00 0.0000000000e+00 8.7209816778e-04
1.8634683589e+00 3.7265956341e+00 2.5605544385e+00 1.0975610435e+01 7.3630274872e+00 0.0000000000e+00 8.6423434790e-04
1.8643286886e+00 3.7614298133e+00 2.5614846871e+00 1.0969276921e+01 7.2906298040e+00 0.0000000000e+00 8.5623077062e-04
1.8651808205e+00 3.7946610823e+00 2.5624155218e+00 1.0962905435e+01 7.2225853625e+00 0.0000000000e+00 8.4873243695e-04
1.8660261535e+00 3.8270256961e+00 2.5633522783e+00 1.0956472859e+01 7.1573029086e+00 0.0000000000e+00 8.4155482703e-04
1.8668639301e+00 3.8629984231e+00 2.5642963618e+00 1.0949985791e+01 7.0864549968e+00 0.0000000000e+00 8.3371816268e-04
1.8676935898e+00 3.8957619351e+00 2.5652506622e+00 1.0943471032e+01 7.0226769591e+00 0.0000000000e+00 8.2670655994e-04
1.8685173433e+00 3.9279520536e+00 2.5662269212e+00 1.0936982061e+01 6.9609951394e+00 0.0000000000e+00 8.1993158362e-04
1.8693334530e+00 3.9632043752e+00 2.5672364708e+00 1.0930600922e+01 6.8950525179e+00 0.0000000000e+00 8.1263837109e-04
1.8701426200e+00 3.9948773799e+00 2.5682906745e+00 1.0924419311e+01 6.8365172894e+00 0.0000000000e+00 8.0619544519e-04
1.8709458439e+00 4.0268845369e+00 2.5694061105e+00 1.0918540395e+01 6.7785283480e+00 0.0000000000e+00 7.9978750774e-04
1.8717421950e+00 4.0620957254e+00 2.5705965587e+00 1.0913058650e+01 6.7163967739e+00 0.0000000000e+00 7.9285476401e-04
1.8725315534e+00 4.0924311501e+00 2.5718531341e+00 1.0907922610e+01 6.6634735013e+00 0.0000000000e+00 7.8697767405e-04
1.8733161504e+00 4.1219861802e+00 2.5731256566e+00 1.0902873364e+01 6.6126333808e+00 0.0000000000e+00 7.8133496983e-04
1.8740942233e+00 4.1533216734e+00 2.5743755042e+00 1.0897555984e+01 6.5595424822e+00 0.0000000000e+00 7.7544004557e-04
1.8748670305e+00 4.1850978522e+00 2.5755663267e+00 1.0891722934e+01 6.5062534493e+00 0.0000000000e+00 7.6955236448e-04
1.8756333281e+00 4.2138856764e+00 2.5766707073e+00 1.0885179061e+01 6.4579226259e+00 0.0000000000e+00 7.6429504619e-04
1.8763956205e+00 4.2382715199e+00 2.5776651617e+00 1.0877745823e+01 6.4163809305e+00 0.0000000000e+00 7.5989750365e-04
1.8771531231e+00 4.2672540538e+00 2.5785285640e+00 1.0869249763e+01 6.3678243819e+00 0.0000000000e+00 7.5473639655e-04
1.8779050933e+00 4.2935412661e+00 2.5792426106e+00 1.0859565462e+01 6.3231984913e+00 0.0000000000e+00 7.5011552192e-04
1.8786533541e+00 4.3167567130e+00 2.5797966396e+00 1.0848584967e+01 6.2828332057e+00 0.0000000000e+00 7.4608141293e-04
1.8793972562e+00 4.3400332543e+00 2.5801831028e+00 1.0836226218e+01 6.2420179657e+00 0.0000000000e+00 7.4208001622e-04
1.8801375142e+00 4.3604795216e+00 2.5804019590e+00 1.0822488851e+01 6.2048731096e+00 0.0000000000e+00 7.3860040662e-04
1.8808744570e+00 4.3801535795e+00 2.5804815540e+00 1.0807501988e+01 6.1684492286e+00 0.0000000000e+00 7.3528288204e-04
1.8816080799e+00 4.3993653858e+00 2.5804334478e+00 1.0791490478e+01 6.1324131618e+00 0.0000000000e+00 7.3207193885e-04
1.8823386009e+00 4.4163556294e+00 2.5802208652e+00 1.0774058088e+01 6.0989529558e+00 0.0000000000e+00 7.2925557133e-04
1.8830665911e+00 4.4317553887e+00 2.5797701743e+00 1.0754675523e+01 6.0668259975e+00 0.0000000000e+00 7.2672150542e-04
1.8837920439e+00 4.4456311586e+00 2.5790392283e+00 1.0732923460e+01 6.0356578612e+00 0.0000000000e+00 7.2445325148e-04
1.8845154976e+00 4.4560095064e+00 2.5779961169e+00 1.0708537227e+01 6.0079187508e+00 0.0000000000e+00 7.2276595081e-04
1.8852375758e+00 4.4667206888e+00 2.5766272026e+00 1.0681439600e+01 5.9783453812e+00 0.0000000000e+00 7.2103276029e-04
1.8859575631e+00 4.4742856359e+00 2.5750631846e+00 1.0652967728e+01 5.9523288155e+00 0.0000000000e+00 7.1981366632e-04
1.8866772031e+00 4.4824805682e+00 2.5738014889e+00 1.0626521492e+01 5.9266969092e+00 0.0000000000e+00 7.1849769312e-04
1.8873945585e+00 4.4927633295e+00 2.5729576344e+00 1.0603270902e+01 5.9001944484e+00 0.0000000000e+00 7.1685323965e-04
1.8881109096e+00 4.4978423649e+00 2.5724807703e+00 1.0582864277e+01 5.8821894022e+00 0.0000000000e+00 7.1604375752e-04
1.8888266460e+00 4.5026472828e+00 2.5722808410e+00 1.0564577678e+01 5.8657590827e+00 0.0000000000e+00 7.1527964449e-04
1.8895414689e+00 4.5117934283e+00 2.5722345951e+00 1.0547485717e+01 5.8443975132e+00 0.0000000000e+00 7.1382965530e-04
1.8902543053e+00 4.5182730201e+00 2.5722718174e+00 1.0530964977e+01 5.8268750747e+00 0.0000000000e+00 7.1280596223e-04
1.8909670808e+00 4.5185073499e+00 2.5724277924e+00 1.0515218115e+01 5.8178604687e+00 0.0000000000e+00 7.1276899612e-04
1.8916798433e+00 4.5212044771e+00 2.5727475024e+00 1.0500611330e+01 5.8063129984e+00 0.0000000000e+00 7.1234379335e-04
1.8923917684e+00 4.5262047753e+00 2.5732479961e+00 1.0487317878e+01 5.7925560149e+00 0.0000000000e+00 7.1155683572e-04
1.8931029570e+00 4.5290300101e+00 2.5739270592e+00 1.0475350031e+01 5.7823363987e+00 0.0000000000e+00 7.1111296249e-04
1.8938139943e+00 4.5321626004e+00 2.5747694200e+00 1.0464607999e+01 5.7724142545e+00 0.0000000000e+00 7.1062144757e-04
1.8945241999e+00 4.5314411279e+00 2.5757548463e+00 1.0454943970e+01 5.7680016547e+00 0.0000000000e+00 7.1073458902e-04
1.8952354635e+00 4.5255524162e+00 2.5768654783e+00 1.0446198746e+01 5.7706760329e+00 0.0000000000e+00 7.1165940675e-04
1.8959475187e+00 4.5246420768e+00 2.5780806248e+00 1.0438194831e+01 5.7674146670e+00 0.0000000000e+00 7.1180258970e-04
1.8966590687e+00 4.5256740429e+00 2.5793738449e+00 1.0430733498e+01 5.7619778839e+00 0.0000000000e+00 7.1164028103e-04
1.8973707992e+00 4.5233479912e+00 2.5807055206e+00 1.0423541154e+01 5.7609657568e+00 0.0000000000e+00 7.1200622945e-04
1.8980830811e+00 4.5190691834e+00 2.5820393526e+00 1.0416326787e+01 5.7624293655e+00 0.0000000000e+00 7.1268038107e-04
1.8987961600e+00 4.5134140513e+00 2.5833589452e+00 1.0408923030e+01 5.7655484914e+00 0.0000000000e+00 7.1357334184e-04
1.8995102278e+00 4.5066976380e+00 2.5846573324e+00 1.0401282609e+01 5.7699026231e+00 0.0000000000e+00 7.1463679315e-04
1.9002254336e+00 4.4986992688e+00 2.5859340748e+00 1.0393415314e+01 5.7757891189e+00 0.0000000000e+00 7.1590736684e-04
1.9009420425e+00 4.4894107639e+00 2.5871913508e+00 1.0385353115e+01 5.7832495518e+00 0.0000000000e+00 7.1738856548e-04
1.9016602107e+00 4.4792729853e+00 2.5884320968e+00 1.0377130247e+01 5.7917491748e+00 0.0000000000e+00 7.1901220539e-04
1.9023800669e+00 4.4679465601e+00 2.5896593693e+00 1.0368775640e+01 5.8017567469e+00 0.0000000000e+00 7.2083493041e-04
1.9031018806e+00 4.4543705852e+00 2.5908763343e+00 1.0360311579e+01 5.8146888437e+00 0.0000000000e+00 7.2303188209e-04
1.9038261307e+00 4.4384564758e+00 2.5920864951e+00 1.0351752419e+01 5.8307164186e+00 0.0000000000e+00 7.2562431675e-04
1.9045531292e+00 4.4228790917e+00 2.5932932206e+00 1.0343102649e+01 5.8463629882e+00 0.0000000000e+00 7.2817996625e-04
1.9052824906e+00 4.4092130806e+00 2.5944986850e+00 1.0334364323e+01 5.8595287491e+00 0.0000000000e+00 7.3043690311e-04
1.9060140030e+00 4.3940909245e+00 2.5957048617e+00 1.0325541534e+01 5.8746744842e+00 0.0000000000e+00 7.3295068378e-04
1.9067483920e+00 4.3764976079e+00 2.5969166218e+00 1.0316614099e+01 5.8931907561e+00 0.0000000000e+00 7.3589711141e-04
1.9074857972e+00 4.3578324623e+00 2.5981359919e+00 1.0307583688e+01 5.9132514713e+00 0.0000000000e+00 7.3904905147e-04
1.9082264901e+00 4.3379556741e+00 2.5993641007e+00 1.0298457818e+01 5.9350870503e+00 0.0000000000e+00 7.4243542113e-04
1.9089706681e+00 4.3167990019e+00 2.6006028799e+00 1.0289235254e+01 5.9588338774e+00 0.0000000000e+00 7.4607410405e-04
1.9097186383e+00 4.2948255564e+00 2.6018527792e+00 1.0279921938e+01 5.9838995804e+00 0.0000000000e+00 7.4989121337e-04
1.9104704505e+00 4.2717430086e+00 2.6031142162e+00 1.0270520813e+01 6.0107319146e+00 0.0000000000e+00 7.5394328294e-04
1.9112265249e+00 4.2480845695e+00 2.6043878545e+00 1.0261028976e+01 6.0386209408e+00 0.0000000000e+00 7.5814214501e-04
1.9119867348e+00 4.2236116554e+00 2.6056728690e+00 1.0251451907e+01 6.0679418134e+00 0.0000000000e+00 7.6253505543e-04
1.9127515950e+00 4.1948809387e+00 2.6069689288e+00 1.0241797035e+01 6.1037471532e+00 0.0000000000e+00 7.6775765386e-04
1.9135222501e+00 4.1652993180e+00 2.6082756887e+00 1.0232068183e+01 6.1412562470e+00 0.0000000000e+00 7.7321020697e-04
1.9142980154e+00 4.1399540698e+00 2.6095906814e+00 1.0222272768e+01 6.1729385129e+00 0.0000000000e+00 7.7794388378e-04
1.9150781379e+00 4.1136474579e+00 2.6109112260e+00 1.0212426530e+01 6.2064303240e+00 0.0000000000e+00 7.8291880398e-04
1.9158638530e+00 4.0844076269e+00 2.6122376250e+00 1.0202529444e+01 6.2448036385e+00 0.0000000000e+00 7.8852363474e-04
1.9166551851e+00 4.0543259451e+00 2.6135692881e+00 1.0192586581e+01 6.2850068785e+00 0.0000000000e+00 7.9437420458e-04
1.9174526014e+00 4.0233214125e+00 2.6149071255e+00 1.0182591830e+01 6.3272299093e+00 0.0000000000e+00 8.0049581367e-04
1.9182561768e+00 3.9913948792e+00 2.6162515997e+00 1.0172543122e+01 6.3715464331e+00 0.0000000000e+00 8.0689885246e-04
1.9190663991e+00 3.9587527427e+00 2.6176037083e+00 1.0162434420e+01 6.4176996397e+00 0.0000000000e+00 8.1355218602e-04
1.9198832811e+00 3.9253182120e+00 2.6189648634e+00 1.0152257177e+01 6.4658816359e+00 0.0000000000e+00 8.2048174791e-04
1.9207073626e+00 3.8913388944e+00 2.6203360648e+00 1.0142006114e+01 6.5157561376e+00 0.0000000000e+00 8.2764622540e-04
1.9215385736e+00 3.8568532615e+00 2.6217156738e+00 1.0131694822e+01 6.5673323143e+00 0.0000000000e+00 8.3504653388e-04
1.9223774557e+00 3.8197782791e+00 2.6231043371e+00 1.0121326668e+01 6.6242893754e+00 0.0000000000e+00 8.4315154241e-04
1.9232248767e+00 3.7859964032e+00 2.6245031692e+00 1.0110890132e+01 6.6765053736e+00 0.0000000000e+00 8.5067485668e-04
1.9240788054e+00 3.7531716729e+00 2.6259076689e+00 1.0100414206e+01 6.7279191348e+00 0.0000000000e+00 8.5811474360e-04
1.9249411062e+00 3.7151351154e+00 2.6273207673e+00 1.0089890069e+01 6.7897194551e+00 0.0000000000e+00 8.6690035428e-04
1.9258126061e+00 3.6799497423e+00 2.6287443401e+00 1.0079301918e+01 6.8474453619e+00 0.0000000000e+00 8.7518911216e-04
1.9266914844e+00 3.6457923550e+00 2.6301753822e+00 1.0068667324e+01 6.9043066251e+00 0.0000000000e+00 8.8338874903e-04
1.9275793836e+00 3.6090958675e+00 2.6316162978e+00 1.0057972894e+01 6.9671001155e+00 0.0000000000e+00 8.9237085020e-04
1.9284762261e+00 3.5718311801e+00 2.6330684420e+00 1.0047210843e+01 7.0322548408e+00 0.0000000000e+00 9.0168089848e-04
1.9293827454e+00 3.5358492835e+00 2.6345318588e+00 1.0036377898e+01 7.0961578767e+00 0.0000000000e+00 9.1085668236e-04
1.9302979395e+00 3.5013355028e+00 2.6360052086e+00 1.0025478206e+01 7.1583244439e+00 0.0000000000e+00 9.1983528718e-04
1.9312224160e+00 3.4666570651e+00 2.6374891558e+00 1.0014506757e+01 7.2220200677e+00 0.0000000000e+00 9.2903678883e-04
1.9321560130e+00 3.4335287310e+00 2.6389819706e+00 1.0003471796e+01 7.2836668773e+00 0.0000000000e+00 9.3800058193e-04
1.9330984172e+00 3.3982341749e+00 2.6404833548e+00 9.9923824426e+00 7.3511579310e+00 0.0000000000e+00 9.4774279286e-04
1.9340514986e+00 3.3644460828e+00 2.6419952249e+00 9.9812299276e+00 7.4166963015e+00 0.0000000000e+00 9.5726068079e-04
1.9350129385e+00 3.3359941775e+00 2.6435117985e+00 9.9700449196e+00 7.4715694850e+00 0.0000000000e+00 9.6542493072e-04
1.9359823485e+00 3.3033705964e+00 2.6450347518e+00 9.9588314319e+00 7.5368711603e+00 0.0000000000e+00 9.7495931920e-04
1.9369628572e+00 3.2729552645e+00 2.6465686697e+00 9.9475663278e+00 7.5983060597e+00 0.0000000000e+00 9.8401954425e-04
1.9379503876e+00 3.2470196655e+00 2.6481092343e+00 9.9362758393e+00 7.6503046353e+00 0.0000000000e+00 9.9187940926e-04
1.9389466160e+00 3.2188466838e+00 2.6496609459e+00 9.9249442390e+00 7.7084630103e+00 0.0000000000e+00 1.0005608419e-03
1.9399515092e+00 3.1948757541e+00 2.6512246745e+00 9.9135667237e+00 7.7573961295e+00 0.0000000000e+00 1.0080679800e-03
1.9409627519e+00 3.1736411803e+00 2.6527987490e+00 9.9021526042e+00 7.8003088895e+00 0.0000000000e+00 1.0148128805e-03
1.9419811350e+00 3.1518979526e+00 2.6543849082e+00 9.8906970906e+00 7.8450327701e+00 0.0000000000e+00 1.0218135219e-03
1.9430063790e+00 3.1344214687e+00 2.6559821372e+00 9.8792001899e+00 7.8796041698e+00 0.0000000000e+00 1.0275108118e-03
1.9440361566e+00 3.1194902423e+00 2.6575866953e+00 9.8676781199e+00 7.9080854190e+00 0.0000000000e+00 1.0324289219e-03
1.9450712368e+00 3.1054065786e+00 2.6591975049e+00 9.8561358056e+00 7.9346581165e+00 0.0000000000e+00 1.0371112014e-03
1.9461103790e+00 3.0944488542e+00 2.6608101696e+00 9.8445875469e+00 7.9534256427e+00 0.0000000000e+00 1.0407837064e-03
1.9471528042e+00 3.0850389115e+00 2.6624229948e+00 9.8330519382e+00 7.9683370455e+00 0.0000000000e+00 1.0439582903e-03
1.9481982956e+00 3.0797489448e+00 2.6640333696e+00 9.8215269101e+00 7.9726684595e+00 0.0000000000e+00 1.0457514575e-03
1.9492443072e+00 3.0766419254e+00 2.6656390014e+00 9.8100195284e+00 7.9713692446e+00 0.0000000000e+00 1.0468075343e-03
1.9502919107e+00 3.0756543561e+00 2.6672413944e+00 9.7985462647e+00 7.9646029188e+00 0.0000000000e+00 1.0471436562e-03
1.9513385945e+00 3.0782606631e+00 2.6688386074e+00 9.7870994849e+00 7.9485629678e+00 0.0000000000e+00 1.0462570588e-03
1.9523844248e+00 3.0811835254e+00 2.6704346873e+00 9.7757118349e+00 7.9317831560e+00 0.0000000000e+00 1.0452645619e-03
1.9534291236e+00 3.0899306332e+00 2.6720296354e+00 9.7643863874e+00 7.9001663359e+00 0.0000000000e+00 1.0423055822e-03
1.9544690360e+00 3.1014448523e+00 2.6736231079e+00 9.7531404467e+00 7.8617716187e+00 0.0000000000e+00 1.0384359875e-03
1.9555059956e+00 3.1098101957e+00 2.6752207817e+00 9.7419996190e+00 7.8316673735e+00 0.0000000000e+00 1.0356426100e-03
1.9565403212e+00 3.1238133548e+00 2.6768244350e+00 9.7309679737e+00 7.7877315868e+00 0.0000000000e+00 1.0310001213e-03
1.9575679958e+00 3.1428364252e+00 2.6784334985e+00 9.7200749029e+00 7.7319287325e+00 0.0000000000e+00 1.0247596477e-03
1.9585898405e+00 3.1601120803e+00 2.6800518194e+00 9.7093528701e+00 7.6811776160e+00 0.0000000000e+00 1.0191575064e-03
1.9596063108e+00 3.1787273092e+00 2.6816838852e+00 9.6988192766e+00 7.6279107433e+00 0.0000000000e+00 1.0131891271e-03
1.9606162187e+00 3.2019322387e+00 2.6833300726e+00 9.6884951159e+00 7.5645691364e+00 0.0000000000e+00 1.0058463789e-03
1.9616180036e+00 3.2247385357e+00 2.6849916643e+00 9.6784082173e+00 7.5032503488e+00 0.0000000000e+00 9.9873273819e-04
1.9626136842e+00 3.2475865284e+00 2.6866703799e+00 9.6685688746e+00 7.4428878108e+00 0.0000000000e+00 9.9170627775e-04
1.9636014161e+00 3.2748608337e+00 2.6883609220e+00 9.6589708883e+00 7.3735735493e+00 0.0000000000e+00 9.8344696502e-04
1.9645805781e+00 3.3003649412e+00 2.6900587243e+00 9.6496194796e+00 7.3095094419e+00 0.0000000000e+00 9.7584721846e-04
1.9655531106e+00 3.3271898368e+00 2.6917657051e+00 9.6405120708e+00 7.2437346105e+00 0.0000000000e+00 9.6797961814e-04
1.9665165374e+00 3.3582537075e+00 2.6934727518e+00 9.6316195229e+00 7.1701100943e+00 0.0000000000e+00 9.5902579979e-04
1.9674711622e+00 3.3865018859e+00 2.6951679616e+00 9.6228768197e+00 7.1038472322e+00 0.0000000000e+00 9.5102617870e-04
1.9684185897e+00 3.4140752527e+00 2.6968525346e+00 9.6142742973e+00 7.0401745609e+00 0.0000000000e+00 9.4334533053e-04
1.9693578528e+00 3.4460990253e+00 2.6985218262e+00 9.6057768748e+00 6.9685873827e+00 0.0000000000e+00 9.3457904840e-04
1.9702877478e+00 3.4777531630e+00 2.7001726710e+00 9.5973636890e+00 6.8991121847e+00 0.0000000000e+00 9.2607260974e-04
1.9712099980e+00 3.5048849216e+00 2.7018072527e+00 9.5890330414e+00 6.8397631134e+00 0.0000000000e+00 9.1890376425e-04
1.9721255554e+00 3.5335278171e+00 2.7034267695e+00 9.5807750608e+00 6.7784771740e+00 0.0000000000e+00 9.1145509938e-04
1.9730329082e+00 3.5645472487e+00 2.7050290493e+00 9.5725787094e+00 6.7137409337e+00 0.0000000000e+00 9.0352342754e-04
1.9739326022e+00 3.5945399657e+00 2.7066143005e+00 9.5644528406e+00 6.6520701758e+00 0.0000000000e+00 8.9598445933e-04
1.9748248772e+00 3.6261388388e+00 2.7081823143e+00 9.5564023262e+00 6.5885524183e+00 0.0000000000e+00 8.8817667798e-04
1.9757089556e+00 3.6552517251e+00 2.7097324268e+00 9.5484394660e+00 6.5306305722e+00 0.0000000000e+00 8.8110264079e-04
1.9765870824e+00 3.6816796662e+00 2.7112667547e+00 9.5405889724e+00 6.4784214254e+00 0.0000000000e+00 8.7477788393e-04
1.9774585113e+00 3.7117783476e+00 2.7127833240e+00 9.5328525916e+00 6.4206774347e+00 0.0000000000e+00 8.6768434053e-04
1.9783224511e+00 3.7401380542e+00 2.7142805743e+00 9.5252446351e+00 6.3669071148e+00 0.0000000000e+00 8.6110509853e-04
1.9791807215e+00 3.7653418345e+00 2.7157609182e+00 9.5177885819e+00 6.3193389872e+00 0.0000000000e+00 8.5534118529e-04
1.9800331335e+00 3.7923588589e+00 2.7172233396e+00 9.5104804304e+00 6.2695019013e+00 0.0000000000e+00 8.4924767607e-04
1.9808792169e+00 3.8196762272e+00 2.7186673545e+00 9.5033236692e+00 6.2199798517e+00 0.0000000000e+00 8.4317406926e-04
1.9817194816e+00 3.8438044229e+00 2.7200944488e+00 9.4963226862e+00 6.1763825897e+00 0.0000000000e+00 8.3788132626e-04
1.9825549795e+00 3.8656065674e+00 2.7215061111e+00 9.4894714615e+00 6.1371167085e+00 0.0000000000e+00 8.3315564881e-04
1.9833857929e+00 3.8926524696e+00 2.7229036942e+00 9.4827658351e+00 6.0901698194e+00 0.0000000000e+00 8.2736693627e-04
1.9842097134e+00 3.9172684692e+00 2.7242854140e+00 9.4761888471e+00 6.0477019392e+00 0.0000000000e+00 8.2216778682e-04
1.9850301285e+00 3.9367503011e+00 2.7256556667e+00 9.4697501522e+00 6.0136847831e+00 0.0000000000e+00 8.1809911765e-04
1.9858459116e+00 3.9582457973e+00 2.7270132916e+00 9.4634241040e+00 5.9770316124e+00 0.0000000000e+00 8.1365638030e-04
1.9866574413e+00 3.9787745001e+00 2.7283597877e+00 9.4572228555e+00 5.9422963373e+00 0.0000000000e+00 8.0945827607e-04
1.9874648282e+00 3.9988524287e+00 2.7296943640e+00 9.4511398116e+00 5.9086575338e+00 0.0000000000e+00 8.0539404871e-04
1.9882682294e+00 4.0168027202e+00 2.7310163350e+00 9.4451770671e+00 5.8785417936e+00 0.0000000000e+00 8.0179490307e-04
1.9890684180e+00 4.0366390662e+00 2.7323260533e+00 9.4393475626e+00 5.8460438299e+00 0.0000000000e+00 7.9785482301e-04
1.9898639390e+00 4.0545585711e+00 2.7336200324e+00 9.4336464871e+00 5.8166914608e+00 0.0000000000e+00 7.9432862820e-04
1.9906570753e+00 4.0686539290e+00 2.7348993918e+00 9.4280959766e+00 5.7931297064e+00 0.0000000000e+00 7.9157677303e-04
1.9914470926e+00 4.0839908071e+00 2.7361616244e+00 9.4226922532e+00 5.7680665177e+00 0.0000000000e+00 7.8860411294e-04
1.9922342835e+00 4.0956274218e+00 2.7374059133e+00 9.4174509752e+00 5.7484788076e+00 0.0000000000e+00 7.8636350821e-04
1.9930198196e+00 4.1116982671e+00 2.7386322803e+00 9.4123838451e+00 5.7229295741e+00 0.0000000000e+00 7.8328995429e-04
1.9938008634e+00 4.1260845788e+00 2.7398356525e+00 9.4074742522e+00 5.7000008559e+00 0.0000000000e+00 7.8055887761e-04
1.9945809373e+00 4.1320547776e+00 2.7410196939e+00 9.4027505215e+00 5.6889072311e+00 0.0000000000e+00 7.7943108721e-04
1.9953597256e+00 4.1452942022e+00 2.7421838733e+00 9.3982027149e+00 5.6679949941e+00 0.0000000000e+00 7.7694170561e-04
1.9961348207e+00 4.1563865656e+00 2.7433251824e+00 9.3938227221e+00 5.6502340277e+00 0.0000000000e+00 7.7486824118e-04
1.9969094621e+00 4.1606471750e+00 2.7444469684e+00 9.3896257851e+00 5.6419262378e+00 0.0000000000e+00 7.7407475623e-04
1.9976829703e+00 4.1690414773e+00 2.7455490868e+00 9.3856014988e+00 5.6281531078e+00 0.0000000000e+00 7.7251616834e-04
1.9984544944e+00 4.1783854220e+00 2.7466295218e+00 9.3817444233e+00 5.6132593549e+00 0.0000000000e+00 7.7078862347e-04
1.9992245475e+00 4.1851013131e+00 2.7476888086e+00 9.3780623781e+00 5.6020521825e+00 0.0000000000e+00 7.6955172808e-04
1.9999935978e+00 4.1867079449e+00 2.7487266653e+00 9.3745579561e+00 5.5978098301e+00 0.0000000000e+00 7.6925641580e-04
2.0007630603e+00 4.1878466706e+00 2.7497431006e+00 9.3712406596e+00 5.5943074070e+00 0.0000000000e+00 7.6904724577e-04
2.0015316923e+00 4.1925403183e+00 2.7507353592e+00 9.3681121060e+00 5.5861789004e+00 0.0000000000e+00 7.6818627926e-04
2.0022994329e+00 4.1956322490e+00 2.7517016003e+00 9.3651852858e+00 5.5803182512e+00 0.0000000000e+00 7.6762017178e-04
2.0030669327e+00 4.1970113562e+00 2.7526409089e+00 9.3624723445e+00 5.5768686036e+00 0.0000000000e+00 7.6736793742e-04
2.0038341688e+00 4.1977291230e+00 2.7535518045e+00 9.3599819105e+00 5.5744318155e+00 0.0000000000e+00 7.6723672570e-04
2.0046014061e+00 4.1935551854e+00 2.7544323704e+00 9.3577178026e+00 5.5786304155e+00 0.0000000000e+00 7.6800037326e-04
2.0053701695e+00 4.1877536665e+00 2.7552833988e+00 9.3556970019e+00 5.5851524153e+00 0.0000000000e+00 7.6906432523e-04
2.0061395348e+00 4.1866316754e+00 2.7561021064e+00 9.3539137568e+00 5.5855843564e+00 0.0000000000e+00 7.6927042965e-04
2.0069087104e+00 4.1852009298e+00 2.7568880300e+00 9.3523846066e+00 5.5865804077e+00 0.0000000000e+00 7.6953341113e-04
2.0076786016e+00 4.1803886531e+00 2.7576378703e+00 9.3511045326e+00 5.5922459062e+00 0.0000000000e+00 7.7041926362e-04
2.0084495489e+00 4.1744186443e+00 2.7583520002e+00 9.3501054449e+00 5.5996452690e+00 0.0000000000e+00 7.7152107207e-04
2.0092216438e+00 4.1674140341e+00 2.7590250896e+00 9.3493788239e+00 5.6086212862e+00 0.0000000000e+00 7.7281784853e-04
2.0099951846e+00 4.1597157135e+00 2.7596598508e+00 9.3489406532e+00 5.6187377318e+00 0.0000000000e+00 7.7424809038e-04
2.0107701399e+00 4.1514439395e+00 2.7602583435e+00 9.3487353651e+00 5.6298094720e+00 0.0000000000e+00 7.7579078381e-04
2.0115467662e+00 4.1390703664e+00 2.7608338729e+00 9.3487393123e+00 5.6466419296e+00 0.0000000000e+00 7.7810997702e-04
2.0123263599e+00 4.1252196676e+00 2.7613736327e+00 9.3489849331e+00 5.6657497579e+00 0.0000000000e+00 7.8072253292e-04
2.0131082112e+00 4.1154957973e+00 2.7618716981e+00 9.3494942818e+00 5.6794458932e+00 0.0000000000e+00 7.8256718178e-04
2.0138914943e+00 4.1055447450e+00 2.7623328140e+00 9.3502549467e+00 5.6936749735e+00 0.0000000000e+00 7.8446397441e-04
2.0146771392e+00 4.0926135759e+00 2.7627569414e+00 9.3512655501e+00 5.7122822474e+00 0.0000000000e+00 7.8694259499e-04
2.0154653794e+00 4.0782724599e+00 2.7631412780e+00 9.3525390697e+00 5.7331499805e+00 0.0000000000e+00 7.8970985371e-04
2.0162565589e+00 4.0627801618e+00 2.7634829580e+00 9.3540923169e+00 5.7559675545e+00 0.0000000000e+00 7.9272119570e-04
2.0170508218e+00 4.0475858352e+00 2.7637803914e+00 9.3559330764e+00 5.7787119640e+00 0.0000000000e+00 7.9569701023e-04
2.0178479529e+00 4.0303670957e+00 2.7640330183e+00 9.3580622691e+00 5.8047207903e+00 0.0000000000e+00 7.9909642752e-04
2.0186490147e+00 4.0088354443e+00 2.7642410561e+00 9.3604788827e+00 5.8374052844e+00 0.0000000000e+00 8.0338841354e-04
2.0194547297e+00 3.9891882905e+00 2.7644040646e+00 9.3631826959e+00 5.8678495561e+00 0.0000000000e+00 8.0734518233e-04
2.0202637051e+00 3.9722392250e+00 2.7645205566e+00 9.3661758461e+00 5.8947707549e+00 0.0000000000e+00 8.1079002681e-04
2.0210763098e+00 3.9527836735e+00 2.7645900560e+00 9.3694511256e+00 5.9258562443e+00 0.0000000000e+00 8.1478072512e-04
2.0218932665e+00 3.9330796951e+00 2.7646164511e+00 9.3729616302e+00 5.9577750496e+00 0.0000000000e+00 8.1886262100e-04
2.0227140350e+00 3.9107136462e+00 2.7646114988e+00 9.3766341265e+00 5.9941963122e+00 0.0000000000e+00 8.2354583820e-04
2.0235403582e+00 3.8839902067e+00 2.7645609804e+00 9.3806042315e+00 6.0379942613e+00 0.0000000000e+00 8.2921217005e-04
2.0243724594e+00 3.8605578488e+00 2.7644250838e+00 9.3851226793e+00 6.0775689983e+00 0.0000000000e+00 8.3424522410e-04
2.0252088486e+00 3.8388371613e+00 2.7641949301e+00 9.3902461317e+00 6.1152933408e+00 0.0000000000e+00 8.3896550241e-04
2.0260503904e+00 3.8147116644e+00 2.7638989203e+00 9.3957616499e+00 6.1575831127e+00 0.0000000000e+00 8.4427139744e-04
2.0268973914e+00 3.7895353357e+00 2.7635574465e+00 9.4015163967e+00 6.2022883836e+00 0.0000000000e+00 8.4988043716e-04
2.0277501512e+00 3.7634848856e+00 2.7631419161e+00 9.4077053628e+00 6.2493311709e+00 0.0000000000e+00 8.5576322095e-04
2.0286089179e+00 3.7364692024e+00 2.7626003435e+00 9.4146844851e+00 6.2991851231e+00 0.0000000000e+00 8.6195062056e-04
2.0294740525e+00 3.7089422687e+00 2.7619198465e+00 9.4225316571e+00 6.3512256154e+00 0.0000000000e+00 8.6834782384e-04
2.0303456135e+00 3.6814543829e+00 2.7611346592e+00 9.4309958859e+00 6.4043954541e+00 0.0000000000e+00 8.7483141517e-04
2.0312237153e+00 3.6531762475e+00 2.7602705582e+00 9.4398872583e+00 6.4600546338e+00 0.0000000000e+00 8.8160322129e-04
2.0321088200e+00 3.6231743071e+00 2.7593108676e+00 9.4493099159e+00 6.5200492131e+00 0.0000000000e+00 8.8890339651e-04
2.0330015221e+00 3.5946926238e+00 2.7582321714e+00 9.4594171651e+00 6.5787385426e+00 0.0000000000e+00 8.9594640900e-04
2.0339007128e+00 3.5689981737e+00 2.7570505261e+00 9.4700944935e+00 6.6335803722e+00 0.0000000000e+00 9.0239663652e-04
2.0348063154e+00 3.5419260647e+00 2.7558025520e+00 9.4810824629e+00 6.6920386605e+00 0.0000000000e+00 9.0929395163e-04
2.0357193007e+00 3.5126266438e+00 2.7544980770e+00 9.4923035054e+00 6.7558443211e+00 0.0000000000e+00 9.1687852832e-04
2.0366400724e+00 3.4829259211e+00 2.7531205145e+00 9.5038634324e+00 6.8217524918e+00 0.0000000000e+00 9.2469722890e-04
2.0375686951e+00 3.4523263068e+00 2.7516572922e+00 9.5158380484e+00 6.8908883481e+00 0.0000000000e+00 9.3289326140e-04
2.0385058590e+00 3.4231117473e+00 2.7500986751e+00 9.5282874633e+00 6.9587908362e+00 0.0000000000e+00 9.4085504228e-04
2.0394504052e+00 3.3959724304e+00 2.7484192701e+00 9.5413813485e+00 7.0240421147e+00 0.0000000000e+00 9.4837399707e-04
2.0404026070e+00 3.3681762334e+00 2.7465910113e+00 9.5552987171e+00 7.0923387429e+00 0.0000000000e+00 9.5620054432e-04
2.0413628063e+00 3.3415997628e+00 2.7446115487e+00 9.5700479158e+00 7.1597801916e+00 0.0000000000e+00 9.6380541548e-04
2.0423302178e+00 3.3159902081e+00 2.7424943766e+00 9.5855335350e+00 7.2267504827e+00 0.0000000000e+00 9.7124893186e-04
2.0433053042e+00 3.2890651087e+00 2.7402449925e+00 9.6017045332e+00 7.2982019327e+00 0.0000000000e+00 9.7919981554e-04
2.0442886174e+00 3.2643839733e+00 2.7378655819e+00 9.6185422074e+00 7.3662766743e+00 0.0000000000e+00 9.8660328383e-04
2.0452785107e+00 3.2418716153e+00 2.7353618630e+00 9.6360094951e+00 7.4308999850e+00 0.0000000000e+00 9.9345450094e-04
2.0462755264e+00 3.2193042998e+00 2.7327450576e+00 9.6540230261e+00 7.4969792593e+00 0.0000000000e+00 1.0004186146e-03
2.0472793480e+00 3.1997844278e+00 2.7300456965e+00 9.6723858929e+00 7.5570605701e+00 0.0000000000e+00 1.0065215393e-03
2.0482885695e+00 3.1807149315e+00 2.7272918597e+00 9.6909115771e+00 7.6169287297e+00 0.0000000000e+00 1.0125559873e-03
2.0493044599e+00 3.1620099617e+00 2.7244673605e+00 9.7096999998e+00 7.6768417221e+00 0.0000000000e+00 1.0185457942e-03
2.0503256611e+00 3.1468601792e+00 2.7215368352e+00 9.7289939335e+00 7.7291279081e+00 0.0000000000e+00 1.0234493318e-03
2.0513513586e+00 3.1317744196e+00 2.7184672202e+00 9.7490051208e+00 7.7823334431e+00 0.0000000000e+00 1.0283792880e-03
2.0523824197e+00 3.1205671999e+00 2.7152493132e+00 9.7698050517e+00 7.8269465339e+00 0.0000000000e+00 1.0320726142e-03
2.0534155038e+00 3.1133095328e+00 2.7119063386e+00 9.7912648032e+00 7.8624247767e+00 0.0000000000e+00 1.0344785553e-03
2.0544513768e+00 3.1060633323e+00 2.7084493259e+00 9.8133024444e+00 7.8985047910e+00 0.0000000000e+00 1.0368919121e-03
2.0554892877e+00 3.1019458932e+00 2.7049312726e+00 9.8356082162e+00 7.9269662939e+00 0.0000000000e+00 1.0382682544e-03
2.0565279133e+00 3.0996976609e+00 2.7014264418e+00 9.8577256591e+00 7.9505541649e+00 0.0000000000e+00 1.0390213176e-03
2.0575673303e+00 3.1010888845e+00 2.6979193011e+00 9.8797126730e+00 7.9647125904e+00 0.0000000000e+00 1.0385551874e-03
2.0586050237e+00 3.1059528403e+00 2.6943910272e+00 9.9017776606e+00 7.9700000046e+00 0.0000000000e+00 1.0369287988e-03
2.0596411879e+00 3.1133674636e+00 2.6908082289e+00 9.9241395955e+00 7.9689754835e+00 0.0000000000e+00 1.0344593066e-03
2.0606739423e+00 3.1216665999e+00 2.6871612125e+00 9.9468819181e+00 7.9660027743e+00 0.0000000000e+00 1.0317091351e-03
2.0617046062e+00 3.1308118227e+00 2.6834657304e+00 9.9699084558e+00 7.9611208054e+00 0.0000000000e+00 1.0286954726e-03
2.0627313332e+00 3.1459952718e+00 2.6797460919e+00 9.9930980965e+00 7.9411261248e+00 0.0000000000e+00 1.0237307019e-03
2.0637520676e+00 3.1648359889e+00 2.6760135326e+00 1.0016414277e+01 7.9122696340e+00 0.0000000000e+00 1.0176362879e-03
2.0647666058e+00 3.1846993684e+00 2.6722474543e+00 1.0039969258e+01 7.8814105323e+00 0.0000000000e+00 1.0112891596e-03
2.0657746459e+00 3.2049719391e+00 2.6684872374e+00 1.0063537105e+01 7.8499416656e+00 0.0000000000e+00 1.0048924012e-03
2.0667763906e+00 3.2293556991e+00 2.6647797036e+00 1.0086849158e+01 7.8087164269e+00 0.0000000000e+00 9.9730480252e-04
2.0677692555e+00 3.2571146384e+00 2.6611416258e+00 1.0109845876e+01 7.7598173523e+00 0.0000000000e+00 9.8880521727e-04
2.0687540010e+00 3.2829905291e+00 2.6575679300e+00 1.0132509809e+01 7.7159145903e+00 0.0000000000e+00 9.8101164752e-04
2.0697312788e+00 3.3114234374e+00 2.6540509786e+00 1.0154868510e+01 7.6665433328e+00 0.0000000000e+00 9.7258837736e-04
2.0706991778e+00 3.3433811812e+00 2.6505891617e+00 1.0177002962e+01 7.6098135469e+00 0.0000000000e+00 9.6329188122e-04
2.0716578625e+00 3.3762770538e+00 2.6471717197e+00 1.0198964107e+01 7.5519306799e+00 0.0000000000e+00 9.5390629868e-04
2.0726069904e+00 3.4118648985e+00 2.6437917918e+00 1.0220831631e+01 7.4891825551e+00 0.0000000000e+00 9.4395647058e-04
2.0735457755e+00 3.4467016725e+00 2.6404441582e+00 1.0242636870e+01 7.4293033192e+00 0.0000000000e+00 9.3441563956e-04
2.0744758217e+00 3.4815903643e+00 2.6371242314e+00 1.0264357984e+01 7.3704520854e+00 0.0000000000e+00 9.2505194774e-04
2.0753958794e+00 3.5204722394e+00 2.6338402654e+00 1.0285974514e+01 7.3043996760e+00 0.0000000000e+00 9.1483520640e-04
2.0763054921e+00 3.5572798869e+00 2.6306074233e+00 1.0307446156e+01 7.2439100128e+00 0.0000000000e+00 9.0536928499e-04
2.0772066180e+00 3.5951848259e+00 2.6274308287e+00 1.0328667793e+01 7.1822926314e+00 0.0000000000e+00 8.9582374863e-04
2.0780971396e+00 3.6335046220e+00 2.6243253429e+00 1.0349590471e+01 7.1209421397e+00 0.0000000000e+00 8.8637618023e-04
2.0789793703e+00 3.6705543303e+00 2.6212931821e+00 1.0370116832e+01 7.0630454552e+00 0.0000000000e+00 8.7742930848e-04
2.0798519982e+00 3.7114963108e+00 2.6183419683e+00 1.0390242277e+01 6.9986882693e+00 0.0000000000e+00 8.6775027590e-04
2.0807148709e+00 3.7499657721e+00 2.6154739700e+00 1.0409961232e+01 6.9400374995e+00 0.0000000000e+00 8.5884835849e-04
2.0815696949e+00 3.7875401448e+00 2.6126821162e+00 1.0429279564e+01 6.8839399484e+00 0.0000000000e+00 8.5032813504e-04
2.0824155271e+00 3.8269742984e+00 2.6099627248e+00 1.0448243242e+01 6.8253941802e+00 0.0000000000e+00 8.4156612942e-04
2.0832528272e+00 3.8676582469e+00 2.6073088070e+00 1.0466876026e+01 6.7656417382e+00 0.0000000000e+00 8.3271368412e-04
2.0840809545e+00 3.9052982659e+00 2.6047179952e+00 1.0485235938e+01 6.7121863835e+00 0.0000000000e+00 8.2468782880e-04
2.0849022028e+00 3.9412698439e+00 2.6021821388e+00 1.0503329121e+01 6.6624016733e+00 0.0000000000e+00 8.1716098498e-04
2.0857152765e+00 3.9808725976e+00 2.5996996702e+00 1.0521171198e+01 6.6073272502e+00 0.0000000000e+00 8.0903165543e-04
2.0865202661e+00 4.0165043066e+00 2.5972742118e+00 1.0538781219e+01 6.5596725503e+00 0.0000000000e+00 8.0185447391e-04
2.0873189854e+00 4.0511417658e+00 2.5949008508e+00 1.0556126216e+01 6.5142908014e+00 0.0000000000e+00 7.9499857914e-04
2.0881102633e+00 4.0873772618e+00 2.5925843472e+00 1.0573223515e+01 6.4669975624e+00 0.0000000000e+00 7.8795074236e-04
2.0888948869e+00 4.1241388847e+00 2.5903219891e+00 1.0590031797e+01 6.4195412019e+00 0.0000000000e+00 7.8092713115e-04
2.0896721176e+00 4.1579636851e+00 2.5881182339e+00 1.0606582529e+01 6.3772698203e+00 0.0000000000e+00 7.7457433292e-04
2.0904440356e+00 4.1884870178e+00 2.5859680689e+00 1.0622852681e+01 6.3405071066e+00 0.0000000000e+00 7.6892967175e-04
2.0912099769e+00 4.2211866730e+00 2.5838713498e+00 1.0638858544e+01 6.3008694997e+00 0.0000000000e+00 7.6297311568e-04
2.0919699818e+00 4.2530244257e+00 2.5818285601e+00 1.0654609245e+01 6.2629602954e+00 0.0000000000e+00 7.5726156856e-04
2.0927245000e+00 4.2836953125e+00 2.5798369544e+00 1.0670100615e+01 6.2271589343e+00 0.0000000000e+00 7.5183964143e-04
2.0934736611e+00 4.3135352873e+00 2.5778962763e+00 1.0685344377e+01 6.1929158247e+00 0.0000000000e+00 7.4663859995e-04
2.0942177772e+00 4.3422019418e+00 2.5760062748e+00 1.0700349541e+01 6.1606701420e+00 0.0000000000e+00 7.4170938867e-04
2.0949570799e+00 4.3697535577e+00 2.5741657656e+00 1.0715118223e+01 6.1302760448e+00 0.0000000000e+00 7.3703285670e-04
2.0956918429e+00 4.3963381120e+00 2.5723744361e+00 1.0729660581e+01 6.1014759943e+00 0.0000000000e+00 7.3257603616e-04
2.0964222319e+00 4.4218808317e+00 2.5706298878e+00 1.0743972107e+01 6.0743225090e+00 0.0000000000e+00 7.2834435624e-04
2.0971485317e+00 4.4463166870e+00 2.5689308087e+00 1.0758059367e+01 6.0488602841e+00 0.0000000000e+00 7.2434155604e-04
2.0978709150e+00 4.4676234436e+00 2.5672772666e+00 1.0771940517e+01 6.0277800112e+00 0.0000000000e+00 7.2088706409e-04
2.0985903058e+00 4.4934964931e+00 2.5656656710e+00 1.0785601920e+01 6.0006733821e+00 0.0000000000e+00 7.1673627712e-04
2.0993043876e+00 4.5167663221e+00 2.5641000482e+00 1.0799072681e+01 5.9772146213e+00 0.0000000000e+00 7.1304373927e-04
2.1000163933e+00 4.5309370845e+00 2.5625764170e+00 1.0812331130e+01 5.9658360557e+00 0.0000000000e+00 7.1081365459e-04
2.1007260149e+00 4.5531944394e+00 2.5610933272e+00 1.0825371995e+01 5.9438335764e+00 0.0000000000e+00 7.0733898818e-04
2.1014310712e+00 4.5733522451e+00 2.5596591121e+00 1.0838233516e+01 5.9246658331e+00 0.0000000000e+00 7.0422127470e-04
2.1021344575e+00 4.5843858213e+00 2.5582641847e+00 1.0850835820e+01 5.9172789129e+00 0.0000000000e+00 7.0252637392e-04
2.1028361240e+00 4.6012006499e+00 2.5569116244e+00 1.0863209422e+01 5.9023775798e+00 0.0000000000e+00 6.9995903087e-04
2.1035343755e+00 4.6211170074e+00 2.5556049694e+00 1.0875366256e+01 5.8835159542e+00 0.0000000000e+00 6.9694230692e-04
2.1042300086e+00 4.6325031115e+00 2.5543422978e+00 1.0887297603e+01 5.8754939506e+00 0.0000000000e+00 6.9522931128e-04
2.1049248341e+00 4.6394880024e+00 2.5531203115e+00 1.0899008279e+01 5.8729585425e+00 0.0000000000e+00 6.9418262232e-04
2.1056183738e+00 4.6519228941e+00 2.5519364064e+00 1.0910500001e+01 5.8634355346e+00 0.0000000000e+00 6.9232702713e-04
2.1063094882e+00 4.6643521736e+00 2.5507921085e+00 1.0921801544e+01 5.8538684138e+00 0.0000000000e+00 6.9048215655e-04
2.1069993382e+00 4.6744101443e+00 2.5496851727e+00 1.0932925710e+01 5.8472220946e+00 0.0000000000e+00 6.8899643983e-04
2.1076874811e+00 4.6818002725e+00 2.5486113725e+00 1.0943869879e+01 5.8438363674e+00 0.0000000000e+00 6.8790887271e-04
2.1083751559e+00 4.6832772079e+00 2.5475685645e+00 1.0954646188e+01 5.8477459806e+00 0.0000000000e+00 6.8769193126e-04
2.1090628649e+00 4.6867277683e+00 2.5465552169e+00 1.0965268446e+01 5.8491067691e+00 0.0000000000e+00 6.8718562438e-04
2.1097495272e+00 4.6934388565e+00 2.5455704909e+00 1.0975737443e+01 5.8463196063e+00 0.0000000000e+00 6.8620302643e-04
2.1104352710e+00 4.6978319941e+00 2.5446161605e+00 1.0986071906e+01 5.8463520619e+00 0.0000000000e+00 6.8556132952e-04
2.1111206498e+00 4.6993357166e+00 2.5436900456e+00 1.0996257725e+01 5.8499000647e+00 0.0000000000e+00 6.8534195937e-04
2.1118059549e+00 4.6995503063e+00 2.5427922316e+00 1.1006291757e+01 5.8549707100e+00 0.0000000000e+00 6.8531066545e-04
2.1124912711e+00 4.6985184198e+00 2.5419229289e+00 1.1016164229e+01 5.8615095466e+00 0.0000000000e+00 6.8546117308e-04
2.1131768773e+00 4.6960921434e+00 2.5410818075e+00 1.1025858110e+01 5.8696985564e+00 0.0000000000e+00 6.8581532248e-04
2.1138629018e+00 4.6926455438e+00 2.5402708254e+00 1.1035376305e+01 5.8790804685e+00 0.0000000000e+00 6.8631903213e-04
2.1145495153e+00 4.6881695658e+00 2.5394891678e+00 1.1044701899e+01 5.8896663953e+00 0.0000000000e+00 6.8697428762e-04
2.1152368504e+00 4.6811353876e+00 2.5387380645e+00 1.1053843364e+01 5.9033986678e+00 0.0000000000e+00 6.8800657983e-04
2.1159255285e+00 4.6710924166e+00 2.5380170546e+00 1.1062805774e+01 5.9208878711e+00 0.0000000000e+00 6.8948581199e-04
2.1166158220e+00 4.6619349107e+00 2.5373219321e+00 1.1071570950e+01 5.9372187524e+00 0.0000000000e+00 6.9084017890e-04
2.1173072088e+00 4.6548810813e+00 2.5366516104e+00 1.1080150706e+01 5.9508237229e+00 0.0000000000e+00 6.9188705178e-04
2.1179995961e+00 4.6458498610e+00 2.5360090554e+00 1.1088595226e+01 5.9669358450e+00 0.0000000000e+00 6.9323203376e-04
2.1186936729e+00 4.6344271739e+00 2.5353873501e+00 1.1096871966e+01 5.9861076407e+00 0.0000000000e+00 6.9494067484e-04
2.1193894774e+00 4.6217016787e+00 2.5347877297e+00 1.1105007589e+01 6.0069906936e+00 0.0000000000e+00 6.9685413980e-04
2.1200873812e+00 4.6074780427e+00 2.5342109583e+00 1.1113009068e+01 6.0298763037e+00 0.0000000000e+00 6.9900538166e-04
2.1207874882e+00 4.5919887594e+00 2.5336530036e+00 1.1120825651e+01 6.0544712945e+00 0.0000000000e+00 7.0136320372e-04
2.1214901076e+00 4.5755679632e+00 2.5331202725e+00 1.1128478283e+01 6.0803808252e+00 0.0000000000e+00 7.0388025566e-04
2.1221952487e+00 4.5576030042e+00 2.5326128521e+00 1.1135922862e+01 6.1084318071e+00 0.0000000000e+00 7.0665477988e-04
2.1229034172e+00 4.5397444161e+00 2.5321345752e+00 1.1143144423e+01 6.1364382009e+00 0.0000000000e+00 7.0943464048e-04
2.1236141180e+00 4.5193985278e+00 2.5316898439e+00 1.1150139594e+01 6.1679333685e+00 0.0000000000e+00 7.1262844556e-04
2.1243286740e+00 4.4941049850e+00 2.5312744908e+00 1.1156852951e+01 6.2063820204e+00 0.0000000000e+00 7.1663923261e-04
2.1250473965e+00 4.4710594333e+00 2.5308920205e+00 1.1163318803e+01 6.2419874809e+00 0.0000000000e+00 7.2033306553e-04
2.1257693402e+00 4.4511055805e+00 2.5305409657e+00 1.1169553490e+01 6.2734714377e+00 0.0000000000e+00 7.2356224526e-04
2.1264945210e+00 4.4282139650e+00 2.5302138613e+00 1.1175550469e+01 6.3092877613e+00 0.0000000000e+00 7.2730269431e-04
2.1272239456e+00 4.4025267826e+00 2.5299097899e+00 1.1181377747e+01 6.3494092703e+00 0.0000000000e+00 7.3154624759e-04
2.1279576135e+00 4.3782942889e+00 2.5296228187e+00 1.1187064505e+01 6.3877984020e+00 0.0000000000e+00 7.3559512796e-04
2.1286951358e+00 4.3494431273e+00 2.5293470331e+00 1.1192629526e+01 6.4333692834e+00 0.0000000000e+00 7.4047455122e-04
2.1294385626e+00 4.3158972454e+00 2.5290828305e+00 1.1198124832e+01 6.4865566735e+00 0.0000000000e+00 7.4622998755e-04
2.1301875958e+00 4.2884194412e+00 2.5288240057e+00 1.1203516827e+01 6.5312622635e+00 0.0000000000e+00 7.5101141385e-04
2.1309405854e+00 4.2610742923e+00 2.5285774275e+00 1.1208844770e+01 6.5763021255e+00 0.0000000000e+00 7.5583097755e-04
2.1316992578e+00 4.2305092141e+00 2.5283395458e+00 1.1214039176e+01 6.6268849733e+00 0.0000000000e+00 7.6129179367e-04
2.1324631690e+00 4.1973275494e+00 2.5281175787e+00 1.1219101724e+01 6.6822886656e+00 0.0000000000e+00 7.6731013004e-04
2.1332338780e+00 4.1658776929e+00 2.5279136570e+00 1.1223982992e+01 6.7356652184e+00 0.0000000000e+00 7.7310285735e-04
2.1340093747e+00 4.1352974322e+00 2.5277343652e+00 1.1228663943e+01 6.7883049084e+00 0.0000000000e+00 7.7881990366e-04
2.1347915178e+00 4.0991543904e+00 2.5275819684e+00 1.1233085438e+01 6.8508553036e+00 0.0000000000e+00 7.8568691027e-04
2.1355807485e+00 4.0660135048e+00 2.5274626029e+00 1.1237215639e+01 6.9092340849e+00 0.0000000000e+00 7.9209081424e-04
2.1363756994e+00 4.0336025354e+00 2.5273830711e+00 1.1241039768e+01 6.9671216172e+00 0.0000000000e+00 7.9845545500e-04
2.1371776594e+00 3.9976598852e+00 2.5273406174e+00 1.1244527968e+01 7.0319438690e+00 0.0000000000e+00 8.0563430613e-04
2.1379869681e+00 3.9618151992e+00 2.5273293172e+00 1.1247739048e+01 7.0975919388e+00 0.0000000000e+00 8.1292331566e-04
2.1388035060e+00 3.9249152622e+00 2.5273411654e+00 1.1250741317e+01 7.1662319857e+00 0.0000000000e+00 8.2056598233e-04
2.1396281000e+00 3.8888868486e+00 2.5273749244e+00 1.1253522142e+01 7.2344108869e+00 0.0000000000e+00 8.2816807819e-04
2.1404598422e+00 3.8576800125e+00 2.5274332739e+00 1.1256081292e+01 7.2945923817e+00 0.0000000000e+00 8.3486757256e-04
2.1412978352e+00 3.8233379460e+00 2.5275143897e+00 1.1258433410e+01 7.3616520228e+00 0.0000000000e+00 8.4236653762e-04
2.1421445753e+00 3.7840399670e+00 2.5276153884e+00 1.1260602749e+01 7.4395374039e+00 0.0000000000e+00 8.5111467527e-04
2.1430000645e+00 3.7499935873e+00 2.5277326467e+00 1.1262611940e+01 7.5084207998e+00 0.0000000000e+00 8.5884198806e-04
2.1438622593e+00 3.7201576962e+00 2.5278627663e+00 1.1264482573e+01 7.5698958843e+00 0.0000000000e+00 8.6572995307e-04
2.1447315244e+00 3.6871137894e+00 2.5280034932e+00 1.1266231356e+01 7.6389230167e+00 0.0000000000e+00 8.7348862326e-04
2.1456092365e+00 3.6530739565e+00 2.5281539119e+00 1.1267865169e+01 7.7112216339e+00 0.0000000000e+00 8.8162790737e-04
2.1464947802e+00 3.6242224946e+00 2.5283141628e+00 1.1269381163e+01 7.7736543354e+00 0.0000000000e+00 8.8864631036e-04
2.1473865291e+00 3.5944289595e+00 2.5284859443e+00 1.1270769600e+01 7.8390543585e+00 0.0000000000e+00 8.9601212989e-04
2.1482868045e+00 3.5643254205e+00 2.5286720031e+00 1.1272011420e+01 7.9061323605e+00 0.0000000000e+00 9.0357965891e-04
2.1491936884e+00 3.5379505335e+00 2.5288752585e+00 1.1273082879e+01 7.9658285017e+00 0.0000000000e+00 9.1031570882e-04
2.1501074359e+00 3.5154093493e+00 2.5290985186e+00 1.1273960675e+01 8.0175305026e+00 0.0000000000e+00 9.1615275142e-04
2.1510259939e+00 3.4945321358e+00 2.5293441461e+00 1.1274623513e+01 8.0659034424e+00 0.0000000000e+00 9.2162607828e-04
2.1519506881e+00 3.4722644123e+00 2.5296141585e+00 1.1275055666e+01 8.1179414403e+00 0.0000000000e+00 9.2753649069e-04
2.1528810669e+00 3.4529953553e+00 2.5299103595e+00 1.1275255987e+01 8.1633877449e+00 0.0000000000e+00 9.3271250503e-04
2.1538161131e+00 3.4389358530e+00 2.5302239127e+00 1.1275237480e+01 8.1967489089e+00 0.0000000000e+00 9.3652574093e-04
2.1547541184e+00 3.4262792998e+00 2.5305777315e+00 1.1274894370e+01 8.2267770545e+00 0.0000000000e+00 9.3998523353e-04
2.1556960836e+00 3.4130982972e+00 2.5309901364e+00 1.1274068994e+01 8.2579433791e+00 0.0000000000e+00 9.4361535101e-04
2.1566413491e+00 3.4066615969e+00 2.5314526863e+00 1.1272823483e+01 8.2726322839e+00 0.0000000000e+00 9.4539826046e-04
2.1575868801e+00 3.4025412863e+00 2.5319422663e+00 1.1271321797e+01 8.2815466801e+00 0.0000000000e+00 9.4654309139e-04
2.1585344353e+00 3.3976074922e+00 2.5324498276e+00 1.1269630912e+01 8.2923284530e+00 0.0000000000e+00 9.4791760234e-04
2.1594827153e+00 3.3987753183e+00 2.5329819247e+00 1.1267701174e+01 8.2880597559e+00 0.0000000000e+00 9.4759189595e-04
2.1604296191e+00 3.4049400875e+00 2.5335428606e+00 1.1265495761e+01 8.2714346448e+00 0.0000000000e+00 9.4587624597e-04
2.1613744678e+00 3.4104336307e+00 2.5341260998e+00 1.1263067308e+01 8.2563308127e+00 0.0000000000e+00 9.4435262389e-04
2.1623183243e+00 3.4178762631e+00 2.5347124043e+00 1.1260553978e+01 8.2365137818e+00 0.0000000000e+00 9.4229623889e-04
2.1632590602e+00 3.4297386809e+00 2.5352858088e+00 1.1258048277e+01 8.2061997462e+00 0.0000000000e+00 9.3903712421e-04
2.1641963986e+00 3.4441612323e+00 2.5358508362e+00 1.1255522866e+01 8.1700028740e+00 0.0000000000e+00 9.3510487185e-04
2.1651292700e+00 3.4626795947e+00 2.5364153579e+00 1.1252930628e+01 8.1244382566e+00 0.0000000000e+00 9.3010394397e-04
2.1660566065e+00 3.4809764619e+00 2.5369831199e+00 1.1250241495e+01 8.0798029077e+00 0.0000000000e+00 9.2521508922e-04
2.1669797002e+00 3.5006014930e+00 2.5375600560e+00 1.1247410163e+01 8.0324839783e+00 0.0000000000e+00 9.2002815922e-04
2.1678966628e+00 3.5247744640e+00 2.5381524072e+00 1.1244386239e+01 7.9752522848e+00 0.0000000000e+00 9.1371858843e-04
2.1688071373e+00 3.5499709971e+00 2.5387655219e+00 1.1241128963e+01 7.9163526772e+00 0.0000000000e+00 9.0723331270e-04
2.1697111294e+00 3.5785812081e+00 2.5394042135e+00 1.1237598687e+01 7.8505963913e+00 0.0000000000e+00 8.9998012072e-04
2.1706070976e+00 3.6065154461e+00 2.5400687195e+00 1.1233793787e+01 7.7871521385e+00 0.0000000000e+00 8.9300933155e-04
2.1714971481e+00 3.6344278666e+00 2.5407578170e+00 1.1229724856e+01 7.7245478989e+00 0.0000000000e+00 8.8615101631e-04
2.1723793996e+00 3.6670152347e+00 2.5414648177e+00 1.1225436915e+01 7.6529794643e+00 0.0000000000e+00 8.7827612966e-04
2.1732537003e+00 3.6978622909e+00 2.5421817470e+00 1.1220991337e+01 7.5861338623e+00 0.0000000000e+00 8.7094967156e-04
2.1741212990e+00 3.7293611642e+00 2.5429044388e+00 1.1216420917e+01 7.5189961651e+00 0.0000000000e+00 8.6359346974e-04
2.1749808873e+00 3.7633731700e+00 2.5436302318e+00 1.1211745819e+01 7.4479365404e+00 0.0000000000e+00 8.5578862425e-04
2.1758328762e+00 3.7988219071e+00 2.5443621881e+00 1.1206942912e+01 7.3752752736e+00 0.0000000000e+00 8.4780282586e-04
2.1766764929e+00 3.8326198672e+00 2.5451037580e+00 1.1201988826e+01 7.3070048781e+00 0.0000000000e+00 8.4032647624e-04
2.1775135292e+00 3.8657291078e+00 2.5458619883e+00 1.1196831098e+01 7.2410862128e+00 0.0000000000e+00 8.3312923848e-04
2.1783427514e+00 3.9023234937e+00 2.5466401790e+00 1.1191438306e+01 7.1697274229e+00 0.0000000000e+00 8.2531649489e-04
2.1791641622e+00 3.9358159589e+00 2.5474429883e+00 1.1185774939e+01 7.1051181353e+00 0.0000000000e+00 8.1829333012e-04
2.1799793381e+00 3.9681550263e+00 2.5482734705e+00 1.1179819409e+01 7.0434618449e+00 0.0000000000e+00 8.1162452736e-04
2.1807874112e+00 4.0050272834e+00 2.5491295475e+00 1.1173582046e+01 6.9747228019e+00 0.0000000000e+00 8.0415231154e-04
2.1815876427e+00 4.0380439576e+00 2.5500060094e+00 1.1167109750e+01 6.9136875846e+00 0.0000000000e+00 7.9757723828e-04
2.1823825657e+00 4.0692195641e+00 2.5508949585e+00 1.1160483121e+01 6.8566483973e+00 0.0000000000e+00 7.9146674122e-04
2.1831705762e+00 4.1046986832e+00 2.5517738263e+00 1.1153850997e+01 6.7933433474e+00 0.0000000000e+00 7.8462566837e-04
2.1839518170e+00 4.1361402851e+00 2.5526377959e+00 1.1147259196e+01 6.7377182754e+00 0.0000000000e+00 7.7866119756e-04
2.1847278986e+00 4.1657282492e+00 2.5534926558e+00 1.1140685176e+01 6.6859169089e+00 0.0000000000e+00 7.7313059207e-04
2.1854980782e+00 4.1979907099e+00 2.5543405935e+00 1.1134101865e+01 6.6306136875e+00 0.0000000000e+00 7.6718891733e-04
2.1862622764e+00 4.2299936362e+00 2.5551853960e+00 1.1127484845e+01 6.5765375801e+00 0.0000000000e+00 7.6138458464e-04
2.1870208474e+00 4.2582608787e+00 2.5560297578e+00 1.1120820498e+01 6.5289685241e+00 0.0000000000e+00 7.5633035163e-04
2.1877749371e+00 4.2860801738e+00 2.5568766235e+00 1.1114087955e+01 6.4826645236e+00 0.0000000000e+00 7.5142130272e-04
2.1885236900e+00 4.3148446861e+00 2.5577293713e+00 1.1107259321e+01 6.4354919637e+00 0.0000000000e+00 7.4641202222e-04
2.1892677611e+00 4.3413937683e+00 2.5585929198e+00 1.1100298380e+01 6.3921282957e+00 0.0000000000e+00 7.4184746181e-04
2.1900073849e+00 4.3675828459e+00 2.5594731132e+00 1.1093159071e+01 6.3497130236e+00 0.0000000000e+00 7.3739916593e-04
2.1907425595e+00 4.3927888779e+00 2.5603710690e+00 1.1085833047e+01 6.3091087205e+00 0.0000000000e+00 7.3316793436e-04
2.1914737208e+00 4.4167344037e+00 2.5612864260e+00 1.1078324305e+01 6.2706534352e+00 0.0000000000e+00 7.2919303117e-04
2.1922009455e+00 4.4396325976e+00 2.5622155173e+00 1.1070665393e+01 6.2339986192e+00 0.0000000000e+00 7.2543208857e-04
2.1929245849e+00 4.4615426889e+00 2.5631552728e+00 1.1062885400e+01 6.1990247386e+00 0.0000000000e+00 7.2186958016e-04
2.1936446847e+00 4.4823172704e+00 2.5641030949e+00 1.1055010433e+01 6.1659013443e+00 0.0000000000e+00 7.1852386911e-04
2.1943616327e+00 4.5020288828e+00 2.5650585802e+00 1.1047047919e+01 6.1344830336e+00 0.0000000000e+00 7.1537789552e-04
2.1950754405e+00 4.5196683187e+00 2.5660226368e+00 1.1038996420e+01 6.1060876823e+00 0.0000000000e+00 7.1258590689e-04
2.1957868045e+00 4.5387132227e+00 2.5669979846e+00 1.1030833455e+01 6.0759696163e+00 0.0000000000e+00 7.0959582369e-04
2.1964946321e+00 4.5550076987e+00 2.5679862388e+00 1.1022550030e+01 6.0496879256e+00 0.0000000000e+00 7.0705741039e-04
2.1972009193e+00 4.5695280037e+00 2.5689926938e+00 1.1014106698e+01 6.0258448406e+00 0.0000000000e+00 7.0481063802e-04
2.1979042534e+00 4.5853364939e+00 2.5700193981e+00 1.1005484913e+01 6.0003692900e+00 0.0000000000e+00 7.0238071994e-04
2.1986056808e+00 4.5956390273e+00 2.5710701538e+00 1.0996662074e+01 5.9821180517e+00 0.0000000000e+00 7.0080611828e-04
2.1993058656e+00 4.6068627986e+00 2.5721462359e+00 1.0987630957e+01 5.9626428206e+00 0.0000000000e+00 6.9909873346e-04
2.2000038782e+00 4.6222346817e+00 2.5732429654e+00 1.0978424129e+01 5.9378335834e+00 0.0000000000e+00 6.9677378357e-04
2.2006994132e+00 4.6307376727e+00 2.5743538486e+00 1.0969117630e+01 5.9219061871e+00 0.0000000000e+00 6.9549436296e-04
2.2013948670e+00 4.6338502787e+00 2.5754631545e+00 1.0959835676e+01 5.9129206907e+00 0.0000000000e+00 6.9502719208e-04
2.2020894676e+00 4.6425781877e+00 2.5765640034e+00 1.0950629907e+01 5.8968473253e+00 0.0000000000e+00 6.9372056162e-04
2.2027823081e+00 4.6511118146e+00 2.5776588310e+00 1.0941493936e+01 5.8811174467e+00 0.0000000000e+00 6.9244775790e-04
2.2034743631e+00 4.6585395716e+00 2.5787514459e+00 1.0932407369e+01 5.8668640680e+00 0.0000000000e+00 6.9134369220e-04
2.2041649955e+00 4.6607802237e+00 2.5798431278e+00 1.0923341684e+01 5.8591808451e+00 0.0000000000e+00 6.9101133140e-04
2.2048563858e+00 4.6570002507e+00 2.5809390271e+00 1.0914285980e+01 5.8590752589e+00 0.0000000000e+00 6.9157220836e-04
2.2055481399e+00 4.6602634064e+00 2.5820419203e+00 1.0905207776e+01 5.8501026793e+00 0.0000000000e+00 6.9108796368e-04
2.2062385617e+00 4.6643035713e+00 2.5831539427e+00 1.0896085623e+01 5.8401460457e+00 0.0000000000e+00 6.9048935140e-04
2.2069291186e+00 4.6635652672e+00 2.5842815311e+00 1.0886867984e+01 5.8361293134e+00 0.0000000000e+00 6.9059866502e-04
2.2076197590e+00 4.6617630030e+00 2.5854307376e+00 1.0877502317e+01 5.8333629949e+00 0.0000000000e+00 6.9086565439e-04
2.2083108499e+00 4.6584555771e+00 2.5866031935e+00 1.0867976509e+01 5.8323924794e+00 0.0000000000e+00 6.9135615751e-04
2.2090024714e+00 4.6537544332e+00 2.5878001568e+00 1.0858284989e+01 5.8330779721e+00 0.0000000000e+00 6.9205455380e-04
2.2096949590e+00 4.6484176505e+00 2.5890201597e+00 1.0848444044e+01 5.8344822151e+00 0.0000000000e+00 6.9284909186e-04
2.2103881695e+00 4.6414760316e+00 2.5902629258e+00 1.0838459039e+01 5.8378299087e+00 0.0000000000e+00 6.9388529119e-04
2.2110827296e+00 4.6310786807e+00 2.5915291738e+00 1.0828329682e+01 5.8454684259e+00 0.0000000000e+00 6.9544315046e-04
2.2117790558e+00 4.6197099021e+00 2.5928188628e+00 1.0818058673e+01 5.8542954547e+00 0.0000000000e+00 6.9715458675e-04
2.2124770388e+00 4.6101644622e+00 2.5941284706e+00 1.0807671090e+01 5.8607839151e+00 0.0000000000e+00 6.9859805960e-04
2.2131762520e+00 4.6008652546e+00 2.5954541807e+00 1.0797195016e+01 5.8669372058e+00 0.0000000000e+00 7.0001005669e-04
2.2138770589e+00 4.5894012584e+00 2.5967934647e+00 1.0786652735e+01 5.8758496628e+00 0.0000000000e+00 7.0175863177e-04
2.2145797692e+00 4.5758983410e+00 2.5981435653e+00 1.0776071718e+01 5.8874077368e+00 0.0000000000e+00 7.0382943582e-04
2.2152847177e+00 4.5612653391e+00 2.5994970996e+00 1.0765503588e+01 5.9005028146e+00 0.0000000000e+00 7.0608739205e-04
2.2159919440e+00 4.5454870062e+00 2.6008512121e+00 1.0754979244e+01 5.9151963418e+00 0.0000000000e+00 7.0853836857e-04
2.2167017945e+00 4.5284919820e+00 2.6022052653e+00 1.0744501493e+01 5.9316111941e+00 0.0000000000e+00 7.1119744951e-04
2.2174143389e+00 4.5104362810e+00 2.6035608345e+00 1.0734056672e+01 5.9495667397e+00 0.0000000000e+00 7.1404443984e-04
2.2181298834e+00 4.4915290816e+00 2.6049202381e+00 1.0723622374e+01 5.9688038186e+00 0.0000000000e+00 7.1705022704e-04
2.2188484394e+00 4.4714950430e+00 2.6062865700e+00 1.0713167855e+01 5.9897012920e+00 0.0000000000e+00 7.2026289122e-04
2.2195704091e+00 4.4502792362e+00 2.6076663535e+00 1.0702643730e+01 6.0123439238e+00 0.0000000000e+00 7.2369659898e-04
2.2202958326e+00 4.4280801959e+00 2.6090661861e+00 1.0692002291e+01 6.0364773320e+00 0.0000000000e+00 7.2732466560e-04
2.2210250585e+00 4.4055849382e+00 2.6104914746e+00 1.0681209587e+01 6.0611756084e+00 0.0000000000e+00 7.3103844163e-04
2.2217579094e+00 4.3792294583e+00 2.6119473464e+00 1.0670250423e+01 6.0913971993e+00 0.0000000000e+00 7.3543804416e-04
2.2224959346e+00 4.3504035820e+00 2.6134410050e+00 1.0659104165e+01 6.1253536388e+00 0.0000000000e+00 7.4031107390e-04
2.2232385316e+00 4.3256366246e+00 2.6149758982e+00 1.0647775033e+01 6.1538774274e+00 0.0000000000e+00 7.4454981479e-04
2.2239850342e+00 4.3013124116e+00 2.6165521890e+00 1.0636305767e+01 6.1820118775e+00 0.0000000000e+00 7.4876029443e-04
2.2247360522e+00 4.2736970395e+00 2.6181714965e+00 1.0624753704e+01 6.2152005661e+00 0.0000000000e+00 7.5359856302e-04
2.2254922313e+00 4.2442304529e+00 2.6198268193e+00 1.0613228090e+01 6.2515620961e+00 0.0000000000e+00 7.5883060156e-04
2.2262537134e+00 4.2161943153e+00 2.6215159737e+00 1.0601807032e+01 6.2863605418e+00 0.0000000000e+00 7.6387654526e-04
2.2270199844e+00 4.1841338919e+00 2.6232358455e+00 1.0590600080e+01 6.3278329240e+00 0.0000000000e+00 7.6972965755e-04
2.2277931727e+00 4.1474910130e+00 2.6249893677e+00 1.0579671667e+01 6.3771516527e+00 0.0000000000e+00 7.7653018117e-04
2.2285730448e+00 4.1170737714e+00 2.6267773691e+00 1.0569019621e+01 6.4177983006e+00 0.0000000000e+00 7.8226724284e-04
2.2293577072e+00 4.0874020843e+00 2.6285981278e+00 1.0558615555e+01 6.4580235423e+00 0.0000000000e+00 7.8794595720e-04
2.2301489367e+00 4.0539694318e+00 2.6304527763e+00 1.0548386635e+01 6.5049742063e+00 0.0000000000e+00 7.9444406326e-04
2.2309465953e+00 4.0200492026e+00 2.6323485489e+00 1.0538265934e+01 6.5535677569e+00 0.0000000000e+00 8.0114739532e-04
2.2317512315e+00 3.9852297889e+00 2.6342788702e+00 1.0528166123e+01 6.6044912592e+00 0.0000000000e+00 8.0814711280e-04
2.2325628895e+00 3.9498347983e+00 2.6362400245e+00 1.0517939664e+01 6.6572022637e+00 0.0000000000e+00 8.1538902567e-04
2.2333820095e+00 3.9117870619e+00 2.6382122366e+00 1.0507433452e+01 6.7152386403e+00 0.0000000000e+00 8.2331985273e-04
2.2342095292e+00 3.8767172501e+00 2.6401722468e+00 1.0496410175e+01 6.7688778275e+00 0.0000000000e+00 8.3076782236e-04
2.2350435452e+00 3.8426290148e+00 2.6420968759e+00 1.0484700660e+01 6.8213068575e+00 0.0000000000e+00 8.3813762280e-04
2.2358858045e+00 3.8028279991e+00 2.6439676196e+00 1.0472195060e+01 6.8844785137e+00 0.0000000000e+00 8.4690970733e-04
2.2367373646e+00 3.7659192653e+00 2.6457619003e+00 1.0458758795e+01 6.9430317398e+00 0.0000000000e+00 8.5521003529e-04
2.2375962246e+00 3.7300388065e+00 2.6474430295e+00 1.0444246872e+01 7.0000926355e+00 0.0000000000e+00 8.6343657929e-04
2.2384642377e+00 3.6911911839e+00 2.6489698835e+00 1.0428468742e+01 7.0630781653e+00 0.0000000000e+00 8.7252374295e-04
2.2393412720e+00 3.6507536241e+00 2.6503005990e+00 1.0411214368e+01 7.1294967012e+00 0.0000000000e+00 8.8218824916e-04
2.2402286142e+00 3.6128178164e+00 2.6514050133e+00 1.0392331326e+01 7.1912921256e+00 0.0000000000e+00 8.9145152382e-04
2.2411241751e+00 3.5766083341e+00 2.6522794171e+00 1.0371832704e+01 7.2497683104e+00 0.0000000000e+00 9.0047655401e-04
2.2420295673e+00 3.5363353762e+00 2.6529545635e+00 1.0349938308e+01 7.3168529046e+00 0.0000000000e+00 9.1073147908e-04
2.2429456380e+00 3.4990164885e+00 2.6534851171e+00 1.0326978957e+01 7.3784869195e+00 0.0000000000e+00 9.2044491883e-04
2.2438704572e+00 3.4636662496e+00 2.6539284135e+00 1.0303331026e+01 7.4367233185e+00 0.0000000000e+00 9.2983899591e-04
2.2448053160e+00 3.4258057965e+00 2.6543340223e+00 1.0279346898e+01 7.5014080692e+00 0.0000000000e+00 9.4011515510e-04
2.2457506875e+00 3.3914128901e+00 2.6547517302e+00 1.0255367616e+01 7.5598046809e+00 0.0000000000e+00 9.4964902598e-04
2.2467046141e+00 3.3595327914e+00 2.6552679805e+00 1.0231866898e+01 7.6140549399e+00 0.0000000000e+00 9.5866066734e-04
2.2476680088e+00 3.3258386246e+00 2.6559689854e+00 1.0209362352e+01 7.6742767043e+00 0.0000000000e+00 9.6837288613e-04
2.2486413599e+00 3.2963279520e+00 2.6569127913e+00 1.0188195897e+01 7.7269283014e+00 0.0000000000e+00 9.7704233153e-04
2.2496220935e+00 3.2697247340e+00 2.6581194195e+00 1.0168486896e+01 7.7747270207e+00 0.0000000000e+00 9.8499176834e-04
2.2506113434e+00 3.2437599562e+00 2.6595808461e+00 1.0150172197e+01 7.8228447340e+00 0.0000000000e+00 9.9287616568e-04
2.2516078458e+00 3.2189000662e+00 2.6612768010e+00 1.0133098889e+01 7.8700011498e+00 0.0000000000e+00 1.0005442485e-03
2.2526124319e+00 3.1987660607e+00 2.6631795426e+00 1.0117088719e+01 7.9070245579e+00 0.0000000000e+00 1.0068419780e-03
2.2536215298e+00 3.1818727464e+00 2.6652538641e+00 1.0101987248e+01 7.9371395821e+00 0.0000000000e+00 1.0121875400e-03
2.2546368070e+00 3.1651423066e+00 2.6674648025e+00 1.0087695955e+01 7.9678060087e+00 0.0000000000e+00 1.0175378027e-03
2.2556566054e+00 3.1520940529e+00 2.6697614098e+00 1.0074098613e+01 7.9900047745e+00 0.0000000000e+00 1.0217499522e-03
2.2566803069e+00 3.1407839630e+00 2.6721001687e+00 1.0061063520e+01 8.0084014363e+00 0.0000000000e+00 1.0254293150e-03
2.2577074640e+00 3.1335169094e+00 2.6744480226e+00 1.0048412937e+01 8.0168810538e+00 0.0000000000e+00 1.0278074256e-03
2.2587359217e+00 3.1284139846e+00 2.6767773265e+00 1.0035927193e+01 8.0199801262e+00 0.0000000000e+00 1.0294839377e-03
2.2597664319e+00 3.1252326251e+00 2.6790732868e+00 1.0023465599e+01 8.0181756055e+00 0.0000000000e+00 1.0305319104e-03
2.2607969855e+00 3.1276809412e+00 2.6813334736e+00 1.0010934817e+01 8.0018830290e+00 0.0000000000e+00 1.0297252208e-03
2.2618258823e+00 3.1305414233e+00 2.6835551321e+00 9.9982852966e+00 7.9844697327e+00 0.0000000000e+00 1.0287843258e-03
2.2628545542e+00 3.1344035467e+00 2.6857445750e+00 9.9854710473e+00 7.9644108509e+00 0.0000000000e+00 1.0275166869e-03
2.2638809157e+00 3.1423019387e+00 2.6879050186e+00 9.9724711387e+00 7.9340490931e+00 0.0000000000e+00 1.0249339531e-03
2.2649044221e+00 3.1527109664e+00 2.6900380245e+00 9.9593049411e+00 7.8974135649e+00 0.0000000000e+00 1.0215500190e-03
2.2659240157e+00 3.1664859903e+00 2.6921446276e+00 9.9459989868e+00 7.8525524961e+00 0.0000000000e+00 1.0171060152e-03
2.2669386341e+00 3.1800697276e+00 2.6942240426e+00 9.9325963002e+00 7.8084736743e+00 0.0000000000e+00 1.0127614246e-03
2.2679495386e+00 3.1960354098e+00 2.6962786900e+00 9.9191139869e+00 7.7589205963e+00 0.0000000000e+00 1.0077022106e-03
2.2689540386e+00 3.2165635284e+00 2.6983093986e+00 9.9055443757e+00 7.6988564724e+00 0.0000000000e+00 1.0012710519e-03
2.2699520807e+00 3.2359785369e+00 2.7003206499e+00 9.8918767403e+00 7.6421062652e+00 0.0000000000e+00 9.9526369258e-04
2.2709445659e+00 3.2568738468e+00 2.7023217828e+00 9.8780747622e+00 7.5824818728e+00 0.0000000000e+00 9.8887832296e-04
2.2719298373e+00 3.2814973250e+00 2.7043147130e+00 9.8641244420e+00 7.5149569428e+00 0.0000000000e+00 9.8145804454e-04
2.2729074820e+00 3.3065387467e+00 2.7062917678e+00 9.8500834385e+00 7.4474278037e+00 0.0000000000e+00 9.7402516480e-04
2.2738778877e+00 3.3309348085e+00 2.7082354266e+00 9.8360526672e+00 7.3823515265e+00 0.0000000000e+00 9.6689131818e-04
2.2748412647e+00 3.3558362935e+00 2.7101359491e+00 9.8221098346e+00 7.3171848800e+00 0.0000000000e+00 9.5971664468e-04
2.2757973210e+00 3.3831234999e+00 2.7119865341e+00 9.8083315786e+00 7.2479851672e+00 0.0000000000e+00 9.5197587312e-04
2.2767452164e+00 3.4116228795e+00 2.7137758071e+00 9.7947286519e+00 7.1774702229e+00 0.0000000000e+00 9.4402343443e-04
2.2776853678e+00 3.4401174888e+00 2.7155114930e+00 9.7813590841e+00 7.1083030710e+00 0.0000000000e+00 9.3620405646e-04
2.2786176245e+00 3.4691398333e+00 2.7171892231e+00 9.7681238593e+00 7.0392981609e+00 0.0000000000e+00 9.2837190269e-04
2.2795421116e+00 3.4999937676e+00 2.7188301560e+00 9.7550575569e+00 6.9679106626e+00 0.0000000000e+00 9.2018790935e-04
2.2804580003e+00 3.5300240103e+00 2.7204291892e+00 9.7420086820e+00 6.8993926483e+00 0.0000000000e+00 9.1235978519e-04
2.2813668312e+00 3.5563182869e+00 2.7220089393e+00 9.7290381044e+00 6.8392627709e+00 0.0000000000e+00 9.0561408960e-04
2.2822692285e+00 3.5840114032e+00 2.7235641990e+00 9.7160681990e+00 6.7773697583e+00 0.0000000000e+00 8.9861654593e-04
2.2831640643e+00 3.6139180551e+00 2.7250924436e+00 9.7031313269e+00 6.7123349085e+00 0.0000000000e+00 8.9118012602e-04
2.2840515888e+00 3.6432785703e+00 2.7265931263e+00 9.6903133849e+00 6.6494458206e+00 0.0000000000e+00 8.8399826849e-04
2.2849320608e+00 3.6731893063e+00 2.7280543662e+00 9.6776317870e+00 6.5866682739e+00 0.0000000000e+00 8.7679988130e-04
2.2858051885e+00 3.7015393784e+00 2.7294772343e+00 9.6651657367e+00 6.5278015095e+00 0.0000000000e+00 8.7008447527e-04
2.2866722298e+00 3.7286787836e+00 2.7308617671e+00 9.6529228662e+00 6.4720799420e+00 0.0000000000e+00 8.6375151485e-04
2.2875326916e+00 3.7556854828e+00 2.7322162675e+00 9.6409082988e+00 6.4175423787e+00 0.0000000000e+00 8.5754037778e-04
2.2883873105e+00 3.7809383663e+00 2.7335445234e+00 9.6290543964e+00 6.3668416830e+00 0.0000000000e+00 8.5181286647e-04
2.2892363173e+00 3.8065174377e+00 2.7348609521e+00 9.6173582559e+00 6.3163760663e+00 0.0000000000e+00 8.4608884641e-04
2.2900794882e+00 3.8325165952e+00 2.7361730009e+00 9.6057967000e+00 6.2659850659e+00 0.0000000000e+00 8.4034911989e-04
2.2909170155e+00 3.8578035514e+00 2.7374840227e+00 9.5943722507e+00 6.2175096029e+00 0.0000000000e+00 8.3484083749e-04
2.2917491699e+00 3.8837396456e+00 2.7387907639e+00 9.5831265241e+00 6.1687493233e+00 0.0000000000e+00 8.2926566702e-04
2.2925755469e+00 3.9069472952e+00 2.7400805963e+00 9.5721209731e+00 6.1250640525e+00 0.0000000000e+00 8.2433974772e-04
2.2933978494e+00 3.9262222019e+00 2.7413513588e+00 9.5615051642e+00 6.0882348684e+00 0.0000000000e+00 8.2029283676e-04
2.2942161325e+00 3.9502518782e+00 2.7425867098e+00 9.5512841108e+00 6.0447310737e+00 0.0000000000e+00 8.1530293436e-04
2.2950284553e+00 3.9726106530e+00 2.7437916833e+00 9.5415592584e+00 6.0045899862e+00 0.0000000000e+00 8.1071422021e-04
2.2958375610e+00 3.9905763078e+00 2.7449602421e+00 9.5322546469e+00 5.9717280862e+00 0.0000000000e+00 8.0706436848e-04
2.2966425840e+00 4.0102793658e+00 2.7461043463e+00 9.5233538055e+00 5.9368393925e+00 0.0000000000e+00 8.0309914945e-04
2.2974437593e+00 4.0287092872e+00 2.7472255799e+00 9.5147391513e+00 5.9043346597e+00 0.0000000000e+00 7.9942525462e-04
2.2982414345e+00 4.0465265438e+00 2.7483439459e+00 9.5064347853e+00 5.8732067381e+00 0.0000000000e+00 7.9590530615e-04
2.2990355699e+00 4.0636347142e+00 2.7494398287e+00 9.4982283704e+00 5.8434314587e+00 0.0000000000e+00 7.9255449227e-04
2.2998265435e+00 4.0795448837e+00 2.7505367979e+00 9.4902806592e+00 5.8157716913e+00 0.0000000000e+00 7.8946354055e-04
2.3006144970e+00 4.0928477629e+00 2.7516123623e+00 9.4824954573e+00 5.7921134663e+00 0.0000000000e+00 7.8689756724e-04
2.3014003386e+00 4.1101749775e+00 2.7526603007e+00 9.4749293653e+00 5.7630936743e+00 0.0000000000e+00 7.8358025274e-04
2.3021816575e+00 4.1252706213e+00 2.7536802190e+00 9.4676878359e+00 5.7376162106e+00 0.0000000000e+00 7.8071288975e-04
2.3029617644e+00 4.1320910826e+00 2.7546554231e+00 9.4607202601e+00 5.7239301306e+00 0.0000000000e+00 7.7942423905e-04
2.3037405060e+00 4.1464726229e+00 2.7555870226e+00 9.4540663748e+00 5.7000655947e+00 0.0000000000e+00 7.7672090007e-04
2.3045152062e+00 4.1589437749e+00 2.7564832624e+00 9.4478007555e+00 5.6792068292e+00 0.0000000000e+00 7.7439179803e-04
2.3052892896e+00 4.1628995317e+00 2.7573207935e+00 9.4417209740e+00 5.6701590455e+00 0.0000000000e+00 7.7365593938e-04
2.3060625181e+00 4.1743875816e+00 2.7581392589e+00 9.4360838559e+00 5.6511785690e+00 0.0000000000e+00 7.7152681317e-04
2.3068323432e+00 4.1841033965e+00 2.7589043579e+00 9.4306204921e+00 5.6347917334e+00 0.0000000000e+00 7.6973526764e-04
2.3076019886e+00 4.1869833801e+00 2.7596383858e+00 9.4254770369e+00 5.6278447878e+00 0.0000000000e+00 7.6920581129e-04
2.3083707548e+00 4.1933058843e+00 2.7603400181e+00 9.4206325989e+00 5.6164711440e+00 0.0000000000e+00 7.6804603255e-04
2.3091380807e+00 4.2001431220e+00 2.7609958173e+00 9.4159874900e+00 5.6045634734e+00 0.0000000000e+00 7.6679576246e-04
2.3099043463e+00 4.2067504150e+00 2.7616268975e+00 9.4116870201e+00 5.5932050226e+00 0.0000000000e+00 7.6559140191e-04
2.3106692635e+00 4.2080565463e+00 2.7622166794e+00 9.4075859968e+00 5.5890325458e+00 0.0000000000e+00 7.6535377134e-04
2.3114350539e+00 4.2049725875e+00 2.7627855306e+00 9.4038046211e+00 5.5908834276e+00 0.0000000000e+00 7.6591508761e-04
2.3122010937e+00 4.2077031572e+00 2.7633143968e+00 9.4001761766e+00 5.5850994150e+00 0.0000000000e+00 7.6541805052e-04
2.3129658900e+00 4.2105685264e+00 2.7638302253e+00 9.3968978795e+00 5.5793521828e+00 0.0000000000e+00 7.6489716947e-04
2.3137308880e+00 4.2095874952e+00 2.7642995857e+00 9.3937389570e+00 5.5787764049e+00 0.0000000000e+00 7.6507542637e-04
2.3144960408e+00 4.2095548139e+00 2.7647509129e+00 9.3909629919e+00 5.5771711067e+00 0.0000000000e+00 7.6508136612e-04
2.3152610507e+00 4.2056040838e+00 2.7651567119e+00 9.3884504384e+00 5.5809167074e+00 0.0000000000e+00 7.6580008092e-04
2.3160276410e+00 4.1971124068e+00 2.7655178421e+00 9.3863004585e+00 5.5909274930e+00 0.0000000000e+00 7.6734946210e-04
2.3167957497e+00 4.1926969387e+00 2.7658332298e+00 9.3845825036e+00 5.5957911106e+00 0.0000000000e+00 7.6815758325e-04
2.3175639562e+00 4.1903770922e+00 2.7660884713e+00 9.3832280377e+00 5.5980809312e+00 0.0000000000e+00 7.6858284515e-04
2.3183329154e+00 4.1849680141e+00 2.7662980812e+00 9.3823280206e+00 5.6047788113e+00 0.0000000000e+00 7.6957623974e-04
2.3191031086e+00 4.1776159564e+00 2.7664557133e+00 9.3817750218e+00 5.6143115593e+00 0.0000000000e+00 7.7093059326e-04
2.3198747765e+00 4.1693983450e+00 2.7665768346e+00 9.3815903054e+00 5.6252662429e+00 0.0000000000e+00 7.7245004704e-04
2.3206480087e+00 4.1607412209e+00 2.7666551214e+00 9.3817740620e+00 5.6370809694e+00 0.0000000000e+00 7.7405725969e-04
2.3214228911e+00 4.1508888327e+00 2.7666673350e+00 9.3823499719e+00 5.6508077849e+00 0.0000000000e+00 7.7589453189e-04
2.3221997978e+00 4.1368157974e+00 2.7666486808e+00 9.3831934366e+00 5.6705410008e+00 0.0000000000e+00 7.7853404780e-04
2.3229799592e+00 4.1225091607e+00 2.7666062218e+00 9.3842601783e+00 5.6908667831e+00 0.0000000000e+00 7.8123584985e-04
2.3237622695e+00 4.1121170055e+00 2.7665283346e+00 9.3856079552e+00 5.7060681533e+00 0.0000000000e+00 7.8321019158e-04
2.3245463795e+00 4.1006720943e+00 2.7663975002e+00 9.3873648408e+00 5.7230647958e+00 0.0000000000e+00 7.8539611890e-04
2.3253330617e+00 4.0863791431e+00 2.7661988217e+00 9.3896407151e+00 5.7444747454e+00 0.0000000000e+00 7.8814320329e-04
2.3261226660e+00 4.0708226954e+00 2.7659264639e+00 9.3924683449e+00 5.7681634940e+00 0.0000000000e+00 7.9115505358e-04
2.3269153718e+00 4.0560848505e+00 2.7655921361e+00 9.3957523331e+00 5.7911463143e+00 0.0000000000e+00 7.9402972729e-04
2.3277107254e+00 4.0381243234e+00 2.7652210464e+00 9.3993053799e+00 5.8191035164e+00 0.0000000000e+00 7.9756136508e-04
2.3285104946e+00 4.0156520996e+00 2.7648384850e+00 9.4029422130e+00 5.8539323003e+00 0.0000000000e+00 8.0202464453e-04
2.3293147747e+00 3.9975636985e+00 2.7644555458e+00 9.4065832577e+00 5.8826975423e+00 0.0000000000e+00 8.0565369075e-04
2.3301218020e+00 3.9803663231e+00 2.7640618636e+00 9.4102995821e+00 5.9104481964e+00 0.0000000000e+00 8.0913455856e-04
2.3309330438e+00 3.9603112320e+00 2.7636325276e+00 9.4142645430e+00 5.9428817532e+00 0.0000000000e+00 8.1323203128e-04
2.3317482660e+00 3.9404427937e+00 2.7631465714e+00 9.4186264189e+00 5.9756142342e+00 0.0000000000e+00 8.1733249696e-04
2.3325677088e+00 3.9161879190e+00 2.7625958785e+00 9.4234376820e+00 6.0156955417e+00 0.0000000000e+00 8.2239463844e-04
2.3333930553e+00 3.8903004195e+00 2.7619783145e+00 9.4287069094e+00 6.0591123388e+00 0.0000000000e+00 8.2786715689e-04
2.3342234431e+00 3.8679754783e+00 2.7612860677e+00 9.4344881368e+00 6.0978205457e+00 0.0000000000e+00 8.3264538924e-04
2.3350583461e+00 3.8469102070e+00 2.7604991129e+00 9.4409221162e+00 6.1353928271e+00 0.0000000000e+00 8.3720486688e-04
2.3358978529e+00 3.8220472114e+00 2.7596021998e+00 9.4481067490e+00 6.1800039523e+00 0.0000000000e+00 8.4265101124e-04
2.3367436481e+00 3.7932401221e+00 2.7586002960e+00 9.4559877850e+00 6.2321310282e+00 0.0000000000e+00 8.4905037489e-04
2.3375959536e+00 3.7669867347e+00 2.7575341627e+00 9.4642433831e+00 6.2810437425e+00 0.0000000000e+00 8.5496769025e-04
2.3384535835e+00 3.7425950760e+00 2.7564810479e+00 9.4724103497e+00 6.3274346792e+00 0.0000000000e+00 8.6053978117e-04
2.3393170332e+00 3.7156785322e+00 2.7554411341e+00 9.4804060094e+00 6.3786505797e+00 0.0000000000e+00 8.6677357038e-04
2.3401871306e+00 3.6877791478e+00 2.7544001272e+00 9.4883435868e+00 6.4322883817e+00 0.0000000000e+00 8.7333102624e-04
2.3410636952e+00 3.6576546761e+00 2.7533464103e+00 9.4963163893e+00 6.4907141531e+00 0.0000000000e+00 8.8052378722e-04
2.3419481782e+00 3.6299233662e+00 2.7522573957e+00 9.5044681271e+00 6.5459151394e+00 0.0000000000e+00 8.8725067249e-04
2.3428381966e+00 3.6024054810e+00 2.7511081593e+00 9.5129724763e+00 6.6018196220e+00 0.0000000000e+00 8.9402816110e-04
2.3437362345e+00 3.5718877100e+00 2.7498729124e+00 9.5219949822e+00 6.6645397022e+00 0.0000000000e+00 9.0166662817e-04
2.3446415298e+00 3.5423455573e+00 2.7485322734e+00 9.5316590537e+00 6.7269404548e+00 0.0000000000e+00 9.0918627097e-04
2.3455546071e+00 3.5110560006e+00 2.7470811584e+00 9.5419851956e+00 6.7942416712e+00 0.0000000000e+00 9.1728868670e-04
2.3464761072e+00 3.4810465941e+00 2.7455248378e+00 9.5529296328e+00 6.8606734890e+00 0.0000000000e+00 9.2519644902e-04
2.3474050000e+00 3.4547852538e+00 2.7438910630e+00 9.5642895571e+00 6.9210449091e+00 0.0000000000e+00 9.3222927363e-04
2.3483405657e+00 3.4270101447e+00 2.7422381095e+00 9.5757129651e+00 6.9854717091e+00 0.0000000000e+00 9.3978477207e-04
2.3492845695e+00 3.3970862929e+00 2.7405929488e+00 9.5869714137e+00 7.0552898771e+00 0.0000000000e+00 9.4806303697e-04
2.3502366918e+00 3.3680360617e+00 2.7389398040e+00 9.5981430497e+00 7.1244360763e+00 0.0000000000e+00 9.5624033968e-04
2.3511970502e+00 3.3385797949e+00 2.7372594221e+00 9.6093949107e+00 7.1957205616e+00 0.0000000000e+00 9.6467724169e-04
2.3521660463e+00 3.3104160137e+00 2.7355102593e+00 9.6209818061e+00 7.2656893925e+00 0.0000000000e+00 9.7288435485e-04
2.3531428189e+00 3.2864735895e+00 2.7336542480e+00 9.6331636748e+00 7.3278876374e+00 0.0000000000e+00 9.7997195475e-04
2.3541259902e+00 3.2626538617e+00 2.7316793522e+00 9.6460187467e+00 7.3912366709e+00 0.0000000000e+00 9.8712645726e-04
2.3551170718e+00 3.2364818903e+00 2.7296062802e+00 9.6593503105e+00 7.4613041552e+00 0.0000000000e+00 9.9510890433e-04
2.3561162080e+00 3.2147813238e+00 2.7275258291e+00 9.6726764451e+00 7.5220329713e+00 0.0000000000e+00 1.0018261348e-03
2.3571207241e+00 3.1928692420e+00 2.7254574762e+00 9.6857772093e+00 7.5839131477e+00 0.0000000000e+00 1.0087014856e-03
2.3581336110e+00 3.1708894930e+00 2.7233747616e+00 9.6987941306e+00 7.6467456152e+00 0.0000000000e+00 1.0156935317e-03
2.3591521111e+00 3.1554244268e+00 2.7212571572e+00 9.7119425347e+00 7.6946404200e+00 0.0000000000e+00 1.0206715523e-03
2.3601749541e+00 3.1378646895e+00 2.7190694885e+00 9.7254310026e+00 7.7484467663e+00 0.0000000000e+00 1.0263833104e-03
2.3612048778e+00 3.1226957113e+00 2.7167857047e+00 9.7394095590e+00 7.7972771440e+00 0.0000000000e+00 1.0313691264e-03
2.3622376923e+00 3.1120598475e+00 2.7144563182e+00 9.7535816613e+00 7.8353101637e+00 0.0000000000e+00 1.0348939627e-03
2.3632746657e+00 3.1014267253e+00 2.7121540032e+00 9.7675708066e+00 7.8734496022e+00 0.0000000000e+00 1.0384420568e-03
2.3643145765e+00 3.0938758212e+00 2.7098467693e+00 9.7813279602e+00 7.9037819595e+00 0.0000000000e+00 1.0409764754e-03
2.3653566186e+00 3.0878979724e+00 2.7075312992e+00 9.7951227480e+00 7.9302512871e+00 0.0000000000e+00 1.0429916974e-03
2.3664005599e+00 3.0859224365e+00 2.7051709025e+00 9.8091855220e+00 7.9467207325e+00 0.0000000000e+00 1.0436593965e-03
2.3674439374e+00 3.0873089347e+00 2.7027250833e+00 9.8237169940e+00 7.9549189939e+00 0.0000000000e+00 1.0431906932e-03
2.3684869412e+00 3.0911912104e+00 2.7001712478e+00 9.8388029527e+00 7.9571290508e+00 0.0000000000e+00 1.0418805336e-03
2.3695276985e+00 3.0964202323e+00 2.6975979806e+00 9.8540223515e+00 7.9559794960e+00 0.0000000000e+00 1.0401210773e-03
2.3705671834e+00 3.1020672816e+00 2.6950857382e+00 9.8688434177e+00 7.9534408200e+00 0.0000000000e+00 1.0382276254e-03
2.3716041537e+00 3.1134786355e+00 2.6926324461e+00 9.8833931305e+00 7.9359731411e+00 0.0000000000e+00 1.0344223696e-03
2.3726360281e+00 3.1290677344e+00 2.6901817331e+00 9.8976511520e+00 7.9078275001e+00 0.0000000000e+00 1.0292688497e-03
2.3736626914e+00 3.1440617377e+00 2.6877392217e+00 9.9119262417e+00 7.8814659734e+00 0.0000000000e+00 1.0243602755e-03
2.3746847487e+00 3.1595862860e+00 2.6852858309e+00 9.9263386388e+00 7.8541442931e+00 0.0000000000e+00 1.0193271068e-03
2.3757013457e+00 3.1818340714e+00 2.6828022083e+00 9.9409977411e+00 7.8107449336e+00 0.0000000000e+00 1.0121998431e-03
2.3767091484e+00 3.2052853371e+00 2.6802823049e+00 9.9557917818e+00 7.7651369027e+00 0.0000000000e+00 1.0047941475e-03
2.3777109339e+00 3.2282278133e+00 2.6777494569e+00 9.9704108546e+00 7.7212726542e+00 0.0000000000e+00 9.9765324319e-04
2.3787044549e+00 3.2565287024e+00 2.6752572698e+00 9.9854030579e+00 7.6656802155e+00 0.0000000000e+00 9.8898312961e-04
2.3796889002e+00 3.2837339845e+00 2.6726832736e+00 1.0000512643e+01 7.6136744711e+00 0.0000000000e+00 9.8078954110e-04
2.3806660339e+00 3.3130317022e+00 2.6700432908e+00 1.0015340038e+01 7.5575341091e+00 0.0000000000e+00 9.7211624795e-04
2.3816331327e+00 3.3441809501e+00 2.6676865074e+00 1.0030983437e+01 7.4988342339e+00 0.0000000000e+00 9.6306150768e-04
2.3825921570e+00 3.3747872367e+00 2.6648654316e+00 1.0045746975e+01 7.4417631918e+00 0.0000000000e+00 9.5432740549e-04
2.3835417875e+00 3.4099921683e+00 2.6618324913e+00 1.0060357333e+01 7.3756454828e+00 0.0000000000e+00 9.4447488110e-04
2.3844811067e+00 3.4440740570e+00 2.6605228351e+00 1.0076531833e+01 7.3143983449e+00 0.0000000000e+00 9.3512854092e-04
2.3854120446e+00 3.4760673322e+00 2.6572706566e+00 1.0081265763e+01 7.2504822259e+00 0.0000000000e+00 9.2652173850e-04
2.3863341502e+00 3.5159623720e+00 2.6536735705e+00 1.0102837751e+01 7.1835508189e+00 0.0000000000e+00 9.1600865054e-04
2.3872440619e+00 3.5580905934e+00 2.6586279676e+00 1.0147708026e+01 7.1300236456e+00 0.0000000000e+00 9.0516299774e-04
2.3881444762e+00 3.5477023083e+00 2.6475527422e+00 1.0017800870e+01 7.0593584238e+00 0.0000000000e+00 9.0781347132e-04
2.3890596888e+00 3.5966029048e+00 2.6146776888e+00 9.9097408013e+00 6.8882644704e+00 0.0000000000e+00 8.9547054067e-04
2.3899354173e+00 3.9806183791e+00 2.7090329134e+00 1.1207030529e+01 7.0384984579e+00 0.0000000000e+00 8.0908332348e-04
2.3906778555e+00 3.1973304166e+00 2.7576745444e+00 9.8522623383e+00 7.7035065621e+00 0.0000000000e+00 1.0072940635e-03
2.3919500054e+00 1.6302760836e+00 1.4096509479e+00 3.4153930350e+00 5.2374457759e+00 0.0000000000e+00 1.9755254832e-03
2.3946289065e+00 1.0958694654e+00 1.7992330102e-01 1.1935416286e+00 2.7228188810e+00 0.0000000000e+00 2.9389010729e-03
2.3978278075e+00 1.0031435784e+00 1.2836011848e-02 1.0141246748e+00 2.5273667115e+00 0.0000000000e+00 3.2105593028e-03
2.4010500251e+00 1.0039468411e+00 8.4684992097e-04 1.0009459527e+00 2.4925272726e+00 0.0000000000e+00 3.2079905188e-03
2.4042437886e+00 1.0133480876e+00 1.1184873857e-04 1.0000811563e+00 2.4672695607e+00 0.0000000000e+00 3.1782286731e-03
2.4074064824e+00 1.0232060767e+00 7.1122678173e-05 1.0000318014e+00 2.4433782797e+00 0.0000000000e+00 3.1476083080e-03
2.4105390052e+00 1.0329494442e+00 7.2143345178e-05 1.0000323667e+00 2.4203323123e+00 0.0000000000e+00 3.1179182736e-03
2.4136423190e+00 1.0425258608e+00 7.5983481607e-05 1.0000358786e+00 2.3981080860e+00 0.0000000000e+00 3.0892777522e-03
2.4167175607e+00 1.0519155247e+00 7.9368888332e-05 1.0000389981e+00 2.3767093807e+00 0.0000000000e+00 3.0617020779e-03
2.4197657231e+00 1.0611033155e+00 8.2094780754e-05 1.0000414543e+00 2.3561359194e+00 0.0000000000e+00 3.0351916733e-03
2.4227879440e+00 1.0700736924e+00 8.4272695266e-05 1.0000432958e+00 2.3363888461e+00 0.0000000000e+00 3.0097478058e-03
2.4257852187e+00 1.0788143812e+00 8.5893765011e-05 1.0000445272e+00 2.3174619856e+00 0.0000000000e+00 2.9853624532e-03
2.4287586690e+00 1.0873119963e+00 8.7043378540e-05 1.0000452642e+00 2.2993521354e+00 0.0000000000e+00 2.9620310994e-03
2.4317092809e+00 1.0955566936e+00 8.7831664699e-05 1.0000456485e+00 2.2820490586e+00 0.0000000000e+00 2.9397401034e-03
2.4346381492e+00 1.1035370285e+00 8.8301846179e-05 1.0000457607e+00 2.2655464540e+00 0.0000000000e+00 2.9184810882e-03
2.4375462431e+00 1.1112445204e+00 8.8534791192e-05 1.0000456390e+00 2.2498325540e+00 0.0000000000e+00 2.8982387662e-03
2.4404346267e+00 1.1186691286e+00 8.8506845878e-05 1.0000453506e+00 2.2348997686e+00 0.0000000000e+00 2.8790031524e-03
2.4433042494e+00 1.1258043986e+00 8.8261481804e-05 1.0000449221e+00 2.2207341777e+00 0.0000000000e+00 2.8607562306e-03
2.4461561392e+00 1.1326416627e+00 8.7747900055e-05 1.0000442795e+00 2.2073271548e+00 0.0000000000e+00 2.8434870919e-03
2.4489912236e+00 1.1391748774e+00 8.6866153999e-05 1.0000433853e+00 2.1946660804e+00 0.0000000000e+00 2.8271795766e-03
2.4518104983e+00 1.1453972502e+00 8.5628019305e-05 1.0000420648e+00 2.1827406706e+00 0.0000000000e+00 2.8118209181e-03
2.4546148654e+00 1.1513039977e+00 8.3869682711e-05 1.0000404132e+00 2.1715385665e+00 0.0000000000e+00 2.7973949140e-03
2.4574052881e+00 1.1568895493e+00 8.1695619205e-05 1.0000382445e+00 2.1610495253e+00 0.0000000000e+00 2.7838888767e-03
2.4601826432e+00 1.1621493191e+00 7.8974406582e-05 1.0000357130e+00 2.1512633888e+00 0.0000000000e+00 2.7712892782e-03
2.4629478667e+00 1.1670785066e+00 7.5813054905e-05 1.0000326842e+00 2.1421709820e+00 0.0000000000e+00 2.7595846633e-03
2.4657018125e+00 1.1716737763e+00 7.2118514759e-05 1.0000292795e+00 2.1337621865e+00 0.0000000000e+00 2.7487616545e-03
2.4684453900e+00 1.1759327266e+00 6.7950393238e-05 1.0000254333e+00 2.1260260275e+00 0.0000000000e+00 2.7388062896e-03
2.4711794251e+00 1.1798510395e+00 6.3263636045e-05 1.0000212201e+00 2.1189565179e+00 0.0000000000e+00 2.7297106497e-03
2.4739048113e+00 1.1834271121e+00 5.8051841435e-05 1.0000167302e+00 2.1125439836e+00 0.0000000000e+00 2.7214620274e-03
2.4766223491e+00 1.1866577086e+00 5.2350307135e-05 1.0000119185e+00 2.1067825863e+00 0.0000000000e+00 2.7140530285e-03
2.4793329174e+00 1.1895409129e+00 4.6187174248e-05 1.0000070625e+00 2.1016659697e+00 0.0000000000e+00 2.7074747180e-03
2.4820372986e+00 1.1920759023e+00 3.9854568341e-05 1.0000023430e+00 2.0971868090e+00 0.0000000000e+00 2.7017171823e-03
2.4847363517e+00 1.1942594480e+00 3.3685441476e-05 9.9999826183e-01 2.0933438364e+00 0.0000000000e+00 2.6967774491e-03
2.4874308535e+00 1.1960928755e+00 2.7540309919e-05 9.9999469558e-01 2.0901276064e+00 0.0000000000e+00 2.6926437016e-03
2.4901216391e+00 1.1975725856e+00 2.1601501495e-05 9.9999193207e-01 2.0875392942e+00 0.0000000000e+00 2.6893166948e-03
2.4928094869e+00 1.1986998939e+00 1.5653910480e-05 9.9998974328e-01 2.0855715188e+00 0.0000000000e+00 2.6867875473e-03
2.4954952142e+00 1.1994723578e+00 9.8432257781e-06 9.9998832847e-01 2.0842254554e+00 0.0000000000e+00 2.6850572477e-03
2.4981796014e+00 1.1998903949e+00 3.9159526288e-06 9.9998745089e-01 2.0834974909e+00 0.0000000000e+00 2.6841217842e-03
2.5008634578e+00 1.1999534612e+00 -1.8336791827e-06 9.9998732387e-01 2.0833877234e+00 0.0000000000e+00 2.6839807142e-03
2.5035475628e+00 1.1996620960e+00 -7.7488807071e-06 9.9998798906e-01 2.0838951075e+00 0.0000000000e+00 2.6846325797e-03
2.5062327229e+00 1.1990161128e+00 -1.3566717595e-05 9.9998918388e-01 2.0850203204e+00 0.0000000000e+00 2.6860789553e-03
2.5089197207e+00 1.1980150331e+00 -1.9487359618e-05 9.9999111337e-01 2.0867666217e+00 0.0000000000e+00 2.6883234840e-03
2.5116093699e+00 1.1966610600e+00 -2.5402034013e-05 9.9999363798e-01 2.0891329871e+00 0.0000000000e+00 2.6913652121e-03
2.5143024511e+00 1.1949534542e+00 -3.1502217922e-05 9.9999695602e-01 2.0921253304e+00 0.0000000000e+00 2.6952112122e-03
2.5169997923e+00 1.1928948135e+00 -3.7637342003e-05 1.0000008226e+00 2.0957439234e+00 0.0000000000e+00 2.6998624785e-03
2.5197021761e+00 1.1904847111e+00 -4.3937191519e-05 1.0000053498e+00 2.0999962041e+00 0.0000000000e+00 2.7053282732e-03
2.5224104489e+00 1.1877257348e+00 -5.0185971040e-05 1.0000101684e+00 2.1048844424e+00 0.0000000000e+00 2.7116124990e-03
2.5251254011e+00 1.1846186705e+00 -5.6069022494e-05 1.0000150255e+00 2.1104154662e+00 0.0000000000e+00 2.7187246225e-03
2.5278478981e+00 1.1811654282e+00 -6.1447850057e-05 1.0000196073e+00 2.1165951513e+00 0.0000000000e+00 2.7266730559e-03
2.5305787472e+00 1.1773690174e+00 -6.6312062547e-05 1.0000239385e+00 2.1234292811e+00 0.0000000000e+00 2.7354651770e-03
2.5333188285e+00 1.1732309927e+00 -7.0668591608e-05 1.0000279130e+00 2.1309271559e+00 0.0000000000e+00 2.7451132537e-03
2.5360689737e+00 1.1687554161e+00 -7.4537009907e-05 1.0000314805e+00 2.1390948583e+00 0.0000000000e+00 2.7556252604e-03
2.5388300790e+00 1.1639448510e+00 -7.7883688071e-05 1.0000346662e+00 2.1479425451e+00 0.0000000000e+00 2.7670142147e-03
2.5416030021e+00 1.1588025260e+00 -8.0777585224e-05 1.0000373759e+00 2.1574801431e+00 0.0000000000e+00 2.7792931716e-03
2.5443886654e+00 1.1533325874e+00 -8.3137496710e-05 1.0000397068e+00 2.1677175295e+00 0.0000000000e+00 2.7924745932e-03
2.5471879513e+00 1.1475397888e+00 -8.5070877568e-05 1.0000415244e+00 2.1786641608e+00 0.0000000000e+00 2.8065710480e-03
2.5500018074e+00 1.1414294246e+00 -8.6470583895e-05 1.0000429986e+00 2.1903303372e+00 0.0000000000e+00 2.8215953421e-03
2.5528311420e+00 1.1350062728e+00 -8.7504657677e-05 1.0000440067e+00 2.2027279289e+00 0.0000000000e+00 2.8375631261e-03
2.5556769337e+00 1.1282768051e+00 -8.8121364161e-05 1.0000447600e+00 2.2158674970e+00 0.0000000000e+00 2.8544874211e-03
2.5585401168e+00 1.1212467786e+00 -8.8472442087e-05 1.0000452362e+00 2.2297616707e+00 0.0000000000e+00 2.8723845715e-03
2.5614217028e+00 1.1139246497e+00 -8.8578761027e-05 1.0000455684e+00 2.2444192449e+00 0.0000000000e+00 2.8912655346e-03
2.5643226479e+00 1.1063168724e+00 -8.8424937902e-05 1.0000457718e+00 2.2598538373e+00 0.0000000000e+00 2.9111478166e-03
2.5672439985e+00 1.0984329484e+00 -8.8056080793e-05 1.0000457362e+00 2.2760736958e+00 0.0000000000e+00 2.9320423723e-03
2.5701867326e+00 1.0902811722e+00 -8.7383321464e-05 1.0000454489e+00 2.2930907054e+00 0.0000000000e+00 2.9539645642e-03
2.5731519276e+00 1.0818726726e+00 -8.6369072622e-05 1.0000448478e+00 2.3109116099e+00 0.0000000000e+00 2.9769232825e-03
2.5761405792e+00 1.0732171626e+00 -8.4921159788e-05 1.0000438063e+00 2.3295467151e+00 0.0000000000e+00 3.0009322066e-03
2.5791537920e+00 1.0643273479e+00 -8.2939138035e-05 1.0000421828e+00 2.3490004854e+00 0.0000000000e+00 3.0259975505e-03
2.5821925743e+00 1.0552153266e+00 -8.0404247614e-05 1.0000399413e+00 2.3692793215e+00 0.0000000000e+00 3.0521277188e-03
2.5852580475e+00 1.0458960598e+00 -7.7369116149e-05 1.0000371363e+00 2.3903836497e+00 0.0000000000e+00 3.0793231483e-03
2.5883512206e+00 1.0363842043e+00 -7.3867198943e-05 1.0000338011e+00 2.4123143641e+00 0.0000000000e+00 3.1075849423e-03
2.5914732173e+00 1.0266967686e+00 -6.9868757916e-05 1.0000298935e+00 2.4350663315e+00 0.0000000000e+00 3.1369066761e-03
2.5946250340e+00 1.0168512780e+00 -6.5331444661e-05 1.0000253584e+00 2.4586322997e+00 0.0000000000e+00 3.1672792447e-03
2.5978077758e+00 1.0068673510e+00 -6.0266679023e-05 1.0000202093e+00 2.4829988982e+00 0.0000000000e+00 3.1986854519e-03
2.6010224049e+00 9.9676585087e-01 -5.4733846548e-05 1.0000145423e+00 2.5081480808e+00 0.0000000000e+00 3.2311018129e-03
2.6042699795e+00 9.8656954629e-01 -4.8964479847e-05 1.0000086492e+00 2.5340551332e+00 0.0000000000e+00 3.2644956048e-03
2.6075513961e+00 9.7630292276e-01 -4.3460872963e-05 1.0000030237e+00 2.5606883899e+00 0.0000000000e+00 3.2988244454e-03
2.6108676283e+00 9.6599206566e-01 -3.8332786284e-05 9.9999787724e-01 2.5880074816e+00 0.0000000000e+00 3.3340356119e-03
2.6142194673e+00 9.5566474742e-01 -3.3640106052e-05 9.9999314450e-01 2.6159622064e+00 0.0000000000e+00 3.3700646136e-03
2.6176077576e+00 9.4535086832e-01 -2.9256082703e-05 9.9998892845e-01 2.6444914845e+00 0.0000000000e+00 3.4068323790e-03
2.6210331321e+00 9.3508222517e-01 -2.5346985438e-05 9.9998500368e-01 2.6735215812e+00 0.0000000000e+00 3.4442446461e-03
2.6244962469e+00 9.2489197314e-01 -2.1654702460e-05 9.9998163339e-01 2.7029687316e+00 0.0000000000e+00 3.4821925601e-03
2.6279975172e+00 9.1481591769e-01 -1.8474614084e-05 9.9997843906e-01 2.7327313062e+00 0.0000000000e+00 3.5205464678e-03
2.6315373398e+00 9.0489137767e-01 -1.5449234765e-05 9.9997578330e-01 2.7626956339e+00 0.0000000000e+00 3.5591586208e-03
2.6351158344e+00 8.9515799792e-01 -1.2889649793e-05 9.9997327249e-01 2.7927284200e+00 0.0000000000e+00 3.5978586520e-03
2.6387330571e+00 8.8565586294e-01 -1.0508929971e-05 9.9997119106e-01 2.8226855173e+00 0.0000000000e+00 3.6364598062e-03
2.6423887540e+00 8.7642806824e-01 -8.4961532239e-06 9.9996929001e-01 2.8523997754e+00 0.0000000000e+00 3.6747476084e-03
2.6460825523e+00 8.6751861024e-01 -6.6876862738e-06 9.9996771351e-01 2.8816895157e+00 0.0000000000e+00 3.7124874437e-03
2.6498137289e+00 8.5897202100e-01 -5.2020806321e-06 9.9996628940e-01 2.9103575697e+00 0.0000000000e+00 3.7494259056e-03
2.6535814041e+00 8.5083303575e-01 -3.8621286931e-06 9.9996516878e-01 2.9381944716e+00 0.0000000000e+00 3.7852925455e-03
2.6573843140e+00 8.4314716605e-01 -2.8374937631e-06 9.9996412016e-01 2.9649750376e+00 0.0000000000e+00 3.8197981057e-03
2.6612210003e+00 8.3596094840e-01 -1.9228351862e-06 9.9996332292e-01 2.9904606335e+00 0.0000000000e+00 3.8526344489e-03
2.6650895829e+00 8.2931816937e-01 -1.2418773349e-06 9.9996260097e-01 3.0144118322e+00 0.0000000000e+00 3.8834937744e-03
2.6689879879e+00 8.2326172262e-01 -6.7826136994e-07 9.9996204283e-01 3.0365861043e+00 0.0000000000e+00 3.9120632713e-03
2.6729137095e+00 8.1783228975e-01 -3.0552897299e-07 9.9996153553e-01 3.0567438705e+00 0.0000000000e+00 3.9380347145e-03
2.6768640573e+00 8.1306694695e-01 -1.1849920830e-08 9.9996116822e-01 3.0746581569e+00 0.0000000000e+00 3.9611153298e-03
2.6808359401e+00 8.0900157470e-01 1.3360052440e-07 9.9996083858e-01 3.0901078250e+00 0.0000000000e+00 3.9810206166e-03
2.6848260986e+00 8.0566450658e-01 2.1406171019e-07 9.9996060550e-01 3.1029063504e+00 0.0000000000e+00 3.9975100323e-03
2.6888309602e+00 8.0308300525e-01 2.0387758865e-07 9.9996040472e-01 3.1128799831e+00 0.0000000000e+00 4.0103599836e-03
2.6928468185e+00 8.0127528654e-01 1.6884533689e-07 9.9996028002e-01 3.1199024131e+00 0.0000000000e+00 4.0194075642e-03
2.6968697753e+00 8.0025704149e-01 8.9424118273e-08 9.9996021442e-01 3.1238719642e+00 0.0000000000e+00 4.0245218483e-03
2.7008958622e+00 8.0003526599e-01 -1.2476358477e-08 9.9996019789e-01 3.1247378722e+00 0.0000000000e+00 4.0256374745e-03
2.7049210503e+00 8.0061199058e-01 -1.1898864674e-07 9.9996023714e-01 3.1224870752e+00 0.0000000000e+00 4.0227375878e-03
2.7089413374e+00 8.0198316335e-01 -1.9062467391e-07 9.9996033036e-01 3.1171487634e+00 0.0000000000e+00 4.0158598022e-03
2.7129527699e+00 8.0413704497e-01 -2.2230403791e-07 9.9996048848e-01 3.1087999699e+00 0.0000000000e+00 4.0051033190e-03
2.7169515440e+00 8.0705780204e-01 -1.8065321411e-07 9.9996068702e-01 3.0975497805e+00 0.0000000000e+00 3.9906087762e-03
2.7209339874e+00 8.1072214957e-01 -8.9497638403e-08 9.9996097938e-01 3.0835502025e+00 0.0000000000e+00 3.9725717984e-03
2.7248966876e+00 8.1510330504e-01 1.2455077881e-07 9.9996132285e-01 3.0669772674e+00 0.0000000000e+00 3.9512193458e-03
2.7288364261e+00 8.2016837343e-01 4.4450103432e-07 9.9996175983e-01 3.0480380377e+00 0.0000000000e+00 3.9268180194e-03
2.7327503237e+00 8.2588177295e-01 9.1971396056e-07 9.9996226493e-01 3.0269534263e+00 0.0000000000e+00 3.8996525329e-03
2.7366357312e+00 8.3220431999e-01 1.5050691236e-06 9.9996292076e-01 3.0039585734e+00 0.0000000000e+00 3.8700255098e-03
2.7404903747e+00 8.3909419528e-01 2.3077077321e-06 9.9996365021e-01 2.9792949821e+00 0.0000000000e+00 3.8382483943e-03
2.7443122280e+00 8.4650845596e-01 3.2565564521e-06 9.9996457138e-01 2.9532031379e+00 0.0000000000e+00 3.8046305681e-03
2.7480996358e+00 8.5440163738e-01 4.4591103303e-06 9.9996560982e-01 2.9259237286e+00 0.0000000000e+00 3.7694824153e-03
2.7518511928e+00 8.6272748955e-01 5.8509923269e-06 9.9996687894e-01 2.8976904383e+00 0.0000000000e+00 3.7331045860e-03
2.7555658450e+00 8.7144109598e-01 7.5444618579e-06 9.9996829811e-01 2.8687202805e+00 0.0000000000e+00 3.6957769866e-03
2.7592427468e+00 8.8049762355e-01 9.4657717959e-06 9.9996999023e-01 2.8392183110e+00 0.0000000000e+00 3.6577633620e-03
2.7628813717e+00 8.8985294609e-01 1.1722731970e-05 9.9997187542e-01 2.8093739528e+00 0.0000000000e+00 3.6193080687e-03
2.7664813629e+00 8.9946297814e-01 1.4203734410e-05 9.9997411675e-01 2.7793643014e+00 0.0000000000e+00 3.5806386989e-03
2.7700426491e+00 9.0928639968e-01 1.7030411217e-05 9.9997661621e-01 2.7493444765e+00 0.0000000000e+00 3.5419554816e-03
2.7735652739e+00 9.1928308455e-01 2.0018845222e-05 9.9997962187e-01 2.7194550805e+00 0.0000000000e+00 3.5034387142e-03
2.7770495265e+00 9.2941469344e-01 2.3315077537e-05 9.9998301245e-01 2.6898192473e+00 0.0000000000e+00 3.4652475052e-03
2.7804957689e+00 9.3964426151e-01 2.6729426982e-05 9.9998705013e-01 2.6605468981e+00 0.0000000000e+00 3.4275226058e-03
2.7839045718e+00 9.4993749414e-01 3.0389605472e-05 9.9999162792e-01 2.6317300720e+00 0.0000000000e+00 3.3903830174e-03
2.7872765349e+00 9.6026176976e-01 3.4151129181e-05 9.9999695153e-01 2.6034488278e+00 0.0000000000e+00 3.3539312395e-03
2.7906124342e+00 9.7058622055e-01 3.8069479033e-05 1.0000030632e+00 2.5757708125e+00 0.0000000000e+00 3.3182543493e-03
2.7939130436e+00 9.8088200569e-01 4.2024733865e-05 1.0000102457e+00 2.5487526530e+00 0.0000000000e+00 3.2834244375e-03
2.7971792831e+00 9.9112210447e-01 4.5819362911e-05 1.0000183305e+00 2.5224397831e+00 0.0000000000e+00 3.2495006752e-03
2.8004120450e+00 1.0012813484e+00 4.8897958376e-05 1.0000271644e+00 2.4968685523e+00 0.0000000000e+00 3.2165304515e-03
2.8036123440e+00 1.0113359495e+00 5.0938380819e-05 1.0000364836e+00 2.4720679712e+00 0.0000000000e+00 3.1845520267e-03
2.8067811490e+00 1.0212641229e+00 5.1667983236e-05 1.0000460495e+00 2.4480592899e+00 0.0000000000e+00 3.1535935468e-03
2.8099195311e+00 1.0310462591e+00 5.1035926352e-05 1.0000560056e+00 2.4248572672e+00 0.0000000000e+00 3.1236735689e-03
2.8130284961e+00 1.0406639667e+00 4.7998684963e-05 1.0000679230e+00 2.4024756188e+00 0.0000000000e+00 3.0948049041e-03
2.8161091409e+00 1.0500997836e+00 4.2932460480e-05 1.0000812091e+00 2.3809194724e+00 0.0000000000e+00 3.0669961065e-03
2.8191624884e+00 1.0593386471e+00 3.5253168810e-05 1.0000965454e+00 2.3601908326e+00 0.0000000000e+00 3.0402477588e-03
2.8221896364e+00 1.0683662488e+00 2.4178010619e-05 1.0001149319e+00 2.3402904506e+00 0.0000000000e+00 3.0145579303e-03
2.8251916042e+00 1.0771697511e+00 9.4106712798e-06 1.0001368264e+00 2.3212145193e+00 0.0000000000e+00 2.9899205251e-03
2.8281694775e+00 1.0857371930e+00 -9.9580378318e-06 1.0001634819e+00 2.3029594279e+00 0.0000000000e+00 2.9663273660e-03
2.8311242589e+00 1.0940584770e+00 -3.4456835756e-05 1.0001957299e+00 2.2855170700e+00 0.0000000000e+00 2.9437658183e-03
2.8340570091e+00 1.1021238156e+00 -6.5079000705e-05 1.0002350049e+00 2.2688807526e+00 0.0000000000e+00 2.9222233492e-03
2.8369687056e+00 1.1099253360e+00 -1.0301460039e-04 1.0002829845e+00 2.2530411552e+00 0.0000000000e+00 2.9016834225e-03
2.8398603760e+00 1.1174550912e+00 -1.4982116293e-04 1.0003417668e+00 2.2379909821e+00 0.0000000000e+00 2.8821309896e-03
2.8427329676e+00 1.1247074937e+00 -2.0686228679e-04 1.0004131470e+00 2.2237185061e+00 0.0000000000e+00 2.8635462694e-03
2.8455874685e+00 1.1316757346e+00 -2.7538113538e-04 1.0004987073e+00 2.2102150747e+00 0.0000000000e+00 2.8459141159e-03
2.8484247959e+00 1.1383551979e+00 -3.5702055861e-04 1.0006004959e+00 2.1974698620e+00 0.0000000000e+00 2.8292153044e-03
2.8512458991e+00 1.1447419682e+00 -4.5409644018e-04 1.0007214154e+00 2.1854737644e+00 0.0000000000e+00 2.8134304822e-03
2.8540516568e+00 1.1508333748e+00 -5.6887875140e-04 1.0008643504e+00 2.1742164686e+00 0.0000000000e+00 2.7985388835e-03
2.8568429769e+00 1.1566257131e+00 -7.0275551378e-04 1.0010311120e+00 2.1636885222e+00 0.0000000000e+00 2.7845239053e-03
2.8596207046e+00 1.1621163641e+00 -8.5751038052e-04 1.0012240508e+00 2.1538808026e+00 0.0000000000e+00 2.7713678657e-03
2.8623857126e+00 1.1673033875e+00 -1.0357257976e-03 1.0014465653e+00 2.1447863856e+00 0.0000000000e+00 2.7590530297e-03
2.8651388107e+00 1.1721852540e+00 -1.2390134026e-03 1.0017008259e+00 2.1363961510e+00 0.0000000000e+00 2.7475622447e-03
2.8678808371e+00 1.1767603528e+00 -1.4678294011e-03 1.0019877527e+00 2.1286996761e+00 0.0000000000e+00 2.7368800623e-03
2.8706125708e+00 1.1810203978e+00 -1.7235935400e-03 1.0023048137e+00 2.1216924271e+00 0.0000000000e+00 2.7270078939e-03
2.8733348529e+00 1.1849408044e+00 -1.9788384144e-03 1.0026228857e+00 2.1153438256e+00 0.0000000000e+00 2.7179855194e-03
2.8760485419e+00 1.1884948702e+00 -2.2100207059e-03 1.0029119583e+00 2.1096261825e+00 0.0000000000e+00 2.7098576768e-03
2.8787545682e+00 1.1916728830e+00 -2.4137960837e-03 1.0031654804e+00 2.1045319876e+00 0.0000000000e+00 2.7026308928e-03
2.8814538036e+00 1.1944736530e+00 -2.5900277842e-03 1.0033847294e+00 2.1000562191e+00 0.0000000000e+00 2.6962938360e-03
2.8841471559e+00 1.1968948297e+00 -2.7414337948e-03 1.0035705884e+00 2.0961962643e+00 0.0000000000e+00 2.6908395522e-03
2.8868354827e+00 1.1989407367e+00 -2.8684862621e-03 1.0037282658e+00 2.0929480397e+00 0.0000000000e+00 2.6862478261e-03
2.8895196516e+00 1.2006084604e+00 -2.9760457108e-03 1.0038578457e+00 2.0903106191e+00 0.0000000000e+00 2.6825164522e-03
2.8922005157e+00 1.2019046512e+00 -3.0633660191e-03 1.0039668004e+00 2.0882829585e+00 0.0000000000e+00 2.6796234996e-03
2.8948788986e+00 1.2028250525e+00 -3.1370975467e-03 1.0040528135e+00 2.0868637783e+00 0.0000000000e+00 2.6775730528e-03
2.8975556618e+00 1.2033786643e+00 -3.1945086548e-03 1.0041253854e+00 2.0860544881e+00 0.0000000000e+00 2.6763412410e-03
2.9002315810e+00 1.2035593737e+00 -3.2436672708e-03 1.0041794809e+00 2.0858536415e+00 0.0000000000e+00 2.6759393995e-03
2.9029075406e+00 1.2033773076e+00 -3.2797856366e-03 1.0042262243e+00 2.0862663313e+00 0.0000000000e+00 2.6763442582e-03
2.9055842696e+00 1.2028263150e+00 -3.3118129437e-03 1.0042582892e+00 2.0872886565e+00 0.0000000000e+00 2.6775702423e-03
2.9082626810e+00 1.2019166264e+00 -3.3335693638e-03 1.0042874532e+00 2.0889291137e+00 0.0000000000e+00 2.6795968016e-03
2.9109434632e+00 1.2006417154e+00 -3.3539644752e-03 1.0043053206e+00 2.0911844635e+00 0.0000000000e+00 2.6824421528e-03
2.9136275653e+00 1.1990117684e+00 -3.3666703947e-03 1.0043227888e+00 2.0940636599e+00 0.0000000000e+00 2.6860886879e-03
2.9163156405e+00 1.1970212041e+00 -3.3791725530e-03 1.0043323248e+00 2.0975658605e+00 0.0000000000e+00 2.6905554693e-03
2.9190086763e+00 1.1946784008e+00 -3.3866704904e-03 1.0043420442e+00 2.1016995945e+00 0.0000000000e+00 2.6958317364e-03
2.9217073040e+00 1.1919801408e+00 -3.3938065539e-03 1.0043469086e+00 2.1064673693e+00 0.0000000000e+00 2.7019342332e-03
2.9244125448e+00 1.1889322289e+00 -3.3979776135e-03 1.0043512819e+00 2.1118766434e+00 0.0000000000e+00 2.7088608327e-03
2.9271250257e+00 1.1855347042e+00 -3.4013325725e-03 1.0043530787e+00 2.1179326829e+00 0.0000000000e+00 2.7166239303e-03
2.9298457926e+00 1.1817917006e+00 -3.4032348851e-03 1.0043539365e+00 2.1246424729e+00 0.0000000000e+00 2.7252280974e-03
2.9325754819e+00 1.1777050688e+00 -3.4043949870e-03 1.0043536284e+00 2.1320143196e+00 0.0000000000e+00 2.7346846277e-03
2.9353151619e+00 1.1732785002e+00 -3.4045761954e-03 1.0043523903e+00 2.1400553879e+00 0.0000000000e+00 2.7450021007e-03
2.9380654861e+00 1.1685151250e+00 -3.4041570986e-03 1.0043504458e+00 2.1487750228e+00 0.0000000000e+00 2.7561919215e-03
2.9408275457e+00 1.1634182204e+00 -3.4031087179e-03 1.0043477161e+00 2.1581828841e+00 0.0000000000e+00 2.7682667259e-03
2.9436020195e+00 1.1579914694e+00 -3.4015512009e-03 1.0043443743e+00 2.1682896655e+00 0.0000000000e+00 2.7812397871e-03
2.9463900253e+00 1.1522402239e+00 -3.3997359773e-03 1.0043407330e+00 2.1791044787e+00 0.0000000000e+00 2.7951219555e-03
2.9491922634e+00 1.1461696191e+00 -3.3979253125e-03 1.0043371054e+00 2.1906380362e+00 0.0000000000e+00 2.8099261175e-03
2.9520098775e+00 1.1397848683e+00 -3.3961645095e-03 1.0043335409e+00 2.2029015492e+00 0.0000000000e+00 2.8256665246e-03
2.9548435965e+00 1.1330918271e+00 -3.3944959247e-03 1.0043301160e+00 2.2159062752e+00 0.0000000000e+00 2.8423574072e-03
2.9576945923e+00 1.1260965473e+00 -3.3930260674e-03 1.0043268388e+00 2.2296641466e+00 0.0000000000e+00 2.8600140507e-03
2.9605636246e+00 1.1188068029e+00 -3.3917092968e-03 1.0043237905e+00 2.2441850278e+00 0.0000000000e+00 2.8786488778e-03
2.9634518901e+00 1.1112296164e+00 -3.3905642244e-03 1.0043208856e+00 2.2594810082e+00 0.0000000000e+00 2.8982776378e-03
2.9663601799e+00 1.1033736713e+00 -3.3895501030e-03 1.0043181231e+00 2.2755620994e+00 0.0000000000e+00 2.9189131765e-03
2.9692897164e+00 1.0952477086e+00 -3.3886548140e-03 1.0043154684e+00 2.2924390995e+00 0.0000000000e+00 2.9405694460e-03
2.9722413188e+00 1.0868621412e+00 -3.3878679926e-03 1.0043128773e+00 2.3101202058e+00 0.0000000000e+00 2.9632570918e-03
2.9752162306e+00 1.0782273855e+00 -3.3871668525e-03 1.0043103225e+00 2.3286143908e+00 0.0000000000e+00 2.9869877089e-03
2.9782152942e+00 1.0693552581e+00 -3.3865477848e-03 1.0043077561e+00 2.3479282222e+00 0.0000000000e+00 3.0117698708e-03
2.9812397704e+00 1.0602583537e+00 -3.3859928932e-03 1.0043051475e+00 2.3680670470e+00 0.0000000000e+00 3.0376105375e-03
2.9842905153e+00 1.0509508248e+00 -3.3855119748e-03 1.0043024878e+00 2.3890330168e+00 0.0000000000e+00 3.0645125078e-03
2.9873687954e+00 1.0414474314e+00 -3.3851174076e-03 1.0042997799e+00 2.4108268685e+00 0.0000000000e+00 3.0924767305e-03
2.9904754687e+00 1.0317648041e+00 -3.3848438689e-03 1.0042970340e+00 2.4334446911e+00 0.0000000000e+00 3.1214981698e-03
2.9936117917e+00 1.0219203072e+00 -3.3847292219e-03 1.0042942572e+00 2.4568800768e+00 0.0000000000e+00 3.1515685959e-03
2.9967786059e+00 1.0119335518e+00 -3.3848035761e-03 1.0042914507e+00 2.4811200521e+00 0.0000000000e+00 3.1826713740e-03
2.9999771345e+00 1.0018252407e+00 -3.3850326755e-03 1.0042886721e+00 2.5061473581e+00 0.0000000000e+00 3.2147841927e-03
3.0032081743e+00 9.9161680555e-01 -3.3854072202e-03 1.0042858732e+00 2.5319404319e+00 0.0000000000e+00 3.2478795536e-03
3.0064728936e+00 9.8133271739e-01 -3.3859345956e-03 1.0042830446e+00 2.5584672426e+00 0.0000000000e+00 3.2819164088e-03
3.0097720071e+00 9.7099866865e-01 -3.3866127796e-03 1.0042801612e+00 2.5856888213e+00 0.0000000000e+00 3.3168448647e-03
3.0131065833e+00 9.6064206271e-01 -3.3874614819e-03 1.0042772322e+00 2.6135573051e+00 0.0000000000e+00 3.3526035063e-03
3.0164772141e+00 9.5029250772e-01 -3.3885145967e-03 1.0042742932e+00 2.6420136038e+00 0.0000000000e+00 3.3891164263e-03
3.0198848162e+00 9.3998146399e-01 -3.3897458348e-03 1.0042713113e+00 2.6709870081e+00 0.0000000000e+00 3.4262930399e-03
3.0233298002e+00 9.2974203160e-01 -3.3911613104e-03 1.0042682877e+00 2.7003949847e+00 0.0000000000e+00 3.4640274810e-03
3.0268128711e+00 9.1960949832e-01 -3.3927680610e-03 1.0042652231e+00 2.7301404153e+00 0.0000000000e+00 3.5021951748e-03
3.0303341905e+00 9.0962109196e-01 -3.3945826758e-03 1.0042621307e+00 2.7601111595e+00 0.0000000000e+00 3.5406522300e-03
3.0338941756e+00 8.9981603853e-01 -3.3966195729e-03 1.0042590239e+00 2.7901787168e+00 0.0000000000e+00 3.5792337654e-03
3.0374926581e+00 8.9023483142e-01 -3.3988710147e-03 1.0042558915e+00 2.8201993902e+00 0.0000000000e+00 3.6177554888e-03
3.0411296866e+00 8.8091985550e-01 -3.4013413198e-03 1.0042527349e+00 2.8500116344e+00 0.0000000000e+00 3.6560101666e-03
3.0448046784e+00 8.7191532194e-01 -3.4040418355e-03 1.0042495617e+00 2.8794354693e+00 0.0000000000e+00 3.6937668908e-03
3.0485172203e+00 8.6326560078e-01 -3.4069830674e-03 1.0042463778e+00 2.9082775245e+00 0.0000000000e+00 3.7307775786e-03
3.0522662336e+00 8.5501607518e-01 -3.4101632320e-03 1.0042431757e+00 2.9363283475e+00 0.0000000000e+00 3.7667735628e-03
3.0560507675e+00 8.4721161593e-01 -3.4135899131e-03 1.0042399605e+00 2.9633681291e+00 0.0000000000e+00 3.8014728400e-03
3.0598691793e+00 8.3989913017e-01 -3.4172705617e-03 1.0042367389e+00 2.9891587658e+00 0.0000000000e+00 3.8345699287e-03
3.0637199073e+00 8.3312333096e-01 -3.4212102468e-03 1.0042335199e+00 3.0134599601e+00 0.0000000000e+00 3.8657565189e-03
3.0676006923e+00 8.2692698346e-01 -3.4254122327e-03 1.0042303090e+00 3.0360307776e+00 0.0000000000e+00 3.8947234909e-03
3.0715093543e+00 8.2135138329e-01 -3.4298798627e-03 1.0042271194e+00 3.0566306329e+00 0.0000000000e+00 3.9211621399e-03
3.0754430166e+00 8.1643499317e-01 -3.4346143214e-03 1.0042239610e+00 3.0750273120e+00 0.0000000000e+00 3.9447745071e-03
3.0793989033e+00 8.1221357630e-01 -3.4396143032e-03 1.0042208423e+00 3.0909999278e+00 0.0000000000e+00 3.9652771656e-03
3.0833735709e+00 8.0871783190e-01 -3.4448754701e-03 1.0042177717e+00 3.1043515182e+00 0.0000000000e+00 3.9824173781e-03
3.0873637381e+00 8.0597469250e-01 -3.4503900859e-03 1.0042147591e+00 3.1149078515e+00 0.0000000000e+00 3.9959715580e-03
3.0913655140e+00 8.0400456905e-01 -3.4561477051e-03 1.0042118160e+00 3.1225314340e+00 0.0000000000e+00 4.0057632403e-03
3.0953752646e+00 8.0282354425e-01 -3.4621335686e-03 1.0042089545e+00 3.1271160446e+00 0.0000000000e+00 4.0116560741e-03
3.0993888262e+00 8.0244029527e-01 -3.4683281496e-03 1.0042061852e+00 3.1286009412e+00 0.0000000000e+00 4.0135720585e-03
3.1034024087e+00 8.0285881417e-01 -3.4747145004e-03 1.0042035119e+00 3.1269617215e+00 0.0000000000e+00 4.0114798404e-03
3.1074117858e+00 8.0407457387e-01 -3.4812655622e-03 1.0042009378e+00 3.1222257563e+00 0.0000000000e+00 4.0054144882e-03
3.1114132377e+00 8.0607946308e-01 -3.4879366993e-03 1.0041984691e+00 3.1144524674e+00 0.0000000000e+00 3.9954521796e-03
3.1154026902e+00 8.0885625553e-01 -3.4947385189e-03 1.0041960838e+00 3.1037532224e+00 0.0000000000e+00 3.9817358470e-03
3.1193767093e+00 8.1238467110e-01 -3.5016004008e-03 1.0041938061e+00 3.0902657381e+00 0.0000000000e+00 3.9644420461e-03
3.1233315743e+00 8.1663708902e-01 -3.5084486116e-03 1.0041916514e+00 3.0741674143e+00 0.0000000000e+00 3.9437982808e-03
3.1272643059e+00 8.2158275098e-01 -3.5154005168e-03 1.0041894484e+00 3.0556552191e+00 0.0000000000e+00 3.9200578930e-03
3.1311716901e+00 8.2718599997e-01 -3.5222167323e-03 1.0041874261e+00 3.0349505014e+00 0.0000000000e+00 3.8935039373e-03
3.1350513138e+00 8.3340812989e-01 -3.5288787710e-03 1.0041855460e+00 3.0122862676e+00 0.0000000000e+00 3.8644354815e-03
3.1389005610e+00 8.4020776146e-01 -3.5354964395e-03 1.0041835677e+00 2.9879025574e+00 0.0000000000e+00 3.8331613863e-03
3.1427176366e+00 8.4754172968e-01 -3.5419222388e-03 1.0041816938e+00 2.9620420405e+00 0.0000000000e+00 3.7999921832e-03
3.1465005454e+00 8.5536530739e-01 -3.5479758676e-03 1.0041800336e+00 2.9349449436e+00 0.0000000000e+00 3.7652356483e-03
3.1502481078e+00 8.6363184722e-01 -3.5537616318e-03 1.0041784485e+00 2.9068475524e+00 0.0000000000e+00 3.7291954414e-03
3.1539589363e+00 8.7229636362e-01 -3.5592891418e-03 1.0041769039e+00 2.8779694202e+00 0.0000000000e+00 3.6921533576e-03
3.1576324146e+00 8.8131357529e-01 -3.5644608412e-03 1.0041754964e+00 2.8485193142e+00 0.0000000000e+00 3.6543768734e-03
3.1612676900e+00 8.9063908060e-01 -3.5692237427e-03 1.0041742849e+00 2.8186902720e+00 0.0000000000e+00 3.6161134380e-03
3.1648646414e+00 9.0022859241e-01 -3.5735847469e-03 1.0041732682e+00 2.7886618930e+00 0.0000000000e+00 3.5775934856e-03
3.1684228770e+00 9.1004008957e-01 -3.5775381707e-03 1.0041724648e+00 2.7585940343e+00 0.0000000000e+00 3.5390220548e-03
3.1719426856e+00 9.2003313424e-01 -3.5810391434e-03 1.0041719400e+00 2.7286298248e+00 0.0000000000e+00 3.5005825637e-03
3.1754240421e+00 9.3016903241e-01 -3.5840274300e-03 1.0041717451e+00 2.6988958729e+00 0.0000000000e+00 3.4624372942e-03
3.1788675601e+00 9.4041001832e-01 -3.5865701398e-03 1.0041718974e+00 2.6695055290e+00 0.0000000000e+00 3.4247316436e-03
3.1822735054e+00 9.5072139616e-01 -3.5886106975e-03 1.0041724376e+00 2.6405539038e+00 0.0000000000e+00 3.3875875317e-03
3.1856427352e+00 9.6106982336e-01 -3.5901714602e-03 1.0041733502e+00 2.6121238170e+00 0.0000000000e+00 3.3511113027e-03
3.1889757280e+00 9.7142419670e-01 -3.5913329355e-03 1.0041745804e+00 2.5842844553e+00 0.0000000000e+00 3.3153919355e-03
3.1922735191e+00 9.8175463492e-01 -3.5921799140e-03 1.0041760639e+00 2.5570952970e+00 0.0000000000e+00 3.2805059769e-03
3.1955367400e+00 9.9203404280e-01 -3.5928147467e-03 1.0041776765e+00 2.5306028653e+00 0.0000000000e+00 3.2465135356e-03
3.1987665461e+00 1.0022362607e+00 -3.5934240820e-03 1.0041792444e+00 2.5048466208e+00 0.0000000000e+00 3.2134658004e-03
3.2019636716e+00 1.0123378753e+00 -3.5941136637e-03 1.0041806912e+00 2.4798555791e+00 0.0000000000e+00 3.1814002284e-03
3.2051293466e+00 1.0223161743e+00 -3.5948964624e-03 1.0041820079e+00 2.4556542125e+00 0.0000000000e+00 3.1503482277e-03
3.2082643680e+00 1.0321510349e+00 -3.5959111884e-03 1.0041830816e+00 2.4322580895e+00 0.0000000000e+00 3.1203301057e-03
3.2113700068e+00 1.0418232534e+00 -3.5974465707e-03 1.0041836762e+00 2.4096785922e+00 0.0000000000e+00 3.0913611663e-03
3.2144470904e+00 1.0513147929e+00 -3.5995434488e-03 1.0041837570e+00 2.3879235880e+00 0.0000000000e+00 3.0634515650e-03
3.2174969099e+00 1.0606093987e+00 -3.6020250501e-03 1.0041834993e+00 2.3669965128e+00 0.0000000000e+00 3.0366051362e-03
3.2205203006e+00 1.0696925923e+00 -3.6049281235e-03 1.0041828751e+00 2.3468959267e+00 0.0000000000e+00 3.0108200907e-03
3.2235185501e+00 1.0785501410e+00 -3.6083084433e-03 1.0041819250e+00 2.3276199381e+00 0.0000000000e+00 2.9860938544e-03
3.2264924884e+00 1.0871694671e+00 -3.6121240544e-03 1.0041806262e+00 2.3091630529e+00 0.0000000000e+00 2.9624194252e-03
3.2294433890e+00 1.0955387296e+00 -3.6163525553e-03 1.0041789906e+00 2.2915186917e+00 0.0000000000e+00 2.9397883075e-03
3.2323720650e+00 1.1036475072e+00 -3.6209894548e-03 1.0041770552e+00 2.2746779399e+00 0.0000000000e+00 2.9181889388e-03
3.2352797669e+00 1.1114855004e+00 -3.6259723905e-03 1.0041747992e+00 2.2586322512e+00 0.0000000000e+00 2.8976104020e-03
3.2381672858e+00 1.1190439750e+00 -3.6312869892e-03 1.0041722818e+00 2.2433709137e+00 0.0000000000e+00 2.8780387721e-03
3.2410358444e+00 1.1263140159e+00 -3.6368734868e-03 1.0041695158e+00 2.2288844444e+00 0.0000000000e+00 2.8594618395e-03
3.2438862095e+00 1.1332890178e+00 -3.6426944997e-03 1.0041665297e+00 2.2151598443e+00 0.0000000000e+00 2.8418628410e-03
3.2467195701e+00 1.1399610044e+00 -3.6487255010e-03 1.0041633327e+00 2.2021879011e+00 0.0000000000e+00 2.8252299291e-03
3.2495366693e+00 1.1463242780e+00 -3.6549711307e-03 1.0041599237e+00 2.1899560685e+00 0.0000000000e+00 2.8095470099e-03
3.2523386641e+00 1.1523727427e+00 -3.6614266161e-03 1.0041562460e+00 2.1784536565e+00 0.0000000000e+00 2.7948005263e-03
3.2551262704e+00 1.1581014057e+00 -3.6681549932e-03 1.0041523006e+00 2.1676692033e+00 0.0000000000e+00 2.7809757693e-03
3.2579006156e+00 1.1635053446e+00 -3.6751407118e-03 1.0041479787e+00 2.1575921060e+00 0.0000000000e+00 2.7680594358e-03
3.2606623892e+00 1.1685795789e+00 -3.6824691323e-03 1.0041433063e+00 2.1482133618e+00 0.0000000000e+00 2.7560399016e-03
3.2634126954e+00 1.1733204808e+00 -3.6901120116e-03 1.0041381818e+00 2.1395224030e+00 0.0000000000e+00 2.7449038864e-03
3.2661521970e+00 1.1777243053e+00 -3.6981272786e-03 1.0041326329e+00 2.1315103805e+00 0.0000000000e+00 2.7346399605e-03
3.2688819754e+00 1.1817887889e+00 -3.7064963679e-03 1.0041266033e+00 2.1241667985e+00 0.0000000000e+00 2.7252348117e-03
3.2716026666e+00 1.1855099106e+00 -3.7152289239e-03 1.0041201276e+00 2.1174857306e+00 0.0000000000e+00 2.7166807456e-03
3.2743153369e+00 1.1888859972e+00 -3.7242685387e-03 1.0041132514e+00 2.1114582344e+00 0.0000000000e+00 2.7089661711e-03
3.2770205990e+00 1.1919144372e+00 -3.7335541725e-03 1.0041060600e+00 2.1060783155e+00 0.0000000000e+00 2.7020831758e-03
3.2797195032e+00 1.1945935463e+00 -3.7427975259e-03 1.0040989366e+00 2.1013401164e+00 0.0000000000e+00 2.6960232272e-03
3.2824126454e+00 1.1969216828e+00 -3.7515748434e-03 1.0040923644e+00 2.0972390652e+00 0.0000000000e+00 2.6907791831e-03
3.2851010616e+00 1.1988981074e+00 -3.7598930967e-03 1.0040863765e+00 2.0937692083e+00 0.0000000000e+00 2.6863433412e-03
3.2877853321e+00 1.2005208699e+00 -3.7678907586e-03 1.0040807879e+00 2.0909273906e+00 0.0000000000e+00 2.6827121698e-03
3.2904664859e+00 1.2017899966e+00 -3.7756008733e-03 1.0040755522e+00 2.0887084162e+00 0.0000000000e+00 2.6798791442e-03
3.2931450904e+00 1.2027034164e+00 -3.7829085243e-03 1.0040708157e+00 2.0871122547e+00 0.0000000000e+00 2.6778438507e-03
3.2958221736e+00 1.2032611372e+00 -3.7897254580e-03 1.0040666912e+00 2.0861362929e+00 0.0000000000e+00 2.6766026495e-03
3.2984982957e+00 1.2034628971e+00 -3.7961008765e-03 1.0040631142e+00 2.0857791226e+00 0.0000000000e+00 2.6761539184e-03
3.3011744814e+00 1.2033085956e+00 -3.8021359654e-03 1.0040599536e+00 2.0860400178e+00 0.0000000000e+00 2.6764970845e-03
3.3038512899e+00 1.2027979600e+00 -3.8078528233e-03 1.0040571814e+00 2.0869198627e+00 0.0000000000e+00 2.6776333640e-03
3.3065297482e+00 1.2019323108e+00 -3.8131853242e-03 1.0040548835e+00 2.0884181133e+00 0.0000000000e+00 2.6795618346e-03
3.3092104135e+00 1.2007109981e+00 -3.8180724001e-03 1.0040531384e+00 2.0905387308e+00 0.0000000000e+00 2.6822873721e-03
3.3118943229e+00 1.1991359440e+00 -3.8225153699e-03 1.0040519414e+00 2.0932821387e+00 0.0000000000e+00 2.6858105319e-03
3.3145820346e+00 1.1972068640e+00 -3.8265683652e-03 1.0040512177e+00 2.0966535689e+00 0.0000000000e+00 2.6901382246e-03
3.3172745994e+00 1.1949259093e+00 -3.8303019678e-03 1.0040508769e+00 2.1006550888e+00 0.0000000000e+00 2.6952733409e-03
3.3199725813e+00 1.1922934320e+00 -3.8337683211e-03 1.0040508187e+00 2.1052930255e+00 0.0000000000e+00 2.7012242635e-03
3.3226770479e+00 1.1893118077e+00 -3.8370365223e-03 1.0040510232e+00 2.1105714597e+00 0.0000000000e+00 2.7079962773e-03
3.3253885738e+00 1.1859827775e+00 -3.8400231544e-03 1.0040515412e+00 2.1164968839e+00 0.0000000000e+00 2.7155975693e-03
3.3281082430e+00 1.1823085978e+00 -3.8427204829e-03 1.0040523873e+00 2.1230759659e+00 0.0000000000e+00 2.7240366464e-03
3.3308366471e+00 1.1782918774e+00 -3.8451305873e-03 1.0040535562e+00 2.1303158740e+00 0.0000000000e+00 2.7333227102e-03
3.3335748885e+00 1.1739354270e+00 -3.8472547023e-03 1.0040550425e+00 2.1382245978e+00 0.0000000000e+00 2.7434660150e-03
3.3363235792e+00 1.1692426627e+00 -3.8490962070e-03 1.0040568387e+00 2.1468102190e+00 0.0000000000e+00 2.7544769366e-03
3.3390838423e+00 1.1642163371e+00 -3.8506651229e-03 1.0040589303e+00 2.1560832345e+00 0.0000000000e+00 2.7663689687e-03
3.3418563171e+00 1.1588602724e+00 -3.8519775209e-03 1.0040612923e+00 2.1660533980e+00 0.0000000000e+00 2.7791546785e-03
3.3446421517e+00 1.1531794537e+00 -3.8530512237e-03 1.0040638943e+00 2.1767295001e+00 0.0000000000e+00 2.7928454132e-03
3.3474420079e+00 1.1471781270e+00 -3.8538979467e-03 1.0040667186e+00 2.1881229580e+00 0.0000000000e+00 2.8074558535e-03
3.3502570634e+00 1.1408620362e+00 -3.8545075720e-03 1.0040697815e+00 2.2002436527e+00 0.0000000000e+00 2.8229986147e-03
3.3530880052e+00 1.1342361939e+00 -3.8548530125e-03 1.0040731192e+00 2.2131041237e+00 0.0000000000e+00 2.8394896627e-03
3.3559360427e+00 1.1273073926e+00 -3.8549623257e-03 1.0040767159e+00 2.2267145645e+00 0.0000000000e+00 2.8569420985e-03
3.3588018893e+00 1.1200819799e+00 -3.8548785036e-03 1.0040804425e+00 2.2410869483e+00 0.0000000000e+00 2.8753716294e-03
3.3616867860e+00 1.1125681773e+00 -3.8546273989e-03 1.0040842861e+00 2.2562309136e+00 0.0000000000e+00 2.8947906415e-03
3.3645914706e+00 1.1047732849e+00 -3.8542027809e-03 1.0040882726e+00 2.2721591080e+00 0.0000000000e+00 2.9152152680e-03
3.3675172165e+00 1.0967069641e+00 -3.8535787230e-03 1.0040923918e+00 2.2888803131e+00 0.0000000000e+00 2.9366567853e-03
3.3704647842e+00 1.0883785601e+00 -3.8527642550e-03 1.0040966844e+00 2.3064049615e+00 0.0000000000e+00 2.9591284373e-03
3.3734354734e+00 1.0797991890e+00 -3.8517199926e-03 1.0041011341e+00 2.3247404339e+00 0.0000000000e+00 2.9826397171e-03
3.3764300636e+00 1.0709798664e+00 -3.8504561515e-03 1.0041057739e+00 2.3438950753e+00 0.0000000000e+00 3.0072012077e-03
3.3794498758e+00 1.0619335039e+00 -3.8489557395e-03 1.0041105785e+00 2.3638734790e+00 0.0000000000e+00 3.0328188496e-03
3.3824957013e+00 1.0526734863e+00 -3.8472408347e-03 1.0041155454e+00 2.3846794814e+00 0.0000000000e+00 3.0594975456e-03
3.3855688709e+00 1.0432150138e+00 -3.8453214060e-03 1.0041206416e+00 2.4063127647e+00 0.0000000000e+00 3.0872369598e-03
3.3886701753e+00 1.0335735577e+00 -3.8432179619e-03 1.0041258469e+00 2.4287720972e+00 0.0000000000e+00 3.1160355485e-03
3.3918009420e+00 1.0237669850e+00 -3.8409425200e-03 1.0041311406e+00 2.4520500156e+00 0.0000000000e+00 3.1458837751e-03
3.3949619428e+00 1.0138136645e+00 -3.8385029127e-03 1.0041365103e+00 2.4761367532e+00 0.0000000000e+00 3.1767691247e-03
3.3981544802e+00 1.0037345000e+00 -3.8359029373e-03 1.0041419476e+00 2.5010148291e+00 0.0000000000e+00 3.2086691728e-03
3.4013792812e+00 9.9355128797e-01 -3.8331444720e-03 1.0041474460e+00 2.5266623327e+00 0.0000000000e+00 3.2415558077e-03
3.4046375919e+00 9.8328714111e-01 -3.8302303873e-03 1.0041530003e+00 2.5530512866e+00 0.0000000000e+00 3.2753931309e-03
3.4079300674e+00 9.7296760722e-01 -3.8271633372e-03 1.0041586041e+00 2.5801439757e+00 0.0000000000e+00 3.3101327566e-03
3.4112578574e+00 9.6261993864e-01 -3.8239468249e-03 1.0041642516e+00 2.6078938617e+00 0.0000000000e+00 3.3457149789e-03
3.4146214974e+00 9.5227322771e-01 -3.8205843594e-03 1.0041699375e+00 2.6362442739e+00 0.0000000000e+00 3.3820670938e-03
3.4180219916e+00 9.4195862565e-01 -3.8170794133e-03 1.0041756567e+00 2.6651267619e+00 0.0000000000e+00 3.4191012854e-03
3.4214596999e+00 9.3170877697e-01 -3.8134357878e-03 1.0041814049e+00 2.6944615896e+00 0.0000000000e+00 3.4567152605e-03
3.4249354221e+00 9.2155847553e-01 -3.8096577201e-03 1.0041871778e+00 2.7241547999e+00 0.0000000000e+00 3.4947884841e-03
3.4284492769e+00 9.1154470718e-01 -3.8057495968e-03 1.0041929711e+00 2.7540968732e+00 0.0000000000e+00 3.5331804599e-03
3.4320017830e+00 9.0170634237e-01 -3.8017158582e-03 1.0041987806e+00 2.7841624635e+00 0.0000000000e+00 3.5717303920e-03
3.4355927377e+00 8.9208349282e-01 -3.7975611571e-03 1.0042046010e+00 2.8142113634e+00 0.0000000000e+00 3.6102584272e-03
3.4392222999e+00 8.8271815455e-01 -3.7932895729e-03 1.0042104266e+00 2.8440856843e+00 0.0000000000e+00 3.6485620366e-03
3.4428898618e+00 8.7365435424e-01 -3.7889074492e-03 1.0042162506e+00 2.8736085550e+00 0.0000000000e+00 3.6864143492e-03
3.4465951286e+00 8.6493628267e-01 -3.7844216177e-03 1.0042220657e+00 2.9025897220e+00 0.0000000000e+00 3.7235713338e-03
3.4503370044e+00 8.5660940957e-01 -3.7798372680e-03 1.0042278665e+00 2.9308219570e+00 0.0000000000e+00 3.7597671841e-03
3.4541146629e+00 8.4871865016e-01 -3.7751608848e-03 1.0042336480e+00 2.9580876061e+00 0.0000000000e+00 3.7947227236e-03
3.4579264499e+00 8.4131023409e-01 -3.7704008164e-03 1.0042394064e+00 2.9841530678e+00 0.0000000000e+00 3.8281383219e-03
3.4617709396e+00 8.3442991538e-01 -3.7655671150e-03 1.0042451391e+00 3.0087761735e+00 0.0000000000e+00 3.8597033596e-03
3.4656458566e+00 8.2812034589e-01 -3.7606713970e-03 1.0042508458e+00 3.0317177051e+00 0.0000000000e+00 3.8891110014e-03
3.4695491616e+00 8.2242335054e-01 -3.7557265822e-03 1.0042565289e+00 3.0527359426e+00 0.0000000000e+00 3.9160511987e-03
3.4734779590e+00 8.1737861325e-01 -3.7507463996e-03 1.0042621932e+00 3.0715942921e+00 0.0000000000e+00 3.9402204750e-03
3.4774296025e+00 8.1302143803e-01 -3.7457443439e-03 1.0042678456e+00 3.0880730774e+00 0.0000000000e+00 3.9613370535e-03
3.4814006331e+00 8.0938445586e-01 -3.7407326111e-03 1.0042734969e+00 3.1019668393e+00 0.0000000000e+00 3.9791373857e-03
3.4853878773e+00 8.0649469838e-01 -3.7357344565e-03 1.0042791691e+00 3.1130991039e+00 0.0000000000e+00 3.9933950641e-03
3.4893874232e+00 8.0437476639e-01 -3.7307671389e-03 1.0042848753e+00 3.1213214204e+00 0.0000000000e+00 4.0039196682e-03
3.4933957166e+00 8.0304080456e-01 -3.7258320456e-03 1.0042906215e+00 3.1265242556e+00 0.0000000000e+00 4.0105707325e-03
3.4974085647e+00 8.0250374402e-01 -3.7209325439e-03 1.0042964134e+00 3.1286346666e+00 0.0000000000e+00 4.0132547315e-03
3.5014222261e+00 8.0276820857e-01 -3.7160661717e-03 1.0043022517e+00 3.1276221486e+00 0.0000000000e+00 4.0119326019e-03
3.5054324299e+00 8.0383113130e-01 -3.7112247910e-03 1.0043081316e+00 3.1235047153e+00 0.0000000000e+00 4.0066275394e-03
3.5094354812e+00 8.0568572769e-01 -3.7063954897e-03 1.0043140478e+00 3.1163331224e+00 0.0000000000e+00 3.9974047411e-03
3.5134272394e+00 8.0831559091e-01 -3.7015623800e-03 1.0043199961e+00 3.1062124973e+00 0.0000000000e+00 3.9843991430e-03
3.5174042795e+00 8.1170213104e-01 -3.6966984743e-03 1.0043259576e+00 3.0932712851e+00 0.0000000000e+00 3.9677756465e-03
3.5213627907e+00 8.1581804635e-01 -3.6917760830e-03 1.0043319176e+00 3.0776835659e+00 0.0000000000e+00 3.9477576675e-03
3.5252997948e+00 8.2063426015e-01 -3.6867585289e-03 1.0043378590e+00 3.0596390736e+00 0.0000000000e+00 3.9245887043e-03
3.5292119681e+00 8.2611521539e-01 -3.6816223075e-03 1.0043437589e+00 3.0393574049e+00 0.0000000000e+00 3.8985505747e-03
3.5330968959e+00 8.3222305591e-01 -3.6763182022e-03 1.0043496093e+00 3.0170685676e+00 0.0000000000e+00 3.8699383835e-03
3.5369518449e+00 8.3891688141e-01 -3.6708188408e-03 1.0043553814e+00 2.9930121911e+00 0.0000000000e+00 3.8390596483e-03
3.5407750152e+00 8.4615369672e-01 -3.6650799494e-03 1.0043610704e+00 2.9674309593e+00 0.0000000000e+00 3.8062257013e-03
3.5445642963e+00 8.5388907631e-01 -3.6590727843e-03 1.0043666686e+00 2.9405653979e+00 0.0000000000e+00 3.7717451096e-03
3.5483185055e+00 8.6207669694e-01 -3.6527781619e-03 1.0043721876e+00 2.9126532219e+00 0.0000000000e+00 3.7359227539e-03
3.5520361418e+00 8.7067137441e-01 -3.6461891519e-03 1.0043776481e+00 2.8839171632e+00 0.0000000000e+00 3.6990442576e-03
3.5557165940e+00 8.7962784012e-01 -3.6393013273e-03 1.0043830841e+00 2.8545682569e+00 0.0000000000e+00 3.6613801892e-03
3.5593589021e+00 8.8890115695e-01 -3.6321147356e-03 1.0043885377e+00 2.8248037757e+00 0.0000000000e+00 3.6231834356e-03
3.5629629608e+00 8.9844732610e-01 -3.6246129878e-03 1.0043940191e+00 2.7948049651e+00 0.0000000000e+00 3.5846864409e-03
3.5665282750e+00 9.0822381136e-01 -3.6167982055e-03 1.0043995644e+00 2.7647358280e+00 0.0000000000e+00 3.5460994387e-03
3.5700551597e+00 9.1818979702e-01 -3.6086383104e-03 1.0044051745e+00 2.7347427998e+00 0.0000000000e+00 3.5076102546e-03
3.5735434955e+00 9.2830588087e-01 -3.6001592450e-03 1.0044109192e+00 2.7049567926e+00 0.0000000000e+00 3.4693865611e-03
3.5769939328e+00 9.3853449323e-01 -3.5913327675e-03 1.0044168144e+00 2.6754925409e+00 0.0000000000e+00 3.4315754732e-03
3.5804066465e+00 9.4884025028e-01 -3.5821771874e-03 1.0044229353e+00 2.6464490070e+00 0.0000000000e+00 3.3943036742e-03
3.5837825402e+00 9.5918945450e-01 -3.5726777099e-03 1.0044293079e+00 2.6179116732e+00 0.0000000000e+00 3.3576807299e-03
3.5871220079e+00 9.6955080210e-01 -3.5628053370e-03 1.0044359969e+00 2.5899519518e+00 0.0000000000e+00 3.3217980334e-03
3.5904261363e+00 9.7989409860e-01 -3.5525023955e-03 1.0044431062e+00 2.5626317875e+00 0.0000000000e+00 3.2867347118e-03
3.5936954774e+00 9.9019176404e-01 -3.5418636496e-03 1.0044504921e+00 2.5359999159e+00 0.0000000000e+00 3.2525537625e-03
3.5969312438e+00 1.0004173845e+00 -3.5311909481e-03 1.0044579271e+00 2.5100971422e+00 0.0000000000e+00 3.2193082585e-03
3.6001340939e+00 1.0105469919e+00 -3.5206933820e-03 1.0044651878e+00 2.4849541781e+00 0.0000000000e+00 3.1870382809e-03
3.6033053203e+00 1.0205574844e+00 -3.5106384139e-03 1.0044719474e+00 2.4605962004e+00 0.0000000000e+00 3.1557771090e-03
3.6064456481e+00 1.0304282138e+00 -3.5010694264e-03 1.0044781763e+00 2.4370406470e+00 0.0000000000e+00 3.1255471314e-03
3.6095564146e+00 1.0401395140e+00 -3.4919114515e-03 1.0044839851e+00 2.4143010904e+00 0.0000000000e+00 3.0963653476e-03
3.6126383788e+00 1.0496741798e+00 -3.4833915858e-03 1.0044891172e+00 2.3923831236e+00 0.0000000000e+00 3.0682396593e-03
3.6156928939e+00 1.0590146205e+00 -3.4757304713e-03 1.0044933170e+00 2.3712923730e+00 0.0000000000e+00 3.0411779832e-03
3.6187207348e+00 1.0681458923e+00 -3.4687929574e-03 1.0044967572e+00 2.3510289288e+00 0.0000000000e+00 3.0151798278e-03
3.6217232536e+00 1.0770539805e+00 -3.4623384407e-03 1.0044997387e+00 2.3315909807e+00 0.0000000000e+00 2.9902419061e-03
3.6247012186e+00 1.0857265342e+00 -3.4563355573e-03 1.0045023044e+00 2.3129726336e+00 0.0000000000e+00 2.9663564870e-03
3.6276559666e+00 1.0941509734e+00 -3.4508866225e-03 1.0045043299e+00 2.2951684785e+00 0.0000000000e+00 2.9435169608e-03
3.6305882525e+00 1.1023169666e+00 -3.4460297597e-03 1.0045057679e+00 2.2781690710e+00 0.0000000000e+00 2.9217113092e-03
3.6334993892e+00 1.1102135442e+00 -3.4417047659e-03 1.0045066901e+00 2.2619672929e+00 0.0000000000e+00 2.9009301539e-03
3.6363901128e+00 1.1178324295e+00 -3.4378314710e-03 1.0045071908e+00 2.2465513709e+00 0.0000000000e+00 2.8811580901e-03
3.6392617053e+00 1.1251643310e+00 -3.4343711469e-03 1.0045073459e+00 2.2319125266e+00 0.0000000000e+00 2.8623836172e-03
3.6421148800e+00 1.1322025980e+00 -3.4312330515e-03 1.0045071861e+00 2.2180376283e+00 0.0000000000e+00 2.8445897876e-03
3.6449508849e+00 1.1389387726e+00 -3.4284835719e-03 1.0045066672e+00 2.2049180592e+00 0.0000000000e+00 2.8277656580e-03
3.6477704114e+00 1.1453675048e+00 -3.4261292253e-03 1.0045057765e+00 2.1925403248e+00 0.0000000000e+00 2.8118939416e-03
3.6505746728e+00 1.1514821252e+00 -3.4241594226e-03 1.0045045108e+00 2.1808947113e+00 0.0000000000e+00 2.7969621735e-03
3.6533643357e+00 1.1572779528e+00 -3.4226034532e-03 1.0045028083e+00 2.1699687743e+00 0.0000000000e+00 2.7829545530e-03
3.6561405819e+00 1.1627495420e+00 -3.4215262694e-03 1.0045005520e+00 2.1597526288e+00 0.0000000000e+00 2.7698587111e-03
3.6589040531e+00 1.1678923797e+00 -3.4209697465e-03 1.0044976870e+00 2.1502359817e+00 0.0000000000e+00 2.7576615822e-03
3.6616559051e+00 1.1727025911e+00 -3.4208312290e-03 1.0044943120e+00 2.1414089123e+00 0.0000000000e+00 2.7463501591e-03
3.6643967534e+00 1.1771760831e+00 -3.4210052716e-03 1.0044906080e+00 2.1332632866e+00 0.0000000000e+00 2.7359135086e-03
3.6671277321e+00 1.1813109768e+00 -3.4215175804e-03 1.0044865199e+00 2.1257876622e+00 0.0000000000e+00 2.7263371042e-03
3.6698494276e+00 1.1851028017e+00 -3.4224209649e-03 1.0044819438e+00 2.1189763926e+00 0.0000000000e+00 2.7176139852e-03
3.6725629601e+00 1.1885498512e+00 -3.4237663211e-03 1.0044768339e+00 2.1128201583e+00 0.0000000000e+00 2.7097323217e-03
3.6752688923e+00 1.1916493245e+00 -3.4255591264e-03 1.0044711595e+00 2.1073128202e+00 0.0000000000e+00 2.7026843228e-03
3.6779683287e+00 1.1943993003e+00 -3.4277792583e-03 1.0044649593e+00 2.1024479816e+00 0.0000000000e+00 2.6964616832e-03
3.6806618157e+00 1.1967981325e+00 -3.4303460457e-03 1.0044583408e+00 2.0982200623e+00 0.0000000000e+00 2.6910569630e-03
3.6833504426e+00 1.1988443926e+00 -3.4330082783e-03 1.0044516494e+00 2.0946247395e+00 0.0000000000e+00 2.6864637043e-03
3.6860347431e+00 1.2005375696e+00 -3.4353615817e-03 1.0044453160e+00 2.0916573989e+00 0.0000000000e+00 2.6826748527e-03
3.6887157923e+00 1.2018764727e+00 -3.4373951586e-03 1.0044394242e+00 2.0893150149e+00 0.0000000000e+00 2.6796863246e-03
3.6913941157e+00 1.2028604111e+00 -3.4391265211e-03 1.0044339547e+00 2.0875945898e+00 0.0000000000e+00 2.6774943442e-03
3.6940707810e+00 1.2034878692e+00 -3.4405915545e-03 1.0044288649e+00 2.0864956155e+00 0.0000000000e+00 2.6760983889e-03
3.6967463125e+00 1.2037595419e+00 -3.4418379789e-03 1.0044240960e+00 2.0860148164e+00 0.0000000000e+00 2.6754944285e-03
3.6994217699e+00 1.2036748118e+00 -3.4429036734e-03 1.0044196004e+00 2.0861523198e+00 0.0000000000e+00 2.6756827642e-03
3.7020976780e+00 1.2032336787e+00 -3.4438014970e-03 1.0044153623e+00 2.0869083455e+00 0.0000000000e+00 2.6766637310e-03
3.7047750973e+00 1.2024370074e+00 -3.4445299851e-03 1.0044113834e+00 2.0882827483e+00 0.0000000000e+00 2.6784371470e-03
3.7074545523e+00 1.2012842031e+00 -3.4450954015e-03 1.0044076552e+00 2.0902789960e+00 0.0000000000e+00 2.6810074914e-03
3.7101371123e+00 1.1997772717e+00 -3.4455170956e-03 1.0044041514e+00 2.0928971050e+00 0.0000000000e+00 2.6843748617e-03
3.7128233020e+00 1.1979154169e+00 -3.4458161538e-03 1.0044008443e+00 2.0961430793e+00 0.0000000000e+00 2.6885470396e-03
3.7155142064e+00 1.1957015441e+00 -3.4460080717e-03 1.0043977149e+00 2.1000176003e+00 0.0000000000e+00 2.6935249550e-03
3.7182103519e+00 1.1931354891e+00 -3.4461050343e-03 1.0043947482e+00 2.1045278541e+00 0.0000000000e+00 2.6993178706e-03
3.7209128422e+00 1.1902198706e+00 -3.4461242773e-03 1.0043919352e+00 2.1096772956e+00 0.0000000000e+00 2.7059302463e-03
3.7236222124e+00 1.1869562631e+00 -3.4460470143e-03 1.0043892793e+00 2.1154723863e+00 0.0000000000e+00 2.7133703640e-03
3.7263395829e+00 1.1833467020e+00 -3.4458542213e-03 1.0043868009e+00 2.1219199733e+00 0.0000000000e+00 2.7216469546e-03
3.7290655064e+00 1.1793939983e+00 -3.4455780317e-03 1.0043844740e+00 2.1290265922e+00 0.0000000000e+00 2.7307684730e-03
3.7318011198e+00 1.1751006304e+00 -3.4452505311e-03 1.0043822637e+00 2.1368005379e+00 0.0000000000e+00 2.7407456556e-03
3.7345469977e+00 1.1704700308e+00 -3.4448888570e-03 1.0043801483e+00 2.1452496046e+00 0.0000000000e+00 2.7515885609e-03
3.7373042969e+00 1.1655049313e+00 -3.4445025372e-03 1.0043781157e+00 2.1543840973e+00 0.0000000000e+00 2.7633104427e-03
3.7400736185e+00 1.1602092095e+00 -3.4440956303e-03 1.0043761584e+00 2.1642134673e+00 0.0000000000e+00 2.7759234468e-03
3.7428561438e+00 1.1545876646e+00 -3.4436782131e-03 1.0043742659e+00 2.1747466578e+00 0.0000000000e+00 2.7894390755e-03
3.7456524967e+00 1.1486443770e+00 -3.4432667559e-03 1.0043724183e+00 2.1859951573e+00 0.0000000000e+00 2.8038721227e-03
3.7484638881e+00 1.1423851770e+00 -3.4428696146e-03 1.0043706037e+00 2.1979683909e+00 0.0000000000e+00 2.8192347140e-03
3.7512909661e+00 1.1358147453e+00 -3.4424922627e-03 1.0043688155e+00 2.2106792055e+00 0.0000000000e+00 2.8355433498e-03
3.7541349748e+00 1.1289400388e+00 -3.4421391532e-03 1.0043670496e+00 2.2241372773e+00 0.0000000000e+00 2.8528104569e-03
3.7569965870e+00 1.1217667843e+00 -3.4418148317e-03 1.0043653016e+00 2.2383558590e+00 0.0000000000e+00 2.8710530502e-03
3.7598770809e+00 1.1143039997e+00 -3.4415238060e-03 1.0043635657e+00 2.2533428176e+00 0.0000000000e+00 2.8902812416e-03
3.7627771495e+00 1.1065579763e+00 -3.4412730932e-03 1.0043618343e+00 2.2691125450e+00 0.0000000000e+00 2.9105135172e-03
3.7656981079e+00 1.0985388425e+00 -3.4410684408e-03 1.0043601060e+00 2.2856727207e+00 0.0000000000e+00 2.9317597368e-03
3.7686406690e+00 1.0902552527e+00 -3.4409143070e-03 1.0043583810e+00 2.3030349510e+00 0.0000000000e+00 2.9540347912e-03
3.7716061775e+00 1.0817186025e+00 -3.4408144949e-03 1.0043566401e+00 2.3212058983e+00 0.0000000000e+00 2.9773472883e-03
3.7745953636e+00 1.0729392615e+00 -3.4407751094e-03 1.0043548586e+00 2.3401950479e+00 0.0000000000e+00 3.0017094753e-03
3.7776095965e+00 1.0639304947e+00 -3.4408194817e-03 1.0043530679e+00 2.3600062995e+00 0.0000000000e+00 3.0271262679e-03
3.7806496161e+00 1.0547048473e+00 -3.4409334788e-03 1.0043512517e+00 2.3806452919e+00 0.0000000000e+00 3.0536049548e-03
3.7837168064e+00 1.0452779084e+00 -3.4411317008e-03 1.0043494006e+00 2.4021109425e+00 0.0000000000e+00 3.0811441837e-03
3.7868119045e+00 1.0356645835e+00 -3.4414237968e-03 1.0043475067e+00 2.4244034284e+00 0.0000000000e+00 3.1097442156e-03
3.7899362948e+00 1.0258827348e+00 -3.4418157046e-03 1.0043455614e+00 2.4475155085e+00 0.0000000000e+00 3.1393957988e-03
3.7930906961e+00 1.0159500696e+00 -3.4423141868e-03 1.0043435596e+00 2.4714392706e+00 0.0000000000e+00 3.1700888106e-03
3.7962764724e+00 1.0058873391e+00 -3.4429288031e-03 1.0043415024e+00 2.4961580272e+00 0.0000000000e+00 3.2018018545e-03
3.7994942998e+00 9.9571572313e-01 -3.4436601571e-03 1.0043393828e+00 2.5216519121e+00 0.0000000000e+00 3.2345094819e-03
3.8027454914e+00 9.8545910890e-01 -3.4445160616e-03 1.0043372040e+00 2.5478916247e+00 0.0000000000e+00 3.2681741116e-03
3.8060306480e+00 9.7514175074e-01 -3.4455015411e-03 1.0043349657e+00 2.5748435162e+00 0.0000000000e+00 3.3027525950e-03
3.8093509966e+00 9.6479067752e-01 -3.4466197508e-03 1.0043326641e+00 2.6024626053e+00 0.0000000000e+00 3.3381872594e-03
3.8127070225e+00 9.5443454193e-01 -3.4478793919e-03 1.0043303001e+00 2.6306945527e+00 0.0000000000e+00 3.3744084128e-03
3.8160998134e+00 9.4410436137e-01 -3.4492856763e-03 1.0043278701e+00 2.6594725942e+00 0.0000000000e+00 3.4113304413e-03
3.8195296834e+00 9.3383228553e-01 -3.4508467004e-03 1.0043253740e+00 2.6887198845e+00 0.0000000000e+00 3.4488547865e-03
3.8229975230e+00 9.2365304543e-01 -3.4525677307e-03 1.0043228107e+00 2.7183443385e+00 0.0000000000e+00 3.4868633451e-03
3.8265034101e+00 9.1360276843e-01 -3.4544542776e-03 1.0043201820e+00 2.7482408568e+00 0.0000000000e+00 3.5252213095e-03
3.8300479656e+00 9.0371996148e-01 -3.4565111292e-03 1.0043174907e+00 2.7782873386e+00 0.0000000000e+00 3.5637720588e-03
3.8336309542e+00 8.9404482883e-01 -3.4587415815e-03 1.0043147378e+00 2.8083455813e+00 0.0000000000e+00 3.6023383211e-03
3.8372526422e+00 8.8461877592e-01 -3.4611518507e-03 1.0043119267e+00 2.8382619554e+00 0.0000000000e+00 3.6407230271e-03
3.8409124003e+00 8.7548542751e-01 -3.4637474372e-03 1.0043090579e+00 2.8678634343e+00 0.0000000000e+00 3.6787042326e-03
3.8446100507e+00 8.6668926115e-01 -3.4665346189e-03 1.0043061319e+00 2.8969613936e+00 0.0000000000e+00 3.7160399835e-03
3.8483444802e+00 8.5827512171e-01 -3.4695193626e-03 1.0043031494e+00 2.9253531997e+00 0.0000000000e+00 3.7524703516e-03
3.8521149914e+00 8.5028861150e-01 -3.4727066738e-03 1.0043001125e+00 2.9528212508e+00 0.0000000000e+00 3.7877161992e-03
3.8559199126e+00 8.4277523336e-01 -3.4761008617e-03 1.0042970261e+00 2.9791366262e+00 0.0000000000e+00 3.8214838551e-03
3.8597579591e+00 8.3578118576e-01 -3.4797068493e-03 1.0042938990e+00 3.0040575096e+00 0.0000000000e+00 3.8534630865e-03
3.8636268388e+00 8.2934947637e-01 -3.4835292627e-03 1.0042907418e+00 3.0273448359e+00 0.0000000000e+00 3.8833471769e-03
3.8675246535e+00 8.2352224637e-01 -3.4875712352e-03 1.0042875647e+00 3.0487566337e+00 0.0000000000e+00 3.9108256782e-03
3.8714484902e+00 8.1833971642e-01 -3.4918331747e-03 1.0042843761e+00 3.0680546108e+00 0.0000000000e+00 3.9355928633e-03
3.8753958392e+00 8.1383801745e-01 -3.4963148200e-03 1.0042811841e+00 3.0850155762e+00 0.0000000000e+00 3.9573623727e-03
3.8793632149e+00 8.1005108102e-01 -3.5010149725e-03 1.0042779957e+00 3.0994279843e+00 0.0000000000e+00 3.9758627859e-03
3.8833475648e+00 8.0700561016e-01 -3.5059297785e-03 1.0042748205e+00 3.1111147427e+00 0.0000000000e+00 3.9908668628e-03
3.8873449486e+00 8.0472645150e-01 -3.5110539703e-03 1.0042716694e+00 3.1199163005e+00 0.0000000000e+00 4.0021698575e-03
3.8913519045e+00 8.0323019974e-01 -3.5163786917e-03 1.0042685543e+00 3.1257183638e+00 0.0000000000e+00 4.0096250723e-03
3.8953641988e+00 8.0252949920e-01 -3.5218917460e-03 1.0042654870e+00 3.1284379203e+00 0.0000000000e+00 4.0131259361e-03
3.8993781563e+00 8.0262995243e-01 -3.5275803075e-03 1.0042624766e+00 3.1280370037e+00 0.0000000000e+00 4.0126236729e-03
3.9033894461e+00 8.0352974960e-01 -3.5334231254e-03 1.0042595314e+00 3.1245250468e+00 0.0000000000e+00 4.0081303142e-03
3.9073944170e+00 8.0522335031e-01 -3.5393836803e-03 1.0042566563e+00 3.1179444059e+00 0.0000000000e+00 3.9997001409e-03
3.9113888464e+00 8.0769538903e-01 -3.5454574167e-03 1.0042538276e+00 3.1083928458e+00 0.0000000000e+00 3.9874586279e-03
3.9153693342e+00 8.1092873094e-01 -3.5515973497e-03 1.0042510365e+00 3.0959904310e+00 0.0000000000e+00 3.9715597991e-03
3.9193319660e+00 8.1489671025e-01 -3.5577330416e-03 1.0042482804e+00 3.0809066591e+00 0.0000000000e+00 3.9522210695e-03
3.9232737764e+00 8.1957135791e-01 -3.5638213100e-03 1.0042455335e+00 3.0633254927e+00 0.0000000000e+00 3.9296785041e-03
3.9271913230e+00 8.2491793581e-01 -3.5697453929e-03 1.0042428629e+00 3.0434629292e+00 0.0000000000e+00 3.9042089012e-03
3.9310821942e+00 8.3089904845e-01 -3.5755454868e-03 1.0042401761e+00 3.0215468954e+00 0.0000000000e+00 3.8761049898e-03
3.9349435330e+00 8.3747428886e-01 -3.5812603458e-03 1.0042372947e+00 2.9978153002e+00 0.0000000000e+00 3.8456726261e-03
3.9387735394e+00 8.4460096018e-01 -3.5869401650e-03 1.0042342606e+00 2.9725110081e+00 0.0000000000e+00 3.8132231664e-03
3.9425699793e+00 8.5223511392e-01 -3.5922480333e-03 1.0042313743e+00 2.9458753750e+00 0.0000000000e+00 3.7790650668e-03
3.9463316696e+00 8.6033072403e-01 -3.5971455914e-03 1.0042286907e+00 2.9181472389e+00 0.0000000000e+00 3.7435045126e-03
3.9500569884e+00 8.6884250250e-01 -3.6017170707e-03 1.0042261500e+00 2.8895517515e+00 0.0000000000e+00 3.7068305688e-03
3.9537453307e+00 8.7772486195e-01 -3.6059286727e-03 1.0042238213e+00 2.8603035668e+00 0.0000000000e+00 3.6693183563e-03
3.9573956251e+00 8.8693318328e-01 -3.6097097924e-03 1.0042218114e+00 2.8306016459e+00 0.0000000000e+00 3.6312227442e-03
3.9610077762e+00 8.9642298067e-01 -3.6130578033e-03 1.0042201403e+00 2.8006314038e+00 0.0000000000e+00 3.5927815520e-03
3.9645811882e+00 9.0615146159e-01 -3.6160050674e-03 1.0042187729e+00 2.7705599324e+00 0.0000000000e+00 3.5542092953e-03
3.9681161948e+00 9.1607732580e-01 -3.6185421627e-03 1.0042177008e+00 2.7405374866e+00 0.0000000000e+00 3.5156987920e-03
3.9716125858e+00 9.2616107630e-01 -3.6206372446e-03 1.0042169219e+00 2.7106972739e+00 0.0000000000e+00 3.4774209694e-03
3.9750710367e+00 9.3636466774e-01 -3.6222903236e-03 1.0042163895e+00 2.6811573099e+00 0.0000000000e+00 3.4395274178e-03
3.9784916406e+00 9.4665216494e-01 -3.6235163230e-03 1.0042160498e+00 2.6520196304e+00 0.0000000000e+00 3.4021492445e-03
3.9818753352e+00 9.5698928315e-01 -3.6243310056e-03 1.0042158715e+00 2.6233728244e+00 0.0000000000e+00 3.3654002238e-03
3.9852224410e+00 9.6734452736e-01 -3.6247433590e-03 1.0042158724e+00 2.5952901060e+00 0.0000000000e+00 3.3293742370e-03
3.9885340837e+00 9.7768720303e-01 -3.6248228962e-03 1.0042161024e+00 2.5678358562e+00 0.0000000000e+00 3.2941537311e-03
3.9918107485e+00 9.8798948607e-01 -3.6246495985e-03 1.0042162941e+00 2.5410601739e+00 0.0000000000e+00 3.2598038675e-03
3.9950536914e+00 9.9822453054e-01 -3.6242910029e-03 1.0042164367e+00 2.5150064089e+00 0.0000000000e+00 3.2263802874e-03
3.9982635091e+00 1.0083682181e+00 -3.6238406470e-03 1.0042165482e+00 2.4897069597e+00 0.0000000000e+00 3.1939244909e-03
4.0014415404e+00 1.0183971574e+00 -3.6234714554e-03 1.0042165180e+00 2.4651888280e+00 0.0000000000e+00 3.1624714625e-03
4.0045884520e+00 1.0282907261e+00 -3.6232388743e-03 1.0042162911e+00 2.4414697751e+00 0.0000000000e+00 3.1320441447e-03
4.0077056287e+00 1.0380286643e+00 -3.6231824091e-03 1.0042158150e+00 2.4185647504e+00 0.0000000000e+00 3.1026618612e-03
4.0107937757e+00 1.0475933536e+00 -3.6233872798e-03 1.0042151549e+00 2.3964813051e+00 0.0000000000e+00 3.0743340787e-03
4.0138542968e+00 1.0569674926e+00 -3.6239310662e-03 1.0042142483e+00 2.3752250077e+00 0.0000000000e+00 3.0470681174e-03
4.0168879120e+00 1.0661365664e+00 -3.6248516466e-03 1.0042130659e+00 2.3547946332e+00 0.0000000000e+00 3.0208624761e-03
4.0198960218e+00 1.0750846796e+00 -3.6261793142e-03 1.0042116414e+00 2.3351919631e+00 0.0000000000e+00 2.9957193223e-03
4.0228793506e+00 1.0837997770e+00 -3.6278978780e-03 1.0042099487e+00 2.3164102125e+00 0.0000000000e+00 2.9716300152e-03
4.0258392818e+00 1.0922692560e+00 -3.6300309689e-03 1.0042079837e+00 2.2984442211e+00 0.0000000000e+00 2.9485879328e-03
4.0287765265e+00 1.1004825994e+00 -3.6325771810e-03 1.0042056924e+00 2.2812848041e+00 0.0000000000e+00 2.9265814376e-03
4.0316924447e+00 1.1084288338e+00 -3.6355414813e-03 1.0042030274e+00 2.2649244516e+00 0.0000000000e+00 2.9056010178e-03
4.0345877285e+00 1.1160991438e+00 -3.6389380454e-03 1.0041999691e+00 2.2493520729e+00 0.0000000000e+00 2.8856324866e-03
4.0374637097e+00 1.1234839892e+00 -3.6427388041e-03 1.0041964725e+00 2.2345589304e+00 0.0000000000e+00 2.8666647487e-03
4.0403210580e+00 1.1305763205e+00 -3.6469482101e-03 1.0041925637e+00 2.2205324521e+00 0.0000000000e+00 2.8486815878e-03
4.0431610728e+00 1.1373685080e+00 -3.6515168492e-03 1.0041882247e+00 2.2072622410e+00 0.0000000000e+00 2.8316697052e-03
4.0459843974e+00 1.1438542242e+00 -3.6564292757e-03 1.0041834929e+00 2.1947366010e+00 0.0000000000e+00 2.8156139825e-03
4.0487923008e+00 1.1500269046e+00 -3.6616412704e-03 1.0041783691e+00 2.1829453839e+00 0.0000000000e+00 2.8005013926e-03
4.0515854002e+00 1.1558818945e+00 -3.6671428778e-03 1.0041728885e+00 2.1718760654e+00 0.0000000000e+00 2.7863157672e-03
4.0543649323e+00 1.1614138079e+00 -3.6729164946e-03 1.0041670613e+00 2.1615186906e+00 0.0000000000e+00 2.7730443066e-03
4.0571314888e+00 1.1666181175e+00 -3.6789503221e-03 1.0041608860e+00 2.1518628739e+00 0.0000000000e+00 2.7606736939e-03
4.0598862797e+00 1.1714908697e+00 -3.6852503021e-03 1.0041543627e+00 2.1428983969e+00 0.0000000000e+00 2.7491908225e-03
4.0626298705e+00 1.1760276062e+00 -3.6918291540e-03 1.0041474832e+00 2.1346171593e+00 0.0000000000e+00 2.7385853280e-03
4.0653634504e+00 1.1802260941e+00 -3.6987023436e-03 1.0041402251e+00 2.1270081853e+00 0.0000000000e+00 2.7288431968e-03
4.0680875568e+00 1.1840826443e+00 -3.7058956577e-03 1.0041325532e+00 2.1200643344e+00 0.0000000000e+00 2.7199553708e-03
4.0708033611e+00 1.1875949438e+00 -3.7134315060e-03 1.0041244594e+00 2.1137772282e+00 0.0000000000e+00 2.7119111315e-03
4.0735113791e+00 1.1907602401e+00 -3.7212646357e-03 1.0041159929e+00 2.1081405792e+00 0.0000000000e+00 2.7047022895e-03
4.0762127657e+00 1.1935768074e+00 -3.7292575719e-03 1.0041073450e+00 2.1031477380e+00 0.0000000000e+00 2.6983198131e-03
4.0789080187e+00 1.1960431980e+00 -3.7370488147e-03 1.0040989164e+00 2.0987931667e+00 0.0000000000e+00 2.6927555402e-03
4.0815982768e+00 1.1981576117e+00 -3.7444886041e-03 1.0040909192e+00 2.0950726962e+00 0.0000000000e+00 2.6880035784e-03
4.0842840259e+00 1.1999199085e+00 -3.7515656487e-03 1.0040833749e+00 2.0919799892e+00 0.0000000000e+00 2.6840557647e-03
4.0869663883e+00 1.2013277375e+00 -3.7582703800e-03 1.0040762939e+00 2.0895136743e+00 0.0000000000e+00 2.6809103355e-03
4.0896458466e+00 1.2023807401e+00 -3.7645674436e-03 1.0040697223e+00 2.0876700883e+00 0.0000000000e+00 2.6785624889e-03
4.0923235133e+00 1.2030781148e+00 -3.7704323756e-03 1.0040636935e+00 2.0864474243e+00 0.0000000000e+00 2.6770098367e-03
4.0949998662e+00 1.2034197156e+00 -3.7758806617e-03 1.0040581897e+00 2.0858437348e+00 0.0000000000e+00 2.6762499449e-03
4.0976760132e+00 1.2034054535e+00 -3.7809346207e-03 1.0040531837e+00 2.0858580557e+00 0.0000000000e+00 2.6762816626e-03
4.1003524296e+00 1.2030351034e+00 -3.7855663802e-03 1.0040487133e+00 2.0864908897e+00 0.0000000000e+00 2.6771055463e-03
4.1030302243e+00 1.2023092344e+00 -3.7897332781e-03 1.0040448343e+00 2.0877424991e+00 0.0000000000e+00 2.6787217927e-03
4.1057098731e+00 1.2012277318e+00 -3.7934601455e-03 1.0040415137e+00 2.0896152477e+00 0.0000000000e+00 2.6811335291e-03
4.1083924913e+00 1.1997920133e+00 -3.7968354953e-03 1.0040386352e+00 2.0921097657e+00 0.0000000000e+00 2.6843418792e-03
4.1110785569e+00 1.1980015569e+00 -3.7999295245e-03 1.0040361056e+00 2.0952312202e+00 0.0000000000e+00 2.6883537247e-03
4.1137691988e+00 1.1958590294e+00 -3.8027496657e-03 1.0040339130e+00 2.0989804992e+00 0.0000000000e+00 2.6931702388e-03
4.1164648974e+00 1.1933642302e+00 -3.8052646396e-03 1.0040320954e+00 2.1033647357e+00 0.0000000000e+00 2.6988004720e-03
4.1191667997e+00 1.1905199622e+00 -3.8074503300e-03 1.0040306806e+00 2.1083869075e+00 0.0000000000e+00 2.7052481688e-03
4.1218753937e+00 1.1873273486e+00 -3.8093149861e-03 1.0040296543e+00 2.1140540043e+00 0.0000000000e+00 2.7125223315e-03
4.1245918444e+00 1.1837888208e+00 -3.8108956486e-03 1.0040289680e+00 2.1203717894e+00 0.0000000000e+00 2.7206304801e-03
4.1273166547e+00 1.1799065325e+00 -3.8122306048e-03 1.0040285685e+00 2.1273476772e+00 0.0000000000e+00 2.7295822669e-03
4.1300510089e+00 1.1756834509e+00 -3.8133358290e-03 1.0040284182e+00 2.1349888387e+00 0.0000000000e+00 2.7393869882e-03
4.1327954287e+00 1.1711223050e+00 -3.8142604338e-03 1.0040284912e+00 2.1433040915e+00 0.0000000000e+00 2.7500560222e-03
4.1355511210e+00 1.1662265250e+00 -3.8149520354e-03 1.0040288491e+00 2.1523023778e+00 0.0000000000e+00 2.7616006657e-03
4.1383186300e+00 1.1609994983e+00 -3.8153596919e-03 1.0040295452e+00 2.1619939256e+00 0.0000000000e+00 2.7740338840e-03
4.1410991887e+00 1.1554462052e+00 -3.8155211731e-03 1.0040305389e+00 2.1723870275e+00 0.0000000000e+00 2.7873664158e-03
4.1438933628e+00 1.1495701201e+00 -3.8155068772e-03 1.0040317176e+00 2.1834938558e+00 0.0000000000e+00 2.8016141787e-03
4.1467024171e+00 1.1433773342e+00 -3.8153510305e-03 1.0040330392e+00 2.1953230337e+00 0.0000000000e+00 2.8167883439e-03
4.1495269395e+00 1.1368722152e+00 -3.8150163939e-03 1.0040345387e+00 2.2078878463e+00 0.0000000000e+00 2.8329058487e-03
4.1523682288e+00 1.1300619880e+00 -3.8144870801e-03 1.0040362668e+00 2.2211973269e+00 0.0000000000e+00 2.8499781269e-03
4.1552268958e+00 1.1229520194e+00 -3.8137257130e-03 1.0040382266e+00 2.2352651966e+00 0.0000000000e+00 2.8680227579e-03
4.1581042743e+00 1.1155510711e+00 -3.8127405903e-03 1.0040404479e+00 2.2500996903e+00 0.0000000000e+00 2.8870502042e-03
4.1610009962e+00 1.1078653930e+00 -3.8115212279e-03 1.0040429049e+00 2.2657150210e+00 0.0000000000e+00 2.9070787553e-03
4.1639184318e+00 1.0999053884e+00 -3.8100895543e-03 1.0040455931e+00 2.2821180888e+00 0.0000000000e+00 2.9281172560e-03
4.1668572307e+00 1.0916786806e+00 -3.8084499401e-03 1.0040484854e+00 2.2993223721e+00 0.0000000000e+00 2.9501830574e-03
4.1698187979e+00 1.0831970303e+00 -3.8066200548e-03 1.0040515826e+00 2.3173336762e+00 0.0000000000e+00 2.9732835832e-03
4.1728037978e+00 1.0744704674e+00 -3.8045890362e-03 1.0040548634e+00 2.3361620769e+00 0.0000000000e+00 2.9974318007e-03
4.1758136615e+00 1.0655122818e+00 -3.8023681368e-03 1.0040583397e+00 2.3558112770e+00 0.0000000000e+00 3.0226324019e-03
4.1788490627e+00 1.0563343814e+00 -3.7999481015e-03 1.0040619948e+00 2.3762882579e+00 0.0000000000e+00 3.0488943696e-03
4.1819114503e+00 1.0469526309e+00 -3.7973420258e-03 1.0040658308e+00 2.3975913550e+00 0.0000000000e+00 3.0762155352e-03
4.1850014937e+00 1.0373810149e+00 -3.7945510265e-03 1.0040698270e+00 2.4197228709e+00 0.0000000000e+00 3.1045988903e-03
4.1881206481e+00 1.0276377570e+00 -3.7915889992e-03 1.0040739733e+00 2.4426748786e+00 0.0000000000e+00 3.1340342702e-03
4.1912695623e+00 1.0177398500e+00 -3.7884667028e-03 1.0040782537e+00 2.4664413351e+00 0.0000000000e+00 3.1645139451e-03
4.1944496760e+00 1.0077080071e+00 -3.7851953333e-03 1.0040826539e+00 2.4910059432e+00 0.0000000000e+00 3.1960170258e-03
4.1976615963e+00 9.9756261925e-01 -3.7817856659e-03 1.0040871609e+00 2.5163512083e+00 0.0000000000e+00 3.2285210829e-03
4.2009067181e+00 9.8732743957e-01 -3.7782483647e-03 1.0040917648e+00 2.5424487473e+00 0.0000000000e+00 3.2619897094e-03
4.2041855757e+00 9.7702638640e-01 -3.7745934785e-03 1.0040964581e+00 2.5692664805e+00 0.0000000000e+00 3.2963817483e-03
4.2074994816e+00 9.6668683552e-01 -3.7708284803e-03 1.0041012344e+00 2.5967593577e+00 0.0000000000e+00 3.3316393990e-03
4.2108488545e+00 9.5633585909e-01 -3.7669610727e-03 1.0041060917e+00 2.6248782844e+00 0.0000000000e+00 3.3676996602e-03
4.2142348809e+00 9.4600462002e-01 -3.7629972005e-03 1.0041110287e+00 2.6535574125e+00 0.0000000000e+00 3.4044780327e-03
4.2176578106e+00 9.3572476505e-01 -3.7589417434e-03 1.0041160451e+00 2.6827227478e+00 0.0000000000e+00 3.4418795655e-03
4.2211186401e+00 9.2553075760e-01 -3.7547994907e-03 1.0041211411e+00 2.7122846346e+00 0.0000000000e+00 3.4797892142e-03
4.2246173890e+00 9.1545832143e-01 -3.7505748046e-03 1.0041263152e+00 2.7421409901e+00 0.0000000000e+00 3.5180759979e-03
4.2281547921e+00 9.0554581480e-01 -3.7462715971e-03 1.0041315638e+00 2.7721721734e+00 0.0000000000e+00 3.5565864201e-03
4.2317305619e+00 8.9583271509e-01 -3.7418940261e-03 1.0041368819e+00 2.8022443950e+00 0.0000000000e+00 3.5951488414e-03
4.2353450897e+00 8.8636026813e-01 -3.7374440602e-03 1.0041422603e+00 2.8322068812e+00 0.0000000000e+00 3.6335698514e-03
4.2389977016e+00 8.7717160076e-01 -3.7329224301e-03 1.0041476876e+00 2.8618906685e+00 0.0000000000e+00 3.6716327169e-03
4.2426883552e+00 8.6831110078e-01 -3.7283291203e-03 1.0041531513e+00 2.8911099673e+00 0.0000000000e+00 3.7090991291e-03
4.2464158998e+00 8.5982346773e-01 -3.7236643370e-03 1.0041586393e+00 2.9196651319e+00 0.0000000000e+00 3.7457130081e-03
4.2501797812e+00 8.5175458515e-01 -3.7189300656e-03 1.0041641410e+00 2.9473399925e+00 0.0000000000e+00 3.7811970771e-03
4.2539782940e+00 8.4414956975e-01 -3.7141329949e-03 1.0041696501e+00 2.9739091451e+00 0.0000000000e+00 3.8152622037e-03
4.2578103056e+00 8.3705496326e-01 -3.7092823584e-03 1.0041751648e+00 2.9991315052e+00 0.0000000000e+00 3.8475991292e-03
4.2616734922e+00 8.3051359689e-01 -3.7043890110e-03 1.0041806819e+00 3.0227701438e+00 0.0000000000e+00 3.8779039378e-03
4.2655661135e+00 8.2456884983e-01 -3.6994663643e-03 1.0041862031e+00 3.0445796107e+00 0.0000000000e+00 3.9058617706e-03
4.2694852158e+00 8.1926074929e-01 -3.6945446909e-03 1.0041917517e+00 3.0643227831e+00 0.0000000000e+00 3.9311683741e-03
4.2734284502e+00 8.1462679212e-01 -3.6896653931e-03 1.0041973568e+00 3.0817712066e+00 0.0000000000e+00 3.9535305969e-03
4.2773922770e+00 8.1070087441e-01 -3.6848485606e-03 1.0042030349e+00 3.0967125686e+00 0.0000000000e+00 3.9726760503e-03
4.2813738023e+00 8.0751131582e-01 -3.6801124364e-03 1.0042088014e+00 3.1089620100e+00 0.0000000000e+00 3.9883675741e-03
4.2853690121e+00 8.0508388151e-01 -3.6754736935e-03 1.0042146711e+00 3.1183541682e+00 0.0000000000e+00 4.0003930294e-03
4.2893745884e+00 8.0343631368e-01 -3.6709392457e-03 1.0042206514e+00 3.1247674342e+00 0.0000000000e+00 4.0085964412e-03
4.2933862050e+00 8.0258242950e-01 -3.6665084267e-03 1.0042267444e+00 3.1281109189e+00 0.0000000000e+00 4.0128612705e-03
4.2974003109e+00 8.0252910651e-01 -3.6621751338e-03 1.0042329486e+00 3.1283380891e+00 0.0000000000e+00 4.0131278998e-03
4.3014124608e+00 8.0327590866e-01 -3.6579286554e-03 1.0042392600e+00 3.1254493292e+00 0.0000000000e+00 4.0093969121e-03
4.3054191047e+00 8.0481827743e-01 -3.6537557899e-03 1.0042456731e+00 3.1194795809e+00 0.0000000000e+00 4.0017132290e-03
4.3094158873e+00 8.0714238466e-01 -3.6496396499e-03 1.0042521804e+00 3.1105174239e+00 0.0000000000e+00 3.9901905896e-03
4.3133994859e+00 8.1023188162e-01 -3.6455579432e-03 1.0042587723e+00 3.0986770427e+00 0.0000000000e+00 3.9749755851e-03
4.3173658384e+00 8.1406182092e-01 -3.6414872432e-03 1.0042654420e+00 3.0841190934e+00 0.0000000000e+00 3.9562744069e-03
4.3213120347e+00 8.1860432492e-01 -3.6373992031e-03 1.0042721774e+00 3.0670256277e+00 0.0000000000e+00 3.9343207087e-03
4.3252344798e+00 8.2382607541e-01 -3.6332467803e-03 1.0042789426e+00 3.0476060804e+00 0.0000000000e+00 3.9093833564e-03
4.3291308015e+00 8.2969018881e-01 -3.6289887351e-03 1.0042857146e+00 3.0260865085e+00 0.0000000000e+00 3.8817524796e-03
4.3329979848e+00 8.3615668962e-01 -3.6245750261e-03 1.0042924620e+00 3.0027041417e+00 0.0000000000e+00 3.8517325613e-03
4.3368342666e+00 8.4318351874e-01 -3.6199669697e-03 1.0042991652e+00 2.9777004143e+00 0.0000000000e+00 3.8196334204e-03
4.3406372516e+00 8.5072645811e-01 -3.6151356949e-03 1.0043058120e+00 2.9513182599e+00 0.0000000000e+00 3.7857667609e-03
4.3444058001e+00 8.5874016152e-01 -3.6100492713e-03 1.0043124024e+00 2.9237959496e+00 0.0000000000e+00 3.7504382490e-03
4.3481381281e+00 8.6717932263e-01 -3.6047042800e-03 1.0043189453e+00 2.8953611990e+00 0.0000000000e+00 3.7139399703e-03
4.3518336800e+00 8.7599790267e-01 -3.5990835650e-03 1.0043254660e+00 2.8662325073e+00 0.0000000000e+00 3.6765521218e-03
4.3554912324e+00 8.8515107502e-01 -3.5931719208e-03 1.0043319835e+00 2.8366117714e+00 0.0000000000e+00 3.6385336228e-03
4.3591107473e+00 8.9459444536e-01 -3.5870056806e-03 1.0043385733e+00 2.8066868135e+00 0.0000000000e+00 3.6001251343e-03
4.3626914827e+00 9.0428488755e-01 -3.5805333055e-03 1.0043452155e+00 2.7766283319e+00 0.0000000000e+00 3.5615456943e-03
4.3662338387e+00 9.1418077337e-01 -3.5738051863e-03 1.0043520073e+00 2.7465902712e+00 0.0000000000e+00 3.5229924338e-03
4.3697374675e+00 9.2424245784e-01 -3.5667536627e-03 1.0043589130e+00 2.7167084365e+00 0.0000000000e+00 3.4846396856e-03
4.3732031180e+00 9.3443122562e-01 -3.5594205894e-03 1.0043660229e+00 2.6871052555e+00 0.0000000000e+00 3.4466441825e-03
4.3766307559e+00 9.4471128164e-01 -3.5517546710e-03 1.0043733239e+00 2.6578843279e+00 0.0000000000e+00 3.4091388664e-03
4.3800213958e+00 9.5504761015e-01 -3.5437872129e-03 1.0043809033e+00 2.6291383084e+00 0.0000000000e+00 3.3722422982e-03
4.3833752405e+00 9.6540826116e-01 -3.5354829691e-03 1.0043887783e+00 2.6009430899e+00 0.0000000000e+00 3.3360517796e-03
4.3866934993e+00 9.7576248480e-01 -3.5268563910e-03 1.0043970062e+00 2.5733644761e+00 0.0000000000e+00 3.3006515396e-03
4.3899765436e+00 9.8608233008e-01 -3.5178941707e-03 1.0044055793e+00 2.5464546636e+00 0.0000000000e+00 3.2661085687e-03
4.3932257165e+00 9.9634027589e-01 -3.5085972205e-03 1.0044145882e+00 2.5202599264e+00 0.0000000000e+00 3.2324819398e-03
4.3964415074e+00 1.0065120452e+00 -3.4989852211e-03 1.0044239472e+00 2.4948135296e+00 0.0000000000e+00 3.1998146105e-03
4.3996253457e+00 1.0165736256e+00 -3.4895914110e-03 1.0044331150e+00 2.4701435531e+00 0.0000000000e+00 3.1681443101e-03
4.4027777961e+00 1.0265037187e+00 -3.4807376381e-03 1.0044417479e+00 2.4462691405e+00 0.0000000000e+00 3.1374966198e-03
4.4059003389e+00 1.0362816698e+00 -3.4725185096e-03 1.0044496998e+00 2.4232062794e+00 0.0000000000e+00 3.1078924210e-03
4.4089935809e+00 1.0458897270e+00 -3.4649391353e-03 1.0044569677e+00 2.4009628879e+00 0.0000000000e+00 3.0793417936e-03
4.4120590225e+00 1.0553102852e+00 -3.4578079916e-03 1.0044637849e+00 2.3795460896e+00 0.0000000000e+00 3.0518530834e-03
4.4150972871e+00 1.0645281860e+00 -3.4510744371e-03 1.0044702168e+00 2.3589563667e+00 0.0000000000e+00 3.0254266538e-03
4.4181098758e+00 1.0735283755e+00 -3.4449343662e-03 1.0044760276e+00 2.3391930071e+00 0.0000000000e+00 3.0000622444e-03
4.4210974116e+00 1.0822978267e+00 -3.4395603005e-03 1.0044810074e+00 2.3202509111e+00 0.0000000000e+00 2.9757538713e-03
4.4240613836e+00 1.0908233083e+00 -3.4349449327e-03 1.0044851661e+00 2.3021261979e+00 0.0000000000e+00 2.9524964523e-03
4.4270024045e+00 1.0990944288e+00 -3.4310044374e-03 1.0044886096e+00 2.2848096198e+00 0.0000000000e+00 2.9302777479e-03
4.4299219391e+00 1.1071002464e+00 -3.4276955698e-03 1.0044913956e+00 2.2682936774e+00 0.0000000000e+00 2.9090879153e-03
4.4328205803e+00 1.1148315461e+00 -3.4250014057e-03 1.0044935493e+00 2.2525680062e+00 0.0000000000e+00 2.8889135393e-03
4.4356997661e+00 1.1222791802e+00 -3.4228684967e-03 1.0044951396e+00 2.2376231273e+00 0.0000000000e+00 2.8697422215e-03
4.4385600647e+00 1.1294358233e+00 -3.4211953273e-03 1.0044962934e+00 2.2234470357e+00 0.0000000000e+00 2.8515581684e-03
4.4414028825e+00 1.1362937333e+00 -3.4198688347e-03 1.0044971505e+00 2.2100296804e+00 0.0000000000e+00 2.8343480680e-03
4.4442287609e+00 1.1428463991e+00 -3.4188583903e-03 1.0044977481e+00 2.1973594809e+00 0.0000000000e+00 2.8180969467e-03
4.4470390764e+00 1.1490873119e+00 -3.4182177220e-03 1.0044980160e+00 2.1854257844e+00 0.0000000000e+00 2.8027913234e-03
4.4498343435e+00 1.1550116148e+00 -3.4179026820e-03 1.0044979582e+00 2.1742161406e+00 0.0000000000e+00 2.7884152043e-03
4.4526159068e+00 1.1606136862e+00 -3.4178616101e-03 1.0044976291e+00 2.1637208853e+00 0.0000000000e+00 2.7749560305e-03
4.4553842556e+00 1.1658894190e+00 -3.4180783643e-03 1.0044971140e+00 2.1539287897e+00 0.0000000000e+00 2.7623991566e-03
4.4581407051e+00 1.1708339266e+00 -3.4185644486e-03 1.0044963490e+00 2.1448309752e+00 0.0000000000e+00 2.7507333659e-03
4.4608857223e+00 1.1754440176e+00 -3.4193412427e-03 1.0044952751e+00 2.1364166647e+00 0.0000000000e+00 2.7399449905e-03
4.4636205951e+00 1.1797154813e+00 -3.4204490746e-03 1.0044938236e+00 2.1286781422e+00 0.0000000000e+00 2.7300243141e-03
4.4663457709e+00 1.1836459767e+00 -3.4219244977e-03 1.0044918959e+00 2.1216054371e+00 0.0000000000e+00 2.7209588096e-03
4.4690625127e+00 1.1872322729e+00 -3.4238239586e-03 1.0044894338e+00 2.1151914766e+00 0.0000000000e+00 2.7127395550e-03
4.4717712501e+00 1.1904718056e+00 -3.4261539529e-03 1.0044863658e+00 2.1094291380e+00 0.0000000000e+00 2.7053576008e-03
4.4744732279e+00 1.1933629878e+00 -3.4289281276e-03 1.0044826932e+00 2.1043108918e+00 0.0000000000e+00 2.6988032817e-03
4.4771688566e+00 1.1959027163e+00 -3.4321205778e-03 1.0044784186e+00 2.0998330484e+00 0.0000000000e+00 2.6930718559e-03
4.4798593716e+00 1.1980909846e+00 -3.4356918407e-03 1.0044736216e+00 2.0959877724e+00 0.0000000000e+00 2.6881530611e-03
4.4825451627e+00 1.1999257936e+00 -3.4394775320e-03 1.0044685533e+00 2.0927722337e+00 0.0000000000e+00 2.6840426008e-03
4.4852274568e+00 1.2014062773e+00 -3.4430348842e-03 1.0044637206e+00 2.0901832703e+00 0.0000000000e+00 2.6807350758e-03
4.4879066329e+00 1.2025319168e+00 -3.4462611534e-03 1.0044592987e+00 2.0882175448e+00 0.0000000000e+00 2.6782257525e-03
4.4905839083e+00 1.2033017488e+00 -3.4492082229e-03 1.0044552534e+00 2.0868731687e+00 0.0000000000e+00 2.6765123137e-03
4.4932596575e+00 1.2037161704e+00 -3.4519013932e-03 1.0044515624e+00 2.0861470235e+00 0.0000000000e+00 2.6755908302e-03
4.4959350900e+00 1.2037737897e+00 -3.4543524842e-03 1.0044482149e+00 2.0860402168e+00 0.0000000000e+00 2.6754627615e-03
4.4986105830e+00 1.2034756125e+00 -3.4565787777e-03 1.0044451864e+00 2.0865507701e+00 0.0000000000e+00 2.6761256434e-03
4.5012873413e+00 1.2028209715e+00 -3.4585980767e-03 1.0044424457e+00 2.0876806889e+00 0.0000000000e+00 2.6775821374e-03
4.5039657473e+00 1.2018106716e+00 -3.4604292430e-03 1.0044399573e+00 2.0894305172e+00 0.0000000000e+00 2.6798330418e-03
4.5066470073e+00 1.2004452327e+00 -3.4620912670e-03 1.0044376849e+00 2.0918023944e+00 0.0000000000e+00 2.6828812010e-03
4.5093315097e+00 1.1987251609e+00 -3.4635916570e-03 1.0044356099e+00 2.0947996311e+00 0.0000000000e+00 2.6867309145e-03
4.5120204692e+00 1.1966520873e+00 -3.4649394111e-03 1.0044337158e+00 2.0984246935e+00 0.0000000000e+00 2.6913853926e-03
4.5147142805e+00 1.1942265562e+00 -3.4661425327e-03 1.0044319916e+00 2.1026830848e+00 0.0000000000e+00 2.6968517247e-03
4.5174141726e+00 1.1914507798e+00 -3.4672159319e-03 1.0044304214e+00 2.1075785052e+00 0.0000000000e+00 2.7031347013e-03
4.5201205499e+00 1.1883257608e+00 -3.4681812800e-03 1.0044289831e+00 2.1131179182e+00 0.0000000000e+00 2.7102433137e-03
4.5228346593e+00 1.1848544276e+00 -3.4690580075e-03 1.0044276591e+00 2.1193060424e+00 0.0000000000e+00 2.7181836626e-03
4.5255569172e+00 1.1810381553e+00 -3.4698615231e-03 1.0044264361e+00 2.1261515378e+00 0.0000000000e+00 2.7269668920e-03
4.5282885930e+00 1.1768807074e+00 -3.4706015944e-03 1.0044253050e+00 2.1336599764e+00 0.0000000000e+00 2.7366001732e-03
4.5310301176e+00 1.1723838802e+00 -3.4712891946e-03 1.0044242517e+00 2.1418416541e+00 0.0000000000e+00 2.7470967505e-03
4.5337827865e+00 1.1675520150e+00 -3.4719309886e-03 1.0044232645e+00 2.1507034625e+00 0.0000000000e+00 2.7584654956e-03
4.5365470486e+00 1.1623874761e+00 -3.4725320032e-03 1.0044223319e+00 2.1602571272e+00 0.0000000000e+00 2.7707214796e-03
4.5393242295e+00 1.1568958473e+00 -3.4731017131e-03 1.0044214365e+00 2.1705096421e+00 0.0000000000e+00 2.7838737215e-03
4.5421147960e+00 1.1510799276e+00 -3.4736458207e-03 1.0044205675e+00 2.1814744211e+00 0.0000000000e+00 2.7979394571e-03
4.5449201084e+00 1.1449464325e+00 -3.4741739777e-03 1.0044197124e+00 2.1931587450e+00 0.0000000000e+00 2.8129280604e-03
4.5477406521e+00 1.1384987969e+00 -3.4746956056e-03 1.0044188630e+00 2.2055773482e+00 0.0000000000e+00 2.8288584551e-03
4.5505778253e+00 1.1317450958e+00 -3.4752174847e-03 1.0044180145e+00 2.2187372806e+00 0.0000000000e+00 2.8457396985e-03
4.5534321315e+00 1.1246894788e+00 -3.4757433985e-03 1.0044171619e+00 2.2326543924e+00 0.0000000000e+00 2.8635921368e-03
4.5563050096e+00 1.1173416614e+00 -3.4762812531e-03 1.0044163012e+00 2.2473347587e+00 0.0000000000e+00 2.8824235765e-03
4.5591969787e+00 1.1097068182e+00 -3.4768370289e-03 1.0044154241e+00 2.2627945678e+00 0.0000000000e+00 2.9022548072e-03
4.5621095192e+00 1.1017961928e+00 -3.4774139876e-03 1.0044145192e+00 2.2790388227e+00 0.0000000000e+00 2.9230922822e-03
4.5650431633e+00 1.0936161778e+00 -3.4780207723e-03 1.0044135833e+00 2.2960834057e+00 0.0000000000e+00 2.9449563870e-03
4.5679994320e+00 1.0851794094e+00 -3.4786590981e-03 1.0044126049e+00 2.3139321392e+00 0.0000000000e+00 2.9678520619e-03
4.5709788674e+00 1.0764945229e+00 -3.4793369074e-03 1.0044115808e+00 2.3325979822e+00 0.0000000000e+00 2.9917959445e-03
4.5739830239e+00 1.0675758305e+00 -3.4800594748e-03 1.0044105036e+00 2.3520823414e+00 0.0000000000e+00 3.0167898670e-03
4.5770124471e+00 1.0584342725e+00 -3.4808336117e-03 1.0044093670e+00 2.3723942834e+00 0.0000000000e+00 3.0428454853e-03
4.5800687148e+00 1.0490860410e+00 -3.4816669292e-03 1.0044081647e+00 2.3935314298e+00 0.0000000000e+00 3.0699597764e-03
4.5831523667e+00 1.0395442442e+00 -3.4825660529e-03 1.0044068888e+00 2.4154981722e+00 0.0000000000e+00 3.0981384059e-03
4.5862649917e+00 1.0298274909e+00 -3.4835395073e-03 1.0044055344e+00 2.4382858857e+00 0.0000000000e+00 3.1273703373e-03
4.5894071073e+00 1.0199518981e+00 -3.4845934031e-03 1.0044040946e+00 2.4618908414e+00 0.0000000000e+00 3.1576508204e-03
4.5925802933e+00 1.0099388578e+00 -3.4857345844e-03 1.0044025648e+00 2.4862954747e+00 0.0000000000e+00 3.1889573539e-03
4.5957850220e+00 9.9980738294e-01 -3.4869696175e-03 1.0044009407e+00 2.5114861068e+00 0.0000000000e+00 3.2212724197e-03
4.5990228381e+00 9.8958182301e-01 -3.4883060420e-03 1.0043992200e+00 2.5374334812e+00 0.0000000000e+00 3.2545585144e-03
4.6022941391e+00 9.7928467359e-01 -3.4897506065e-03 1.0043973999e+00 2.5641098727e+00 0.0000000000e+00 3.2887801010e-03
4.6056003983e+00 9.6894370150e-01 -3.4913091135e-03 1.0043954769e+00 2.5914701632e+00 0.0000000000e+00 3.3238793366e-03
4.6089418977e+00 9.5858530490e-01 -3.4929870488e-03 1.0043934482e+00 2.6194680928e+00 0.0000000000e+00 3.3597969125e-03
4.6123199922e+00 9.4824139987e-01 -3.4947910729e-03 1.0043913134e+00 2.6480369703e+00 0.0000000000e+00 3.3964473057e-03
4.6157347924e+00 9.3794159100e-01 -3.4967270031e-03 1.0043890728e+00 2.6771098606e+00 0.0000000000e+00 3.4337446794e-03
4.6191874815e+00 9.2772097713e-01 -3.4987985970e-03 1.0043867250e+00 2.7065969989e+00 0.0000000000e+00 3.4715739184e-03
4.6226779402e+00 9.1761448430e-01 -3.5010100209e-03 1.0043842705e+00 2.7364004374e+00 0.0000000000e+00 3.5098094056e-03
4.6262071003e+00 9.0766040354e-01 -3.5033671483e-03 1.0043817121e+00 2.7664027982e+00 0.0000000000e+00 3.5483005926e-03
4.6297745414e+00 8.9789749613e-01 -3.5058737165e-03 1.0043790509e+00 2.7964746955e+00 0.0000000000e+00 3.5868815333e-03
4.6333808634e+00 8.8836732459e-01 -3.5085321187e-03 1.0043762869e+00 2.8264667642e+00 0.0000000000e+00 3.6253606572e-03
4.6370252627e+00 8.7911210017e-01 -3.5113462223e-03 1.0043734228e+00 2.8562154434e+00 0.0000000000e+00 3.6635281747e-03
4.6407079198e+00 8.7017673631e-01 -3.5143200070e-03 1.0043704617e+00 2.8855358336e+00 0.0000000000e+00 3.7011469203e-03
4.6444275565e+00 8.6160428462e-01 -3.5174550204e-03 1.0043674049e+00 2.9142363346e+00 0.0000000000e+00 3.7379711374e-03
4.6481838620e+00 8.5344276342e-01 -3.5207536043e-03 1.0043642554e+00 2.9420961149e+00 0.0000000000e+00 3.7737175658e-03
4.6519749917e+00 8.4573506253e-01 -3.5242196103e-03 1.0043610184e+00 2.9688996676e+00 0.0000000000e+00 3.8081097620e-03
4.6558000815e+00 8.3852991941e-01 -3.5278558388e-03 1.0043576987e+00 2.9944003053e+00 0.0000000000e+00 3.8408312848e-03
4.6596566542e+00 8.3186849246e-01 -3.5316634247e-03 1.0043543000e+00 3.0183686157e+00 0.0000000000e+00 3.8715878494e-03
4.6635432572e+00 8.2579674347e-01 -3.5356461145e-03 1.0043508301e+00 3.0405509530e+00 0.0000000000e+00 3.9000540668e-03
4.6674567624e+00 8.2035264393e-01 -3.5398066677e-03 1.0043472971e+00 3.0607181696e+00 0.0000000000e+00 3.9259359637e-03
4.6713951292e+00 8.1557679102e-01 -3.5441453163e-03 1.0043437079e+00 3.0786301146e+00 0.0000000000e+00 3.9489254515e-03
4.6753546133e+00 8.1150138308e-01 -3.5486631781e-03 1.0043400723e+00 3.0940799771e+00 0.0000000000e+00 3.9687571887e-03
4.6793326436e+00 8.0815823189e-01 -3.5533615594e-03 1.0043364024e+00 3.1068680696e+00 0.0000000000e+00 3.9851749579e-03
4.6833249632e+00 8.0557181930e-01 -3.5582392133e-03 1.0043327108e+00 3.1168316926e+00 0.0000000000e+00 3.9979699768e-03
4.6873285835e+00 8.0376297592e-01 -3.5632975687e-03 1.0043290145e+00 3.1238345276e+00 0.0000000000e+00 4.0069672829e-03
4.6913388978e+00 8.0274525932e-01 -3.5685336398e-03 1.0043253260e+00 3.1277834229e+00 0.0000000000e+00 4.0120472969e-03
4.6953526781e+00 8.0252714077e-01 -3.5739403154e-03 1.0043216623e+00 3.1286221090e+00 0.0000000000e+00 4.0131377297e-03
4.6993651732e+00 8.0311001037e-01 -3.5795069890e-03 1.0043180379e+00 3.1263401805e+00 0.0000000000e+00 4.0102251325e-03
4.7033731284e+00 8.0448929573e-01 -3.5852125739e-03 1.0043144599e+00 3.1209689961e+00 0.0000000000e+00 4.0033496590e-03
4.7073718725e+00 8.0665427707e-01 -3.5910131688e-03 1.0043109266e+00 3.1125816696e+00 0.0000000000e+00 3.9926050593e-03
4.7113583385e+00 8.0958745374e-01 -3.5968689946e-03 1.0043074061e+00 3.1012937560e+00 0.0000000000e+00 3.9781396473e-03
4.7153281518e+00 8.1326703215e-01 -3.6026957825e-03 1.0043038674e+00 3.0872512586e+00 0.0000000000e+00 3.9601407907e-03
4.7192786201e+00 8.1766490374e-01 -3.6084120602e-03 1.0043002631e+00 3.0706352274e+00 0.0000000000e+00 3.9388408784e-03
4.7232058336e+00 8.2274839299e-01 -3.6139827878e-03 1.0042964957e+00 3.0516513442e+00 0.0000000000e+00 3.9145040880e-03
4.7271076282e+00 8.2848198398e-01 -3.6194358462e-03 1.0042925023e+00 3.0305200405e+00 0.0000000000e+00 3.8874133777e-03
4.7309806603e+00 8.3482555889e-01 -3.6247700704e-03 1.0042882564e+00 3.0074793641e+00 0.0000000000e+00 3.8578741552e-03
4.7348233766e+00 8.4173811237e-01 -3.6299847619e-03 1.0042837653e+00 2.9827678899e+00 0.0000000000e+00 3.8261923755e-03
4.7386330451e+00 8.4917523252e-01 -3.6349621397e-03 1.0042792908e+00 2.9566314828e+00 0.0000000000e+00 3.7926823868e-03
4.7424087413e+00 8.5709265233e-01 -3.6394007277e-03 1.0042751617e+00 2.9293074646e+00 0.0000000000e+00 3.7576473663e-03
4.7461483398e+00 8.6544429874e-01 -3.6434529059e-03 1.0042713179e+00 2.9010281752e+00 0.0000000000e+00 3.7213855963e-03
4.7498515125e+00 8.7418478557e-01 -3.6471489888e-03 1.0042677931e+00 2.8720123298e+00 0.0000000000e+00 3.6841775342e-03
4.7535166949e+00 8.8326851662e-01 -3.6505107339e-03 1.0042646052e+00 2.8424668896e+00 0.0000000000e+00 3.6462886281e-03
4.7571440898e+00 8.9265143588e-01 -3.6534593685e-03 1.0042618425e+00 2.8125811548e+00 0.0000000000e+00 3.6079614262e-03
4.7607326177e+00 9.0228987199e-01 -3.6558986600e-03 1.0042595660e+00 2.7825303076e+00 0.0000000000e+00 3.5694204797e-03
4.7642829307e+00 9.1214212207e-01 -3.6578579560e-03 1.0042576599e+00 2.7524703541e+00 0.0000000000e+00 3.5308663746e-03
4.7677943505e+00 9.2216770229e-01 -3.6593385033e-03 1.0042560343e+00 2.7225417671e+00 0.0000000000e+00 3.4924796648e-03
4.7712678901e+00 9.3232793752e-01 -3.6603764548e-03 1.0042545913e+00 2.6928684395e+00 0.0000000000e+00 3.4544196501e-03
4.7747031898e+00 9.4258601234e-01 -3.6610032537e-03 1.0042532851e+00 2.6635587414e+00 0.0000000000e+00 3.4168255263e-03
4.7781015411e+00 9.5290715742e-01 -3.6612740381e-03 1.0042520790e+00 2.6347059920e+00 0.0000000000e+00 3.3798171444e-03
4.7814628241e+00 9.6325818197e-01 -3.6612507293e-03 1.0042509539e+00 2.6063909260e+00 0.0000000000e+00 3.3434981483e-03
4.7847885374e+00 9.7360861915e-01 -3.6608853666e-03 1.0042496207e+00 2.5786789500e+00 0.0000000000e+00 3.3079534059e-03
4.7880787309e+00 9.8392930760e-01 -3.6602616438e-03 1.0042481777e+00 2.5516268547e+00 0.0000000000e+00 3.2732554289e-03
4.7913350483e+00 9.9419308618e-01 -3.6594687348e-03 1.0042466809e+00 2.5252807901e+00 0.0000000000e+00 3.2394632315e-03
4.7945576574e+00 1.0043747123e+00 -3.6584977490e-03 1.0042450542e+00 2.4996772666e+00 0.0000000000e+00 3.2066238907e-03
4.7977482961e+00 1.0144510102e+00 -3.6574239518e-03 1.0042433205e+00 2.4748443009e+00 0.0000000000e+00 3.1747732669e-03
4.8009072039e+00 1.0243995575e+00 -3.6563048580e-03 1.0042414994e+00 2.4508051865e+00 0.0000000000e+00 3.1439411743e-03
4.8040361784e+00 1.0342006967e+00 -3.6551966828e-03 1.0042395994e+00 2.4275742673e+00 0.0000000000e+00 3.1141459853e-03
4.8071354959e+00 1.0438351357e+00 -3.6541810131e-03 1.0042375993e+00 2.4051633370e+00 0.0000000000e+00 3.0854028933e-03
4.8102069842e+00 1.0532863784e+00 -3.6533438826e-03 1.0042354841e+00 2.3835765482e+00 0.0000000000e+00 3.0577172683e-03
4.8132509304e+00 1.0625372318e+00 -3.6527756020e-03 1.0042332094e+00 2.3628188718e+00 0.0000000000e+00 3.0310956184e-03
4.8162691754e+00 1.0715742268e+00 -3.6525421311e-03 1.0042307261e+00 2.3428865238e+00 0.0000000000e+00 3.0055332307e-03
4.8192619969e+00 1.0803823097e+00 -3.6527001366e-03 1.0042281682e+00 2.3237796455e+00 0.0000000000e+00 2.9810298807e-03
4.8222312352e+00 1.0889509641e+00 -3.6531966704e-03 1.0042255221e+00 2.3054883903e+00 0.0000000000e+00 2.9575729799e-03
4.8251771428e+00 1.0972661625e+00 -3.6540876686e-03 1.0042226794e+00 2.2880106799e+00 0.0000000000e+00 2.9351601808e-03
4.8281015555e+00 1.1053198114e+00 -3.6553439733e-03 1.0042194380e+00 2.2713323049e+00 0.0000000000e+00 2.9137738368e-03
4.8310046905e+00 1.1130994831e+00 -3.6570435578e-03 1.0042157812e+00 2.2554493028e+00 0.0000000000e+00 2.8934088971e-03
4.8338883733e+00 1.1205985910e+00 -3.6591256636e-03 1.0042115784e+00 2.2403463347e+00 0.0000000000e+00 2.8740460442e-03
4.8367527826e+00 1.1278064890e+00 -3.6616538537e-03 1.0042068888e+00 2.2260177134e+00 0.0000000000e+00 2.8556777949e-03
4.8395997289e+00 1.1347184481e+00 -3.6645698090e-03 1.0042016330e+00 2.2124466971e+00 0.0000000000e+00 2.8382828825e-03
4.8424293483e+00 1.1413250427e+00 -3.6679363123e-03 1.0041958968e+00 2.1996273174e+00 0.0000000000e+00 2.8218533960e-03
4.8452434357e+00 1.1476220881e+00 -3.6716864456e-03 1.0041896160e+00 2.1875441976e+00 0.0000000000e+00 2.8063697807e-03
4.8480420879e+00 1.1536025381e+00 -3.6758477612e-03 1.0041828594e+00 2.1761889953e+00 0.0000000000e+00 2.7918211353e-03
4.8508270780e+00 1.1592623806e+00 -3.6803763279e-03 1.0041756138e+00 2.1655486079e+00 0.0000000000e+00 2.7781906855e-03
4.8535984693e+00 1.1645952905e+00 -3.6852819508e-03 1.0041679373e+00 2.1556156579e+00 0.0000000000e+00 2.7654688061e-03
4.8563580156e+00 1.1695990087e+00 -3.6905220974e-03 1.0041598180e+00 2.1463762592e+00 0.0000000000e+00 2.7536377202e-03
4.8591057447e+00 1.1742676502e+00 -3.6961028425e-03 1.0041512974e+00 2.1378245778e+00 0.0000000000e+00 2.7426898349e-03
4.8618433953e+00 1.1786006372e+00 -3.7019888422e-03 1.0041423548e+00 2.1299461478e+00 0.0000000000e+00 2.7326066575e-03
4.8645709580e+00 1.1825902446e+00 -3.7081840726e-03 1.0041330070e+00 2.1227407626e+00 0.0000000000e+00 2.7233878873e-03
4.8672901710e+00 1.1862391228e+00 -3.7146803192e-03 1.0041232390e+00 2.1161906139e+00 0.0000000000e+00 2.7150107308e-03
4.8700009795e+00 1.1895397110e+00 -3.7214682157e-03 1.0041130905e+00 2.1102975404e+00 0.0000000000e+00 2.7074774536e-03
4.8727051260e+00 1.1924945779e+00 -3.7284207192e-03 1.0041027507e+00 2.1050467845e+00 0.0000000000e+00 2.7007686302e-03
4.8754025168e+00 1.1950976696e+00 -3.7352253742e-03 1.0040925584e+00 2.1004403739e+00 0.0000000000e+00 2.6948859743e-03
4.8780948979e+00 1.1973512691e+00 -3.7418199208e-03 1.0040826185e+00 2.0964662677e+00 0.0000000000e+00 2.6898137839e-03
4.8807821443e+00 1.1992503330e+00 -3.7481327428e-03 1.0040730343e+00 2.0931264446e+00 0.0000000000e+00 2.6855543493e-03
4.8834660066e+00 1.2007982641e+00 -3.7540151776e-03 1.0040639948e+00 2.0904094067e+00 0.0000000000e+00 2.6820924413e-03
4.8861463292e+00 1.2019893296e+00 -3.7594075756e-03 1.0040555758e+00 2.0883204847e+00 0.0000000000e+00 2.6794347241e-03
4.8888248761e+00 1.2028282067e+00 -3.7643532054e-03 1.0040477234e+00 2.0868477265e+00 0.0000000000e+00 2.6775660312e-03
4.8915014613e+00 1.2033080371e+00 -3.7689087052e-03 1.0040403694e+00 2.0860002976e+00 0.0000000000e+00 2.6764983267e-03
4.8941778727e+00 1.2034356550e+00 -3.7731043928e-03 1.0040334792e+00 2.0857647749e+00 0.0000000000e+00 2.6762144984e-03
4.8968538903e+00 1.2032029350e+00 -3.7769212866e-03 1.0040270790e+00 2.0861548991e+00 0.0000000000e+00 2.6767321240e-03
4.8995313370e+00 1.2026190264e+00 -3.7803276107e-03 1.0040212077e+00 2.0871555864e+00 0.0000000000e+00 2.6780317599e-03
4.9022099538e+00 1.2016745947e+00 -3.7833057010e-03 1.0040158842e+00 2.0887848687e+00 0.0000000000e+00 2.6801365044e-03
4.9048916100e+00 1.2003804386e+00 -3.7858543366e-03 1.0040111078e+00 2.0910268850e+00 0.0000000000e+00 2.6830260175e-03
4.9075760058e+00 1.1987267940e+00 -3.7879963364e-03 1.0040068498e+00 2.0939025781e+00 0.0000000000e+00 2.6867272541e-03
4.9102650645e+00 1.1967251614e+00 -3.7897530990e-03 1.0040030855e+00 2.0973969586e+00 0.0000000000e+00 2.6912210518e-03
4.9129584479e+00 1.1943662517e+00 -3.7911393987e-03 1.0039997972e+00 2.1015324984e+00 0.0000000000e+00 2.6965362954e-03
4.9156581371e+00 1.1916623528e+00 -3.7921648730e-03 1.0039969700e+00 2.1062949744e+00 0.0000000000e+00 2.7026547747e-03
4.9183637575e+00 1.1886038064e+00 -3.7928451149e-03 1.0039945798e+00 2.1117099205e+00 0.0000000000e+00 2.7096093168e-03
4.9210773557e+00 1.1852046660e+00 -3.7932274191e-03 1.0039925629e+00 2.1177620029e+00 0.0000000000e+00 2.7173804154e-03
4.9237985183e+00 1.1814539638e+00 -3.7933904973e-03 1.0039908206e+00 2.1244814681e+00 0.0000000000e+00 2.7260071459e-03
4.9265293700e+00 1.1773683662e+00 -3.7934332591e-03 1.0039892464e+00 2.1318503095e+00 0.0000000000e+00 2.7354666901e-03
4.9292694517e+00 1.1729357789e+00 -3.7933813664e-03 1.0039877997e+00 2.1399036028e+00 0.0000000000e+00 2.7458041656e-03
4.9320209783e+00 1.1681754324e+00 -3.7931571870e-03 1.0039865539e+00 2.1486211019e+00 0.0000000000e+00 2.7569933919e-03
4.9347834385e+00 1.1630738746e+00 -3.7927160124e-03 1.0039855614e+00 2.1580434040e+00 0.0000000000e+00 2.7690863135e-03
4.9375591509e+00 1.1576530801e+00 -3.7920935660e-03 1.0039847949e+00 2.1681469434e+00 0.0000000000e+00 2.7820527609e-03
4.9403475440e+00 1.1518983966e+00 -3.7913402756e-03 1.0039842081e+00 2.1789773538e+00 0.0000000000e+00 2.7959514113e-03
4.9431510538e+00 1.1458346325e+00 -3.7904318412e-03 1.0039838227e+00 2.1905076751e+00 0.0000000000e+00 2.8107476040e-03
4.9459690392e+00 1.1394461955e+00 -3.7892787650e-03 1.0039836958e+00 2.2027887315e+00 0.0000000000e+00 2.8265063857e-03
4.9488040665e+00 1.1327607352e+00 -3.7879888144e-03 1.0039838101e+00 2.2157896609e+00 0.0000000000e+00 2.8431881930e-03
4.9516554156e+00 1.1257620049e+00 -3.7865271691e-03 1.0039840918e+00 2.2295655907e+00 0.0000000000e+00 2.8608639602e-03
4.9545257945e+00 1.1184802847e+00 -3.7849017203e-03 1.0039846522e+00 2.2440821397e+00 0.0000000000e+00 2.8794892426e-03
4.9574143941e+00 1.1108993965e+00 -3.7830256100e-03 1.0039854659e+00 2.2593978112e+00 0.0000000000e+00 2.8991391641e-03
4.9603240728e+00 1.1030524576e+00 -3.7809221311e-03 1.0039866156e+00 2.2754734117e+00 0.0000000000e+00 2.9197631767e-03
4.9632539204e+00 1.0949219059e+00 -3.7785431484e-03 1.0039880610e+00 2.2923736744e+00 0.0000000000e+00 2.9414444358e-03
4.9662069617e+00 1.0865487971e+00 -3.7759232299e-03 1.0039898361e+00 2.3100431356e+00 0.0000000000e+00 2.9641116499e-03
4.9691821437e+00 1.0779023863e+00 -3.7730491493e-03 1.0039918959e+00 2.3285779601e+00 0.0000000000e+00 2.9878883179e-03
4.9721827383e+00 1.0690556687e+00 -3.7699505089e-03 1.0039942370e+00 2.3478530314e+00 0.0000000000e+00 3.0126138817e-03
4.9752073715e+00 1.0599205840e+00 -3.7666360371e-03 1.0039968233e+00 2.3680944554e+00 0.0000000000e+00 3.0385785466e-03
4.9782598954e+00 1.0506845729e+00 -3.7631284635e-03 1.0039996476e+00 2.3889178388e+00 0.0000000000e+00 3.0652890799e-03
4.9813379496e+00 1.0409981960e+00 -3.7594545771e-03 1.0040026285e+00 2.4111536225e+00 0.0000000000e+00 3.0938112669e-03
4.9844475179e+00 1.0316021429e+00 -3.7555546256e-03 1.0040059387e+00 2.4331229478e+00 0.0000000000e+00 3.1219903623e-03
4.9875819304e+00 1.0207728724e+00 -3.7516965880e-03 1.0040090359e+00 2.4589432749e+00 0.0000000000e+00 3.1551112248e-03
4.9907577404e+00 1.0141198447e+00 -3.7470323951e-03 1.0040145897e+00 2.4750886076e+00 0.0000000000e+00 3.1758100038e-03
