# x  rho  v  p  e  w  vol
8.5667910738e-04 1.4584767546e-01 1.1955815625e-02 6.7762542780e+01 1.1615293588e+03 0.0000000000e+00 1.7141171377e-03
2.5715551681e-03 1.4618271881e-01 3.5384444433e-02 6.7731134794e+01 1.1583300568e+03 0.0000000000e+00 1.7101884685e-03
4.2770560443e-03 1.4633120311e-01 5.6134615029e-02 6.7749938942e+01 1.1574759433e+03 0.0000000000e+00 1.7084531165e-03
5.9884614011e-03 1.4622218094e-01 7.8521353846e-02 6.7773444429e+01 1.1587408284e+03 0.0000000000e+00 1.7097269265e-03
7.6965098972e-03 1.4630391189e-01 9.9788909946e-02 6.7807558360e+01 1.1586764407e+03 0.0000000000e+00 1.7087718077e-03
9.4060050164e-03 1.4634983516e-01 1.2132012118e-01 6.7848270128e+01 1.1590083114e+03 0.0000000000e+00 1.7082356104e-03
1.1112981118e-02 1.4642146073e-01 1.4247123107e-01 6.7895711625e+01 1.1592513708e+03 0.0000000000e+00 1.7073999860e-03
1.2820804989e-02 1.4650282714e-01 1.6345756938e-01 6.7948510954e+01 1.1595085276e+03 0.0000000000e+00 1.7064517108e-03
1.4525884540e-02 1.4658964452e-01 1.8418502478e-01 6.8005956504e+01 1.1598015113e+03 0.0000000000e+00 1.7054410686e-03
1.6231687126e-02 1.4668405099e-01 2.0471549836e-01 6.8067190757e+01 1.1600987002e+03 0.0000000000e+00 1.7043434396e-03
1.7934571419e-02 1.4678326203e-01 2.2505654133e-01 6.8131517924e+01 1.1604102024e+03 0.0000000000e+00 1.7031914711e-03
1.9638070068e-02 1.4688526676e-01 2.4524729226e-01 6.8198307090e+01 1.1607411110e+03 0.0000000000e+00 1.7020086869e-03
2.1338588793e-02 1.4699196768e-01 2.6532051904e-01 6.8267047497e+01 1.1610676518e+03 0.0000000000e+00 1.7007732051e-03
2.3039616478e-02 1.4709911565e-01 2.8531331808e-01 6.8337330834e+01 1.1614164118e+03 0.0000000000e+00 1.6995343506e-03
2.4737657494e-02 1.4720999227e-01 3.0526053768e-01 6.8408845062e+01 1.1617561418e+03 0.0000000000e+00 1.6982542838e-03
2.6436125046e-02 1.4732068629e-01 3.2519314219e-01 6.8481366170e+01 1.1621138873e+03 0.0000000000e+00 1.6969782472e-03
2.8131613988e-02 1.4743409261e-01 3.4513318222e-01 6.8554735396e+01 1.1624640913e+03 0.0000000000e+00 1.6956729314e-03
2.9827470909e-02 1.4754729756e-01 3.6509493091e-01 6.8628818420e+01 1.1628274383e+03 0.0000000000e+00 1.6943719346e-03
3.1520357858e-02 1.4766248690e-01 3.8508699994e-01 6.8703491194e+01 1.1631845812e+03 0.0000000000e+00 1.6930501799e-03
3.3213571269e-02 1.4777739541e-01 4.0510618675e-01 6.8778643725e+01 1.1635514947e+03 0.0000000000e+00 1.6917337006e-03
3.4903825259e-02 1.4789372586e-01 4.2513970018e-01 6.8854165177e+01 1.1639128836e+03 0.0000000000e+00 1.6904030143e-03
3.6594377297e-02 1.4800953553e-01 4.4516905834e-01 6.8929943873e+01 1.1642821462e+03 0.0000000000e+00 1.6890803630e-03
3.8281985985e-02 1.4812634940e-01 4.6517765687e-01 6.9005888056e+01 1.1646457287e+03 0.0000000000e+00 1.6877483379e-03
3.9969873973e-02 1.4824263389e-01 4.8515246168e-01 6.9081941698e+01 1.1650147445e+03 0.0000000000e+00 1.6864244343e-03
4.1654834853e-02 1.4835959409e-01 5.0508393875e-01 6.9158079815e+01 1.1653792975e+03 0.0000000000e+00 1.6850949312e-03
4.3340063835e-02 1.4847611627e-01 5.2496526888e-01 6.9234307821e+01 1.1657482288e+03 0.0000000000e+00 1.6837724900e-03
4.5022379834e-02 1.4859329459e-01 5.4479180581e-01 6.9310651934e+01 1.1661133856e+03 0.0000000000e+00 1.6824446937e-03
4.6704953223e-02 1.4871017681e-01 5.6455917933e-01 6.9387152173e+01 1.1664829143e+03 0.0000000000e+00 1.6811223371e-03
4.8384624508e-02 1.4882781602e-01 5.8426293311e-01 6.9463852748e+01 1.1668492928e+03 0.0000000000e+00 1.6797935137e-03
5.0064540250e-02 1.4894531990e-01 6.0389769817e-01 6.9540798545e+01 1.1672202690e+03 0.0000000000e+00 1.6784683142e-03
5.1741561136e-02 1.4906368211e-01 6.2345779161e-01 6.9618030674e+01 1.1675887394e+03 0.0000000000e+00 1.6771355468e-03
5.3418811344e-02 1.4918205290e-01 6.4293713606e-01 6.9695587253e+01 1.1679619951e+03 0.0000000000e+00 1.6758047978e-03
5.5093170732e-02 1.4930137796e-01 6.6233015545e-01 6.9773501880e+01 1.1683331867e+03 0.0000000000e+00 1.6744654565e-03
5.6767742257e-02 1.4942083979e-01 6.8163176694e-01 6.9851805368e+01 1.1687092220e+03 0.0000000000e+00 1.6731267228e-03
5.8439424177e-02 1.4954130043e-01 7.0083813108e-01 6.9930524062e+01 1.1690837892e+03 0.0000000000e+00 1.6717789619e-03
6.0111300180e-02 1.4966198858e-01 7.1994647516e-01 7.0009680612e+01 1.1694632898e+03 0.0000000000e+00 1.6704308313e-03
6.1780285840e-02 1.4978372295e-01 7.3895558997e-01 7.0089291603e+01 1.1698415927e+03 0.0000000000e+00 1.6690732149e-03
6.3449446610e-02 1.4990574367e-01 7.5786545688e-01 7.0169368007e+01 1.1702248074e+03 0.0000000000e+00 1.6677146177e-03
6.5115715075e-02 1.5002881961e-01 7.7667751094e-01 7.0249913290e+01 1.1706069786e+03 0.0000000000e+00 1.6663465102e-03
6.6782139631e-02 1.5015219393e-01 7.9539411131e-01 7.0330924711e+01 1.1709939573e+03 0.0000000000e+00 1.6649773370e-03
6.8445669749e-02 1.5027658970e-01 8.1401866865e-01 7.0412392606e+01 1.1713799326e+03 0.0000000000e+00 1.6635991042e-03
7.0109337839e-02 1.5040126634e-01 8.3255508755e-01 7.0494302615e+01 1.1717704300e+03 0.0000000000e+00 1.6622200469e-03
7.1770109843e-02 1.5052688746e-01 8.5100790797e-01 7.0576635697e+01 1.1721599524e+03 0.0000000000e+00 1.6608328533e-03
7.3431003546e-02 1.5065274953e-01 8.6938185033e-01 7.0659370492e+01 1.1725536161e+03 0.0000000000e+00 1.6594453190e-03
7.5089000481e-02 1.5077946758e-01 8.8768204041e-01 7.0742483250e+01 1.1729462305e+03 0.0000000000e+00 1.6580506883e-03
7.6747104922e-02 1.5090636042e-01 9.0591366466e-01 7.0825949729e+01 1.1733426863e+03 0.0000000000e+00 1.6566564809e-03
7.8402313443e-02 1.5103402140e-01 9.2408221466e-01 7.0909744736e+01 1.1737379446e+03 0.0000000000e+00 1.6552561978e-03
8.0057617318e-02 1.5116179709e-01 9.4219314226e-01 7.0993843640e+01 1.1741366702e+03 0.0000000000e+00 1.6538570248e-03
8.1710027493e-02 1.5129025068e-01 9.6025202986e-01 7.1078221797e+01 1.1745340740e+03 0.0000000000e+00 1.6524528109e-03
8.3362522940e-02 1.5141875944e-01 9.7826419081e-01 7.1162855982e+01 1.1749346026e+03 0.0000000000e+00 1.6510503780e-03
8.5012128248e-02 1.5154785937e-01 9.9623478655e-01 7.1247723861e+01 1.1753337222e+03 0.0000000000e+00 1.6496438883e-03
8.6661810716e-02 1.5167694999e-01 1.0141684642e+00 7.1332805272e+01 1.1757357541e+03 0.0000000000e+00 1.6482398941e-03
8.8308608037e-02 1.5180659427e-01 1.0320695449e+00 7.1418081451e+01 1.1761360202e+03 0.0000000000e+00 1.6468322816e-03
8.9955475279e-02 1.5193618499e-01 1.0499417932e+00 7.1503535914e+01 1.1765389515e+03 0.0000000000e+00 1.6454276512e-03
9.1599463339e-02 1.5206624425e-01 1.0677887221e+00 7.1589153330e+01 1.1769402487e+03 0.0000000000e+00 1.6440203494e-03
9.3243515978e-02 1.5219621527e-01 1.0856134309e+00 7.1674920135e+01 1.1773439965e+03 0.0000000000e+00 1.6426164052e-03
9.4884696150e-02 1.5232661698e-01 1.1034188989e+00 7.1760823405e+01 1.1777459650e+03 0.0000000000e+00 1.6412102163e-03
9.6525936411e-02 1.5245689712e-01 1.1212077990e+00 7.1846851553e+01 1.1781502331e+03 0.0000000000e+00 1.6398077406e-03
9.8164311631e-02 1.5258756961e-01 1.1389827500e+00 7.1932993318e+01 1.1785526419e+03 0.0000000000e+00 1.6384034468e-03
9.9802743305e-02 1.5271809216e-01 1.1567461447e+00 7.2019238417e+01 1.1789572113e+03 0.0000000000e+00 1.6370031636e-03
1.0143831796e-01 1.5284897019e-01 1.1745004462e+00 7.2105576420e+01 1.1793598663e+03 0.0000000000e+00 1.6356014678e-03
1.0307394624e-01 1.5297967137e-01 1.1922480399e+00 7.2191997387e+01 1.1797645521e+03 0.0000000000e+00 1.6342040597e-03
1.0470672608e-01 1.5311069309e-01 1.2099914190e+00 7.2278491217e+01 1.1801672659e+03 0.0000000000e+00 1.6328056189e-03
1.0633955748e-01 1.5324151479e-01 1.2277327502e+00 7.2365049317e+01 1.1805718805e+03 0.0000000000e+00 1.6314116990e-03
1.0796954948e-01 1.5337263072e-01 1.2454736557e+00 7.2451665219e+01 1.1809744816e+03 0.0000000000e+00 1.6300170300e-03
1.0959959154e-01 1.5350353334e-01 1.2632147893e+00 7.2538335659e+01 1.1813789247e+03 0.0000000000e+00 1.6286270066e-03
1.1122680349e-01 1.5363471951e-01 1.2809566985e+00 7.2625057588e+01 1.1817813353e+03 0.0000000000e+00 1.6272363486e-03
1.1285406424e-01 1.5376568586e-01 1.2986998757e+00 7.2711828767e+01 1.1821855501e+03 0.0000000000e+00 1.6258503879e-03
1.1447850426e-01 1.5389692485e-01 1.3164450651e+00 7.2798645743e+01 1.1825877258e+03 0.0000000000e+00 1.6244639082e-03
1.1610299205e-01 1.5402793666e-01 1.3341928066e+00 7.2885506048e+01 1.1829916642e+03 0.0000000000e+00 1.6230821851e-03
1.1772466863e-01 1.5415921264e-01 1.3519439049e+00 7.2972406042e+01 1.1833935318e+03 0.0000000000e+00 1.6217000315e-03
1.1934639211e-01 1.5429024242e-01 1.3696988105e+00 7.3059343709e+01 1.1837972150e+03 0.0000000000e+00 1.6203228155e-03
1.2096531427e-01 1.5442154319e-01 1.3874583284e+00 7.3146315457e+01 1.1841986867e+03 0.0000000000e+00 1.6189450955e-03
1.2258428231e-01 1.5455258465e-01 1.4052227932e+00 7.3233319792e+01 1.1846019909e+03 0.0000000000e+00 1.6175724305e-03
1.2420045913e-01 1.5468388818e-01 1.4229928964e+00 7.3320353661e+01 1.1850030815e+03 0.0000000000e+00 1.6161993530e-03
1.2581668101e-01 1.5481493251e-01 1.4407687407e+00 7.3407416576e+01 1.1854059454e+03 0.0000000000e+00 1.6148313083e-03
1.2743012174e-01 1.5494622772e-01 1.4585509391e+00 7.3494505828e+01 1.1858066329e+03 0.0000000000e+00 1.6134629651e-03
1.2904360694e-01 1.5507726416e-01 1.4763394147e+00 7.3581621622e+01 1.1862090491e+03 0.0000000000e+00 1.6120996289e-03
1.3065432100e-01 1.5520854487e-01 1.4941346780e+00 7.3668761600e+01 1.1866093079e+03 0.0000000000e+00 1.6107360598e-03
1.3226507906e-01 1.5533956743e-01 1.5119365266e+00 7.3755926393e+01 1.1870112620e+03 0.0000000000e+00 1.6093774698e-03
1.3387307594e-01 1.5547082854e-01 1.5297454807e+00 7.3843113511e+01 1.1874110758e+03 0.0000000000e+00 1.6080187026e-03
1.3548111647e-01 1.5560183236e-01 1.5475612036e+00 7.3930324024e+01 1.1878125550e+03 0.0000000000e+00 1.6066648844e-03
1.3708640571e-01 1.5573307186e-01 1.5653840988e+00 7.4017555830e+01 1.1882119023e+03 0.0000000000e+00 1.6053109144e-03
1.3869173830e-01 1.5586405220e-01 1.5832136295e+00 7.4104810768e+01 1.1886129246e+03 0.0000000000e+00 1.6039618916e-03
1.4029432949e-01 1.5599527124e-01 1.6010500597e+00 7.4192087294e+01 1.1890117999e+03 0.0000000000e+00 1.6026126818e-03
1.4189696366e-01 1.5612622984e-01 1.6188926535e+00 7.4279388096e+01 1.1894123776e+03 0.0000000000e+00 1.6012684112e-03
1.4349686631e-01 1.5625743210e-01 1.6367417307e+00 7.4366711475e+01 1.1898107897e+03 0.0000000000e+00 1.5999238989e-03
1.4509681146e-01 1.5638837213e-01 1.6545967299e+00 7.4454059519e+01 1.1902109234e+03 0.0000000000e+00 1.5985843231e-03
1.4669403496e-01 1.5651955313e-01 1.6724582559e+00 7.4541429478e+01 1.1906089045e+03 0.0000000000e+00 1.5972445295e-03
1.4829130052e-01 1.5665047169e-01 1.6903258312e+00 7.4628823198e+01 1.1910085938e+03 0.0000000000e+00 1.5959096536e-03
1.4988585427e-01 1.5678163059e-01 1.7082001121e+00 7.4716237788e+01 1.1914061218e+03 0.0000000000e+00 1.5945745624e-03
1.5148044964e-01 1.5691252609e-01 1.7260804821e+00 7.4803675699e+01 1.1918053575e+03 0.0000000000e+00 1.5932443778e-03
1.5307234302e-01 1.5704366007e-01 1.7439675196e+00 7.4891134360e+01 1.1922024475e+03 0.0000000000e+00 1.5919139931e-03
1.5466427763e-01 1.5717452882e-01 1.7618605740e+00 7.4978616343e+01 1.1926012584e+03 0.0000000000e+00 1.5905885125e-03
1.5625352005e-01 1.5730563532e-01 1.7797604303e+00 7.5066118181e+01 1.1929979182e+03 0.0000000000e+00 1.5892628353e-03
1.5784280330e-01 1.5743647571e-01 1.7976664869e+00 7.5153642179e+01 1.1933962863e+03 0.0000000000e+00 1.5879420501e-03
1.5942940415e-01 1.5756754871e-01 1.8155794728e+00 7.5241185016e+01 1.1937925295e+03 0.0000000000e+00 1.5866211161e-03
1.6101604553e-01 1.5769835521e-01 1.8334986084e+00 7.5328749658e+01 1.1941904777e+03 0.0000000000e+00 1.5853050570e-03
1.6260001426e-01 1.5782938961e-01 1.8514246543e+00 7.5416332598e+01 1.1945863312e+03 0.0000000000e+00 1.5839888922e-03
1.6418402331e-01 1.5796015659e-01 1.8693568441e+00 7.5503936729e+01 1.1949838864e+03 0.0000000000e+00 1.5826775904e-03
1.6576536944e-01 1.5809114823e-01 1.8872959765e+00 7.5591558385e+01 1.1953793623e+03 0.0000000000e+00 1.5813662105e-03
1.6734675574e-01 1.5822186616e-01 1.9052411387e+00 7.5679201100e+01 1.1957765847e+03 0.0000000000e+00 1.5800597355e-03
1.6892548891e-01 1.5835281178e-01 1.9231930354e+00 7.5766861646e+01 1.1961717129e+03 0.0000000000e+00 1.5787531474e-03
1.7050426203e-01 1.5848349017e-01 1.9411506923e+00 7.5854543893e+01 1.1965685481e+03 0.0000000000e+00 1.5774513783e-03
1.7208039167e-01 1.5861443280e-01 1.9591150360e+00 7.5942243763e+01 1.1969630131e+03 0.0000000000e+00 1.5761491283e-03
1.7365656029e-01 1.5874512058e-01 1.9770852216e+00 7.6029964673e+01 1.1973590809e+03 0.0000000000e+00 1.5748515550e-03
1.7523009478e-01 1.5887610920e-01 1.9950621464e+00 7.6117702697e+01 1.1977524985e+03 0.0000000000e+00 1.5735531368e-03
1.7680366656e-01 1.5900681319e-01 2.0130446906e+00 7.6205462432e+01 1.1981477539e+03 0.0000000000e+00 1.5722596723e-03
1.7837461413e-01 1.5913782936e-01 2.0310337890e+00 7.6293239793e+01 1.1985402858e+03 0.0000000000e+00 1.5709652507e-03
1.7994559706e-01 1.5926852448e-01 2.0490284320e+00 7.6381038916e+01 1.1989349302e+03 0.0000000000e+00 1.5696761228e-03
1.8151396637e-01 1.5939947959e-01 2.0670296551e+00 7.6468855278e+01 1.1993272418e+03 0.0000000000e+00 1.5683865508e-03
1.8308237016e-01 1.5953030706e-01 2.0850362150e+00 7.6556693844e+01 1.1997202171e+03 0.0000000000e+00 1.5671003499e-03
1.8464816707e-01 1.5966165596e-01 2.1030490901e+00 7.6644550294e+01 1.2001089089e+03 0.0000000000e+00 1.5658111429e-03
1.8621399245e-01 1.5979492983e-01 2.1210670142e+00 7.6732428475e+01 1.2004828401e+03 0.0000000000e+00 1.5645052085e-03
1.8777717749e-01 1.5992415099e-01 2.1390908506e+00 7.6820326548e+01 1.2008868903e+03 0.0000000000e+00 1.5632410643e-03
1.8934047458e-01 1.6006266292e-01 2.1571201678e+00 7.6908241529e+01 1.2012208239e+03 0.0000000000e+00 1.5618882970e-03
1.9090095408e-01 1.6018203141e-01 2.1751537067e+00 7.6996186192e+01 1.2016982416e+03 0.0000000000e+00 1.5607243697e-03
1.9246192332e-01 1.6032004038e-01 2.1931959267e+00 7.7084133583e+01 1.2020352135e+03 0.0000000000e+00 1.5593808448e-03
1.9401971577e-01 1.6044267538e-01 2.2112393671e+00 7.7172125292e+01 1.2024875101e+03 0.0000000000e+00 1.5581889258e-03
1.9557830117e-01 1.6057845770e-01 2.2292928496e+00 7.7260110930e+01 1.2028405310e+03 0.0000000000e+00 1.5568713486e-03
1.9713345847e-01 1.6070466885e-01 2.2473463109e+00 7.7348145036e+01 1.2032653686e+03 0.0000000000e+00 1.5556486429e-03
1.9868959846e-01 1.6083899263e-01 2.2654099845e+00 7.7436172904e+01 1.2036287289e+03 0.0000000000e+00 1.5543494516e-03
2.0024215737e-01 1.6096656460e-01 2.2834734859e+00 7.7524247874e+01 1.2040427164e+03 0.0000000000e+00 1.5531175721e-03
2.0179583360e-01 1.6109971572e-01 2.3015471737e+00 7.7612318249e+01 1.2044142645e+03 0.0000000000e+00 1.5518338991e-03
2.0334582517e-01 1.6122839971e-01 2.3196206473e+00 7.7700434045e+01 1.2048192841e+03 0.0000000000e+00 1.5505953073e-03
2.0489702421e-01 1.6136057244e-01 2.3377042388e+00 7.7788546764e+01 1.2051975521e+03 0.0000000000e+00 1.5493251927e-03
2.0644447556e-01 1.6149003297e-01 2.3557876924e+00 7.7876703375e+01 1.2055961279e+03 0.0000000000e+00 1.5480831566e-03
2.0799319053e-01 1.6162153966e-01 2.3738811387e+00 7.7964857813e+01 1.2059787634e+03 0.0000000000e+00 1.5468235269e-03
2.0953812261e-01 1.6175147400e-01 2.3919746166e+00 7.8053054737e+01 1.2063731601e+03 0.0000000000e+00 1.5455809695e-03
2.1108435247e-01 1.6188245905e-01 2.4100779340e+00 7.8141249891e+01 1.2067590638e+03 0.0000000000e+00 1.5443303831e-03
2.1262678338e-01 1.6201284071e-01 2.4281813554e+00 7.8229486207e+01 1.2071494744e+03 0.0000000000e+00 1.5430875658e-03
2.1417052760e-01 1.6214333770e-01 2.4462944828e+00 7.8317721703e+01 1.2075383857e+03 0.0000000000e+00 1.5418456506e-03
2.1571047468e-01 1.6227392858e-01 2.4644076285e+00 7.8405997443e+01 1.2079265926e+03 0.0000000000e+00 1.5406048414e-03
2.1725173728e-01 1.6240445322e-01 2.4825301268e+00 7.8494273551e+01 1.2083146735e+03 0.0000000000e+00 1.5393666555e-03
2.1878920799e-01 1.6253474490e-01 2.5006524397e+00 7.8582590054e+01 1.2087044850e+03 0.0000000000e+00 1.5381326630e-03
2.2032800261e-01 1.6266540113e-01 2.5187838276e+00 7.8670907781e+01 1.2090909811e+03 0.0000000000e+00 1.5368972029e-03
2.2186300239e-01 1.6279586155e-01 2.5369149832e+00 7.8759265483e+01 1.2094789255e+03 0.0000000000e+00 1.5356655730e-03
2.2339933375e-01 1.6292640027e-01 2.5550548836e+00 7.8847625281e+01 1.2098656994e+03 0.0000000000e+00 1.5344351780e-03
2.2493187275e-01 1.6305672289e-01 2.5731944982e+00 7.8936024957e+01 1.2102540692e+03 0.0000000000e+00 1.5332087850e-03
2.2646575132e-01 1.6318724475e-01 2.5913426072e+00 7.9024427659e+01 1.2106403871e+03 0.0000000000e+00 1.5319824805e-03
2.2799583771e-01 1.6331756347e-01 2.6094904607e+00 7.9112869988e+01 1.2110282003e+03 0.0000000000e+00 1.5307600400e-03
2.2952727140e-01 1.6344808769e-01 2.6276465399e+00 7.9201316117e+01 1.2114139302e+03 0.0000000000e+00 1.5295376259e-03
2.3105491296e-01 1.6357835243e-01 2.6458023240e+00 7.9289801821e+01 1.2118015716e+03 0.0000000000e+00 1.5283195868e-03
2.3258391058e-01 1.6370887979e-01 2.6639660609e+00 7.9378292329e+01 1.2121867248e+03 0.0000000000e+00 1.5271010364e-03
2.3410911504e-01 1.6383912520e-01 2.6821295249e+00 7.9466822045e+01 1.2125739494e+03 0.0000000000e+00 1.5258870535e-03
2.3563568468e-01 1.6396963844e-01 2.7003007563e+00 7.9555356977e+01 1.2129586571e+03 0.0000000000e+00 1.5246725088e-03
2.3715846005e-01 1.6409985927e-01 2.7184717780e+00 7.9643930657e+01 1.2133455051e+03 0.0000000000e+00 1.5234626106e-03
2.3868260990e-01 1.6423036781e-01 2.7366504106e+00 7.9732509774e+01 1.2137296962e+03 0.0000000000e+00 1.5222519643e-03
2.4020296398e-01 1.6436056522e-01 2.7548289533e+00 7.9821126701e+01 1.2141161506e+03 0.0000000000e+00 1.5210461200e-03
2.4172470214e-01 1.6449105734e-01 2.7730150920e+00 7.9909748393e+01 1.2144998896e+03 0.0000000000e+00 1.5198394614e-03
2.4324264290e-01 1.6462121221e-01 2.7912012446e+00 7.9998407237e+01 1.2148860733e+03 0.0000000000e+00 1.5186378270e-03
2.4476197780e-01 1.6475169621e-01 2.8093949523e+00 8.0087070443e+01 1.2152692853e+03 0.0000000000e+00 1.5174350599e-03
2.4627751302e-01 1.6488182247e-01 2.8275886540e+00 8.0175770451e+01 1.2156550863e+03 0.0000000000e+00 1.5162374861e-03
2.4779445277e-01 1.6501229255e-01 2.8457897020e+00 8.0264475176e+01 1.2160378165e+03 0.0000000000e+00 1.5150386443e-03
2.4930759031e-01 1.6514238363e-01 2.8639905875e+00 8.0353216846e+01 1.2164232931e+03 0.0000000000e+00 1.5138451711e-03
2.5082214311e-01 1.6527284729e-01 2.8821985510e+00 8.0441964201e+01 1.2168055056e+03 0.0000000000e+00 1.5126501667e-03
2.5233289065e-01 1.6540291871e-01 2.9004062307e+00 8.0530748668e+01 1.2171905625e+03 0.0000000000e+00 1.5114606317e-03
2.5384506438e-01 1.6553336861e-01 2.9186205939e+00 8.0619540329e+01 1.2175723392e+03 0.0000000000e+00 1.5102695131e-03
2.5535342967e-01 1.6566341147e-01 2.9368345553e+00 8.0708369164e+01 1.2179570680e+03 0.0000000000e+00 1.5090839780e-03
2.5686323233e-01 1.6579385357e-01 2.9550548398e+00 8.0797206621e+01 1.2183383895e+03 0.0000000000e+00 1.5078966718e-03
2.5836922302e-01 1.6592388173e-01 2.9732747327e+00 8.0886080992e+01 1.2187227081e+03 0.0000000000e+00 1.5067149912e-03
2.5987666231e-01 1.6605431631e-01 2.9915006467e+00 8.0974964983e+01 1.2191035858e+03 0.0000000000e+00 1.5055314764e-03
2.6138028597e-01 1.6618432177e-01 3.0097261815e+00 8.1063885548e+01 1.2194875648e+03 0.0000000000e+00 1.5043537040e-03
2.6288536972e-01 1.6631474818e-01 3.0279575469e+00 8.1152816282e+01 1.2198680089e+03 0.0000000000e+00 1.5031739683e-03
2.6438663391e-01 1.6644472691e-01 3.0461887869e+00 8.1241782262e+01 1.2202516681e+03 0.0000000000e+00 1.5020001213e-03
2.6588936996e-01 1.6657514820e-01 3.0644258796e+00 8.1330757414e+01 1.2206316232e+03 0.0000000000e+00 1.5008241187e-03
2.6738828214e-01 1.6670510866e-01 3.0826629385e+00 8.1419767328e+01 1.2210148804e+03 0.0000000000e+00 1.4996541018e-03
2.6888867817e-01 1.6683551291e-01 3.1009059337e+00 8.1508785818e+01 1.2213944201e+03 0.0000000000e+00 1.4984819217e-03
2.7038524599e-01 1.6696544418e-01 3.1191490111e+00 8.1597838382e+01 1.2217773382e+03 0.0000000000e+00 1.4973158142e-03
2.7188330980e-01 1.6709584536e-01 3.1373980257e+00 8.1686898996e+01 1.2221563441e+03 0.0000000000e+00 1.4961473127e-03
2.7337754061e-01 1.6722574957e-01 3.1556470472e+00 8.1775993781e+01 1.2225389031e+03 0.0000000000e+00 1.4949850764e-03
2.7487327995e-01 1.6735615422e-01 3.1739016787e+00 8.1865097715e+01 1.2229173480e+03 0.0000000000e+00 1.4938201775e-03
2.7636518097e-01 1.6748601129e-01 3.1921558878e+00 8.1954237334e+01 1.2232997356e+03 0.0000000000e+00 1.4926619726e-03
2.7785860390e-01 1.6761635938e-01 3.2104152036e+00 8.2043388953e+01 1.2236781251e+03 0.0000000000e+00 1.4915011931e-03
2.7934818335e-01 1.6774625089e-01 3.2286739820e+00 8.2132576324e+01 1.2240597910e+03 0.0000000000e+00 1.4903462740e-03
2.8083929644e-01 1.6787665142e-01 3.2469374010e+00 8.2221777496e+01 1.2244373592e+03 0.0000000000e+00 1.4891886268e-03
2.8232656061e-01 1.6800643929e-01 3.2652002823e+00 8.2311014208e+01 1.2248193366e+03 0.0000000000e+00 1.4880382029e-03
2.8381537285e-01 1.6813687973e-01 3.2834677018e+00 8.2400265193e+01 1.2251961813e+03 0.0000000000e+00 1.4868837843e-03
2.8530032817e-01 1.6826667238e-01 3.3017349651e+00 8.2489550203e+01 1.2255776654e+03 0.0000000000e+00 1.4857368751e-03
2.8678684660e-01 1.6839714214e-01 3.3200069071e+00 8.2578847881e+01 1.2259538201e+03 0.0000000000e+00 1.4845857645e-03
2.8826949970e-01 1.6852685052e-01 3.3382788633e+00 8.2668178862e+01 1.2263354268e+03 0.0000000000e+00 1.4834431382e-03
2.8975373288e-01 1.6865712049e-01 3.3565556375e+00 8.2757521535e+01 1.2267125351e+03 0.0000000000e+00 1.4822973336e-03
2.9123409437e-01 1.6878719203e-01 3.3748325682e+00 8.2846896167e+01 1.2270909773e+03 0.0000000000e+00 1.4811550390e-03
2.9271604295e-01 1.6891682222e-01 3.3931142048e+00 8.2936282515e+01 1.2274722172e+03 0.0000000000e+00 1.4800183707e-03
2.9419413111e-01 1.6904762882e-01 3.4113959135e+00 8.3025700207e+01 1.2278447912e+03 0.0000000000e+00 1.4788731539e-03
2.9567378926e-01 1.6917662354e-01 3.4296815244e+00 8.3115132762e+01 1.2282301630e+03 0.0000000000e+00 1.4777455347e-03
2.9714962218e-01 1.6930808937e-01 3.4479671068e+00 8.3204596386e+01 1.2285974742e+03 0.0000000000e+00 1.4765980818e-03
2.9862698543e-01 1.6943626530e-01 3.4662556781e+00 8.3294078908e+01 1.2289883568e+03 0.0000000000e+00 1.4754810581e-03
3.0010058430e-01 1.6956866412e-01 3.4845443311e+00 8.3383591419e+01 1.2293484744e+03 0.0000000000e+00 1.4743290059e-03
3.0157564344e-01 1.6969587138e-01 3.5028349948e+00 8.3473127360e+01 1.2297459962e+03 0.0000000000e+00 1.4732238207e-03
3.0304703194e-01 1.6982937534e-01 3.5211269217e+00 8.3562687487e+01 1.2300976689e+03 0.0000000000e+00 1.4720657101e-03
3.0451977486e-01 1.6995547234e-01 3.5394202618e+00 8.3652274099e+01 1.2305028038e+03 0.0000000000e+00 1.4709735236e-03
3.0598897899e-01 1.7009065104e-01 3.5577163610e+00 8.3741877555e+01 1.2308418635e+03 0.0000000000e+00 1.4698044747e-03
3.0745938381e-01 1.7021610179e-01 3.5760124736e+00 8.3831514601e+01 1.2312512407e+03 0.0000000000e+00 1.4687212160e-03
3.0892642142e-01 1.7035236510e-01 3.5943128718e+00 8.3921161641e+01 1.2315819859e+03 0.0000000000e+00 1.4675463992e-03
3.1039447660e-01 1.7047771905e-01 3.6126122920e+00 8.4010845225e+01 1.2319915719e+03 0.0000000000e+00 1.4664672978e-03
3.1185935601e-01 1.7061304245e-01 3.6309167443e+00 8.4100536483e+01 1.2323286555e+03 0.0000000000e+00 1.4653041550e-03
3.1332508491e-01 1.7073778816e-01 3.6492196252e+00 8.4190266568e+01 1.2327421403e+03 0.0000000000e+00 1.4642335636e-03
3.1478782314e-01 1.7087016664e-01 3.6675273464e+00 8.4280006922e+01 1.2331000868e+03 0.0000000000e+00 1.4630991759e-03
3.1625128327e-01 1.7099717400e-01 3.6858329255e+00 8.4369786400e+01 1.2334967945e+03 0.0000000000e+00 1.4620124658e-03
3.1771184807e-01 1.7112655478e-01 3.7041423611e+00 8.4459582172e+01 1.2338760381e+03 0.0000000000e+00 1.4609071066e-03
3.1917309748e-01 1.7125627284e-01 3.7224503796e+00 8.4549412986e+01 1.2342527895e+03 0.0000000000e+00 1.4598005425e-03
3.2063144916e-01 1.7138595509e-01 3.7407615654e+00 8.4639261549e+01 1.2346294873e+03 0.0000000000e+00 1.4586959583e-03
3.2209048940e-01 1.7151616058e-01 3.7590724876e+00 8.4729141184e+01 1.2350023009e+03 0.0000000000e+00 1.4575885978e-03
3.2354662635e-01 1.7164592681e-01 3.7773862336e+00 8.4819038216e+01 1.2353779637e+03 0.0000000000e+00 1.4564866446e-03
3.2500346269e-01 1.7177637160e-01 3.7956999917e+00 8.4908964676e+01 1.2357486057e+03 0.0000000000e+00 1.4553806072e-03
3.2645738757e-01 1.7190619082e-01 3.8140164568e+00 8.4998908489e+01 1.2361234357e+03 0.0000000000e+00 1.4542815405e-03
3.2791202577e-01 1.7203670148e-01 3.8323333000e+00 8.5088879752e+01 1.2364931294e+03 0.0000000000e+00 1.4531782919e-03
3.2936374415e-01 1.7216644748e-01 3.8506524841e+00 8.5178869616e+01 1.2368680260e+03 0.0000000000e+00 1.4520831652e-03
3.3081619210e-01 1.7229689145e-01 3.8689717054e+00 8.5268888281e+01 1.2372377639e+03 0.0000000000e+00 1.4509838100e-03
3.3226571177e-01 1.7242652948e-01 3.8872922991e+00 8.5358929746e+01 1.2376130576e+03 0.0000000000e+00 1.4498928950e-03
3.3371597789e-01 1.7255699085e-01 3.9056125032e+00 8.5449001387e+01 1.2379823177e+03 0.0000000000e+00 1.4487967063e-03
3.3516330518e-01 1.7268657058e-01 3.9239337699e+00 8.5539098002e+01 1.2383577037e+03 0.0000000000e+00 1.4477095652e-03
3.3661139702e-01 1.7281701020e-01 3.9422551282e+00 8.5629222836e+01 1.2387267714e+03 0.0000000000e+00 1.4466168563e-03
3.3805653890e-01 1.7294653128e-01 3.9605777789e+00 8.5719370611e+01 1.2391021950e+03 0.0000000000e+00 1.4455334730e-03
3.3950246396e-01 1.7307693326e-01 3.9789011709e+00 8.5809543793e+01 1.2394711152e+03 0.0000000000e+00 1.4444443595e-03
3.4094542762e-01 1.7320636219e-01 3.9972262142e+00 8.5899738736e+01 1.2398467593e+03 0.0000000000e+00 1.4433649945e-03
3.4238919395e-01 1.7333675433e-01 4.0155522350e+00 8.5989957972e+01 1.2402153009e+03 0.0000000000e+00 1.4422792267e-03
3.4382998607e-01 1.7346614285e-01 4.0338794827e+00 8.6080200487e+01 1.2405908017e+03 0.0000000000e+00 1.4412034297e-03
3.4527160081e-01 1.7359657674e-01 4.0522073758e+00 8.6170468390e+01 1.2409586354e+03 0.0000000000e+00 1.4401205640e-03
3.4671022720e-01 1.7372592443e-01 4.0705357237e+00 8.6260762999e+01 1.2413340623e+03 0.0000000000e+00 1.4390483218e-03
3.4814969746e-01 1.7385634341e-01 4.0888641046e+00 8.6351085656e+01 1.2417016826e+03 0.0000000000e+00 1.4379688143e-03
3.4958616483e-01 1.7398581886e-01 4.1071924044e+00 8.6441436770e+01 1.2420758964e+03 0.0000000000e+00 1.4368987176e-03
3.5102349489e-01 1.7411644043e-01 4.1255212716e+00 8.6531813258e+01 1.2424417396e+03 0.0000000000e+00 1.4358207610e-03
3.5245780635e-01 1.7424586950e-01 4.1438506500e+00 8.6622215644e+01 1.2428159114e+03 0.0000000000e+00 1.4347542396e-03
3.5389300337e-01 1.7437636997e-01 4.1621810710e+00 8.6712640775e+01 1.2431822154e+03 0.0000000000e+00 1.4336804926e-03
3.5532516733e-01 1.7450575438e-01 4.1805119792e+00 8.6803091437e+01 1.2435562905e+03 0.0000000000e+00 1.4326175139e-03
3.5675823840e-01 1.7463607277e-01 4.1988440804e+00 8.6893564045e+01 1.2439234728e+03 0.0000000000e+00 1.4315484541e-03
3.5818826424e-01 1.7476536185e-01 4.2171763501e+00 8.6984064089e+01 1.2442978284e+03 0.0000000000e+00 1.4304894137e-03
3.5961921722e-01 1.7489577576e-01 4.2355091215e+00 8.7074589188e+01 1.2446639836e+03 0.0000000000e+00 1.4294227457e-03
3.6104710973e-01 1.7502508576e-01 4.2538414453e+00 8.7165143196e+01 1.2450378586e+03 0.0000000000e+00 1.4283666762e-03
3.6247595058e-01 1.7515548657e-01 4.2721746040e+00 8.7255721330e+01 1.2454037701e+03 0.0000000000e+00 1.4273032772e-03
3.6390171629e-01 1.7528483180e-01 4.2905080768e+00 8.7346325738e+01 1.2457770139e+03 0.0000000000e+00 1.4262500493e-03
3.6532845068e-01 1.7541531864e-01 4.3088431207e+00 8.7436949593e+01 1.2461418745e+03 0.0000000000e+00 1.4251890995e-03
3.6675209449e-01 1.7554464340e-01 4.3271791921e+00 8.7527596013e+01 1.2465147656e+03 0.0000000000e+00 1.4241391543e-03
3.6817672898e-01 1.7567512271e-01 4.3455174869e+00 8.7618260154e+01 1.2468791654e+03 0.0000000000e+00 1.4230814025e-03
3.6959825729e-01 1.7580436448e-01 4.3638543935e+00 8.7708959870e+01 1.2472523099e+03 0.0000000000e+00 1.4220352307e-03
3.7102079945e-01 1.7593489265e-01 4.3821868364e+00 8.7799704912e+01 1.2476164277e+03 0.0000000000e+00 1.4209802060e-03
3.7244021770e-01 1.7606415514e-01 4.4005138255e+00 8.7890497970e+01 1.2479896590e+03 0.0000000000e+00 1.4199369531e-03
3.7386067335e-01 1.7619464657e-01 4.4188382486e+00 8.7981329828e+01 1.2483541859e+03 0.0000000000e+00 1.4188853343e-03
3.7527798837e-01 1.7632461240e-01 4.4371617575e+00 8.8072192674e+01 1.2487223348e+03 0.0000000000e+00 1.4178394984e-03
3.7669635235e-01 1.7645276675e-01 4.4554856969e+00 8.8163081716e+01 1.2491031359e+03 0.0000000000e+00 1.4168097480e-03
3.7811160787e-01 1.7658657096e-01 4.4738113616e+00 8.8253981617e+01 1.2494435610e+03 0.0000000000e+00 1.4157361947e-03
3.7952782474e-01 1.7671192362e-01 4.4921471955e+00 8.8344874479e+01 1.2498431440e+03 0.0000000000e+00 1.4147319257e-03
3.8094107172e-01 1.7684537903e-01 4.5104982842e+00 8.8435709111e+01 1.2501840534e+03 0.0000000000e+00 1.4136643059e-03
3.8235515335e-01 1.7697161684e-01 4.5288760983e+00 8.8526452259e+01 1.2505741576e+03 0.0000000000e+00 1.4126559075e-03
3.8376638353e-01 1.7710347220e-01 4.5472919590e+00 8.8617041680e+01 1.2509218563e+03 0.0000000000e+00 1.4116041707e-03
3.8517836169e-01 1.7723105521e-01 4.5657602119e+00 8.8707414113e+01 1.2512961400e+03 0.0000000000e+00 1.4105880016e-03
3.8658755954e-01 1.7736074334e-01 4.5842965103e+00 8.8797488855e+01 1.2516508330e+03 0.0000000000e+00 1.4095565642e-03
3.8799747482e-01 1.7748763361e-01 4.6029194384e+00 8.8887183857e+01 1.2520193949e+03 0.0000000000e+00 1.4085488375e-03
3.8940465721e-01 1.7761577092e-01 4.6216483580e+00 8.8976405432e+01 1.2523719736e+03 0.0000000000e+00 1.4075326684e-03
3.9081254016e-01 1.7774137504e-01 4.6405042405e+00 8.9065055185e+01 1.2527338551e+03 0.0000000000e+00 1.4065380103e-03
3.9221773323e-01 1.7786730167e-01 4.6595092733e+00 8.9153024414e+01 1.2530833883e+03 0.0000000000e+00 1.4055422085e-03
3.9362362457e-01 1.7799113518e-01 4.6786880620e+00 8.9240197776e+01 1.2534359883e+03 0.0000000000e+00 1.4045643326e-03
3.9502686190e-01 1.7811398959e-01 4.6980678930e+00 8.9326446176e+01 1.2537820075e+03 0.0000000000e+00 1.4035955321e-03
3.9643081564e-01 1.7823565826e-01 4.7176789813e+00 8.9411624252e+01 1.2541208803e+03 0.0000000000e+00 1.4026373984e-03
3.9783213669e-01 1.7835440450e-01 4.7375559930e+00 8.9495568190e+01 1.2544625467e+03 0.0000000000e+00 1.4017035391e-03
3.9923422272e-01 1.7847284604e-01 4.7577371226e+00 8.9578092430e+01 1.2547860139e+03 0.0000000000e+00 1.4007733140e-03
4.0063368332e-01 1.7858686588e-01 4.7782652064e+00 8.9658996179e+01 1.2551174430e+03 0.0000000000e+00 1.3998789820e-03
4.0203398068e-01 1.7870040312e-01 4.7991847637e+00 8.9738061749e+01 1.2554261236e+03 0.0000000000e+00 1.3989895693e-03
4.0343166246e-01 1.7880871255e-01 4.8205419535e+00 8.9815071035e+01 1.2557423762e+03 0.0000000000e+00 1.3981421623e-03
4.0483026500e-01 1.7891595165e-01 4.8423804104e+00 8.9889809019e+01 1.2560340231e+03 0.0000000000e+00 1.3973041403e-03
4.0622627074e-01 1.7901761558e-01 4.8647403044e+00 8.9962085413e+01 1.2563300701e+03 0.0000000000e+00 1.3965106126e-03
4.0762328623e-01 1.7911760990e-01 4.8876537908e+00 9.0031739064e+01 1.2566008880e+03 0.0000000000e+00 1.3957309956e-03
4.0901773273e-01 1.7921163575e-01 4.9111444428e+00 9.0098658092e+01 1.2568751147e+03 0.0000000000e+00 1.3949987062e-03
4.1041328364e-01 1.7930370021e-01 4.9352236233e+00 9.0162780147e+01 1.2571238078e+03 0.0000000000e+00 1.3942824365e-03
4.1180629761e-01 1.7938980052e-01 4.9598913743e+00 9.0224106441e+01 1.2573750874e+03 0.0000000000e+00 1.3936132338e-03
4.1320051011e-01 1.7947409343e-01 4.9851342048e+00 9.0282693611e+01 1.2576006359e+03 0.0000000000e+00 1.3929587007e-03
4.1459221501e-01 1.7955242858e-01 5.0109278780e+00 9.0338659956e+01 1.2578312178e+03 0.0000000000e+00 1.3923509806e-03
4.1598521207e-01 1.7962954499e-01 5.0372366270e+00 9.0392168611e+01 1.2580359291e+03 0.0000000000e+00 1.3917532331e-03
4.1737572147e-01 1.7970114556e-01 5.0640176683e+00 9.0443428111e+01 1.2582477957e+03 0.0000000000e+00 1.3911986995e-03
4.1876760947e-01 1.7977223248e-01 5.0912213564e+00 9.0492668986e+01 1.2584350172e+03 0.0000000000e+00 1.3906485810e-03
4.2015701864e-01 1.7983842257e-01 5.1187964637e+00 9.0540141710e+01 1.2586317820e+03 0.0000000000e+00 1.3901367485e-03
4.2154788297e-01 1.7990486848e-01 5.1466903141e+00 9.0586091699e+01 1.2588054518e+03 0.0000000000e+00 1.3896233166e-03
4.2293626527e-01 1.7996705902e-01 5.1748537715e+00 9.0630760147e+01 1.2589909598e+03 0.0000000000e+00 1.3891431096e-03
4.2432616919e-01 1.8003016814e-01 5.2032403117e+00 9.0674363168e+01 1.2591551197e+03 0.0000000000e+00 1.3886561490e-03
4.2571357757e-01 1.8008955205e-01 5.2318097205e+00 9.0717099673e+01 1.2593331851e+03 0.0000000000e+00 1.3881982445e-03
4.2710256567e-01 1.8015045398e-01 5.2605255094e+00 9.0759137344e+01 1.2594908220e+03 0.0000000000e+00 1.3877289481e-03
4.2848903546e-01 1.8020803559e-01 5.2893572713e+00 9.0800628058e+01 1.2596639734e+03 0.0000000000e+00 1.3872855291e-03
4.2987713673e-01 1.8026756665e-01 5.3182768462e+00 9.0841699383e+01 1.2598175738e+03 0.0000000000e+00 1.3868273958e-03
4.3126269025e-01 1.8032409995e-01 5.3472597190e+00 9.0882475184e+01 1.2599879219e+03 0.0000000000e+00 1.3863926124e-03
4.3264992196e-01 1.8038295896e-01 5.3762797594e+00 9.0923072384e+01 1.2601394404e+03 0.0000000000e+00 1.3859402321e-03
4.3403457072e-01 1.8043914111e-01 5.4053107678e+00 9.0963641115e+01 1.2603091623e+03 0.0000000000e+00 1.3855087009e-03
4.3542093936e-01 1.8049817664e-01 5.4343098042e+00 9.1004377869e+01 1.2604611798e+03 0.0000000000e+00 1.3850555427e-03
4.3680468180e-01 1.8055482333e-01 5.4632512040e+00 9.1045355662e+01 1.2606331139e+03 0.0000000000e+00 1.3846209998e-03
4.3819018136e-01 1.8061453162e-01 5.4921544133e+00 9.1086511236e+01 1.2607860289e+03 0.0000000000e+00 1.3841632661e-03
4.3957300834e-01 1.8067152226e-01 5.5210378902e+00 9.1127774857e+01 1.2609593050e+03 0.0000000000e+00 1.3837266486e-03
4.4095763466e-01 1.8073153407e-01 5.5499070803e+00 9.1169115701e+01 1.2611124585e+03 0.0000000000e+00 1.3832671829e-03
4.4233954270e-01 1.8078866372e-01 5.5787603889e+00 9.1210534562e+01 1.2612866963e+03 0.0000000000e+00 1.3828300672e-03
4.4372329479e-01 1.8084893481e-01 5.6075996382e+00 9.1252021176e+01 1.2614398486e+03 0.0000000000e+00 1.3823692148e-03
4.4510428113e-01 1.8090616176e-01 5.6364268326e+00 9.1293567643e+01 1.2616149549e+03 0.0000000000e+00 1.3819319230e-03
4.4648715864e-01 1.8096662979e-01 5.6652452108e+00 9.1335158895e+01 1.2617679707e+03 0.0000000000e+00 1.3814701655e-03
4.4786722146e-01 1.8102388759e-01 5.6940553461e+00 9.1376791853e+01 1.2619438389e+03 0.0000000000e+00 1.3810332069e-03
4.4924922505e-01 1.8108452321e-01 5.7228592364e+00 9.1418456219e+01 1.2620964868e+03 0.0000000000e+00 1.3805707720e-03
4.5062836301e-01 1.8114177526e-01 5.7516572190e+00 9.1460150387e+01 1.2622730215e+03 0.0000000000e+00 1.3801344259e-03
4.5200949390e-01 1.8120254059e-01 5.7804515694e+00 9.1501863331e+01 1.2624252264e+03 0.0000000000e+00 1.3796716050e-03
4.5338770622e-01 1.8125973969e-01 5.8092426215e+00 9.1543593718e+01 1.2626024107e+03 0.0000000000e+00 1.3792362299e-03
4.5476796636e-01 1.8132060802e-01 5.8380324492e+00 9.1585331480e+01 1.2627540311e+03 0.0000000000e+00 1.3787732278e-03
4.5614525267e-01 1.8137772623e-01 5.8668208924e+00 9.1627077409e+01 1.2629317738e+03 0.0000000000e+00 1.3783390342e-03
4.5752464443e-01 1.8143867873e-01 5.8956096470e+00 9.1668822710e+01 1.2630827031e+03 0.0000000000e+00 1.3778759951e-03
4.5890100466e-01 1.8149570325e-01 5.9243982408e+00 9.1710573654e+01 1.2632609480e+03 0.0000000000e+00 1.3774430773e-03
4.6027953058e-01 1.8155672758e-01 5.9531868951e+00 9.1752319318e+01 1.2634111737e+03 0.0000000000e+00 1.3769800950e-03
4.6165496485e-01 1.8161363243e-01 5.9819758735e+00 9.1794071236e+01 1.2635900456e+03 0.0000000000e+00 1.3765486470e-03
4.6303262788e-01 1.8167474029e-01 6.0107650962e+00 9.1835815664e+01 1.2637394654e+03 0.0000000000e+00 1.3760856331e-03
4.6440713612e-01 1.8173152400e-01 6.0395558608e+00 9.1877562381e+01 1.2639188892e+03 0.0000000000e+00 1.3756556623e-03
4.6578393920e-01 1.8179269073e-01 6.0683473153e+00 9.1919297325e+01 1.2640675618e+03 0.0000000000e+00 1.3751928034e-03
4.6715752173e-01 1.8184936450e-01 6.0971412953e+00 9.1961028062e+01 1.2642473115e+03 0.0000000000e+00 1.3747642214e-03
4.6853346765e-01 1.8191056763e-01 6.1259365676e+00 9.2002747442e+01 1.2643953103e+03 0.0000000000e+00 1.3743016871e-03
4.6990612510e-01 1.8196711314e-01 6.1547338461e+00 9.2044462950e+01 1.2645755236e+03 0.0000000000e+00 1.3738746287e-03
4.7128121690e-01 1.8202839062e-01 6.1835315054e+00 9.2086172415e+01 1.2647226636e+03 0.0000000000e+00 1.3734121318e-03
4.7265294936e-01 1.8208481453e-01 6.2123282501e+00 9.2127890419e+01 1.2649035376e+03 0.0000000000e+00 1.3729865428e-03
4.7402718999e-01 1.8214621018e-01 6.2411227909e+00 9.2169617695e+01 1.2650498960e+03 0.0000000000e+00 1.3725237530e-03
4.7539799687e-01 1.8220253417e-01 6.2699140563e+00 9.2211361114e+01 1.2652315943e+03 0.0000000000e+00 1.3720994669e-03
4.7677138892e-01 1.8226408366e-01 6.2987031957e+00 9.2253114612e+01 1.2653770391e+03 0.0000000000e+00 1.3716361171e-03
4.7814126910e-01 1.8232029700e-01 6.3274885677e+00 9.2294887231e+01 1.2655596874e+03 0.0000000000e+00 1.3712132116e-03
4.7951381535e-01 1.8238201954e-01 6.3562708673e+00 9.2336674526e+01 1.2657041900e+03 0.0000000000e+00 1.3707491596e-03
4.8088276742e-01 1.8243812758e-01 6.3850482039e+00 9.2378485683e+01 1.2658878781e+03 0.0000000000e+00 1.3703275917e-03
4.8225447053e-01 1.8250001965e-01 6.4138219162e+00 9.2420313831e+01 1.2660315600e+03 0.0000000000e+00 1.3698628662e-03
4.8362249316e-01 1.8255603055e-01 6.4425905820e+00 9.2462166354e+01 1.2662162690e+03 0.0000000000e+00 1.3694425719e-03
4.8499335567e-01 1.8261812221e-01 6.4713560342e+00 9.2504034062e+01 1.2663589043e+03 0.0000000000e+00 1.3689769502e-03
4.8636044706e-01 1.8267399851e-01 6.5001169321e+00 9.2545923842e+01 1.2665448367e+03 0.0000000000e+00 1.3685582077e-03
4.8773047209e-01 1.8273630969e-01 6.5288751224e+00 9.2587826370e+01 1.2666862230e+03 0.0000000000e+00 1.3680915436e-03
4.8909663014e-01 1.8279202756e-01 6.5576289062e+00 9.2629750185e+01 1.2668734986e+03 0.0000000000e+00 1.3676745279e-03
4.9046582114e-01 1.8285454321e-01 6.5863799467e+00 9.2671686637e+01 1.2670137287e+03 0.0000000000e+00 1.3672069374e-03
4.9183104402e-01 1.8291010197e-01 6.6151263279e+00 9.2713645246e+01 1.2672023612e+03 0.0000000000e+00 1.3667916496e-03
4.9319940444e-01 1.8297285781e-01 6.6438699054e+00 9.2755616494e+01 1.2673412003e+03 0.0000000000e+00 1.3663228688e-03
4.9456368976e-01 1.8302822736e-01 6.6726088603e+00 9.2797609670e+01 1.2675313941e+03 0.0000000000e+00 1.3659095300e-03
4.9593122350e-01 1.8309124343e-01 6.7013452952e+00 9.2839614125e+01 1.2676686824e+03 0.0000000000e+00 1.3654394133e-03
4.9729456858e-01 1.8314640008e-01 6.7300772436e+00 9.2881639926e+01 1.2678605733e+03 0.0000000000e+00 1.3650281954e-03
4.9866127989e-01 1.8320969199e-01 6.7588067365e+00 9.2923676637e+01 1.2679961910e+03 0.0000000000e+00 1.3645566306e-03
5.0002368184e-01 1.8326462616e-01 6.7875314403e+00 9.2965736013e+01 1.2681898569e+03 0.0000000000e+00 1.3641476003e-03
5.0138957510e-01 1.8332819512e-01 6.8162533722e+00 9.3007807582e+01 1.2683238320e+03 0.0000000000e+00 1.3636745828e-03
5.0275103101e-01 1.8338291070e-01 6.8449700909e+00 9.3049903669e+01 1.2685192873e+03 0.0000000000e+00 1.3632677061e-03
5.0411611051e-01 1.8344677055e-01 6.8736839057e+00 9.3092012472e+01 1.2686515575e+03 0.0000000000e+00 1.3627931375e-03
5.0547661728e-01 1.8350125456e-01 6.9023924055e+00 9.3134146329e+01 1.2688489045e+03 0.0000000000e+00 1.3623885057e-03
5.0684088752e-01 1.8356543138e-01 6.9310980794e+00 9.3176292541e+01 1.2689792931e+03 0.0000000000e+00 1.3619121973e-03
5.0820044168e-01 1.8361964760e-01 6.9597982540e+00 9.3218464698e+01 1.2691787878e+03 0.0000000000e+00 1.3615100741e-03
5.0956390767e-01 1.8368416656e-01 6.9884953673e+00 9.3260650123e+01 1.2693071465e+03 0.0000000000e+00 1.3610318444e-03
5.1092250537e-01 1.8373810181e-01 7.0171864649e+00 9.3302863689e+01 1.2695089202e+03 0.0000000000e+00 1.3606323214e-03
5.1228517231e-01 1.8380298885e-01 7.0458742194e+00 9.3345091517e+01 1.2696351145e+03 0.0000000000e+00 1.3601519843e-03
5.1364280934e-01 1.8385663323e-01 7.0745557659e+00 9.3387348220e+01 1.2698392571e+03 0.0000000000e+00 1.3597551288e-03
5.1500468257e-01 1.8392185855e-01 7.1032342482e+00 9.3429617848e+01 1.2699634859e+03 0.0000000000e+00 1.3592729106e-03
5.1636135516e-01 1.8397534443e-01 7.1319067739e+00 9.3471915113e+01 1.2701690463e+03 0.0000000000e+00 1.3588777386e-03
5.1772243804e-01 1.8404076044e-01 7.1605765590e+00 9.3514223856e+01 1.2702922933e+03 0.0000000000e+00 1.3583947349e-03
5.1907814463e-01 1.8409409646e-01 7.1892403364e+00 9.3556560386e+01 1.2704991929e+03 0.0000000000e+00 1.3580011788e-03
5.2043844040e-01 1.8415980480e-01 7.2179011906e+00 9.3598908909e+01 1.2706207662e+03 0.0000000000e+00 1.3575166431e-03
5.2179317791e-01 1.8421276680e-01 7.2465556994e+00 9.3641286753e+01 1.2708305779e+03 0.0000000000e+00 1.3571263509e-03
5.2315269310e-01 1.8427896225e-01 7.2752072230e+00 9.3683676585e+01 1.2709491556e+03 0.0000000000e+00 1.3566388531e-03
5.2450645562e-01 1.8433158505e-01 7.3038523606e+00 9.3726095921e+01 1.2711616392e+03 0.0000000000e+00 1.3562515612e-03
5.2586519623e-01 1.8439825749e-01 7.3324947822e+00 9.3768525939e+01 1.2712772780e+03 0.0000000000e+00 1.3557611845e-03
5.2721797799e-01 1.8445044461e-01 7.3611307789e+00 9.3810985764e+01 1.2714930826e+03 0.0000000000e+00 1.3553775949e-03
5.2857595142e-01 1.8451769581e-01 7.3897640084e+00 9.3853456238e+01 1.2716050868e+03 0.0000000000e+00 1.3548836002e-03
5.2992774519e-01 1.8456921330e-01 7.4183903258e+00 9.3895958798e+01 1.2718258522e+03 0.0000000000e+00 1.3545054212e-03
5.3128496226e-01 1.8463722928e-01 7.4470136825e+00 9.3938472450e+01 1.2719329793e+03 0.0000000000e+00 1.3540064535e-03
5.3263575810e-01 1.8468796572e-01 7.4756298283e+00 9.3981019590e+01 1.2721594938e+03 0.0000000000e+00 1.3536344884e-03
5.3399223124e-01 1.8475689107e-01 7.5042433791e+00 9.4023575872e+01 1.2722607439e+03 0.0000000000e+00 1.3531295020e-03
5.3534201710e-01 1.8480673689e-01 7.5328498126e+00 9.4066165399e+01 1.2724937275e+03 0.0000000000e+00 1.3527645377e-03
5.3669776031e-01 1.8487663116e-01 7.5614540828e+00 9.4108761886e+01 1.2725886622e+03 0.0000000000e+00 1.3522531129e-03
5.3804652333e-01 1.8492551341e-01 7.5900509283e+00 9.4151393057e+01 1.2728286017e+03 0.0000000000e+00 1.3518956654e-03
5.3940155164e-01 1.8499649748e-01 7.6186455959e+00 9.4194030771e+01 1.2729164073e+03 0.0000000000e+00 1.3513769364e-03
5.4074927720e-01 1.8504425012e-01 7.6472323378e+00 9.4236705473e+01 1.2731644649e+03 0.0000000000e+00 1.3510281991e-03
5.4210360804e-01 1.8511650709e-01 7.6758171852e+00 9.4279385003e+01 1.2732438950e+03 0.0000000000e+00 1.3505008491e-03
5.4345027890e-01 1.8516292167e-01 7.7043940188e+00 9.4322102264e+01 1.2735014847e+03 0.0000000000e+00 1.3501623205e-03
5.4480393268e-01 1.8523660361e-01 7.7329695029e+00 9.4364821470e+01 1.2735714706e+03 0.0000000000e+00 1.3496252637e-03
5.4614952942e-01 1.8528153642e-01 7.7615365681e+00 9.4407581208e+01 1.2738395718e+03 0.0000000000e+00 1.3492979648e-03
5.4750252861e-01 1.8535676941e-01 7.7901023414e+00 9.4450341144e+01 1.2738992679e+03 0.0000000000e+00 1.3487503089e-03
5.4884703004e-01 1.8540005820e-01 7.8186588172e+00 9.4493146721e+01 1.2741790326e+03 0.0000000000e+00 1.3484353912e-03
5.5019939939e-01 1.8547701802e-01 7.8472140945e+00 9.4535950667e+01 1.2742272826e+03 0.0000000000e+00 1.3478758860e-03
5.5154278181e-01 1.8551862084e-01 7.8757599110e+00 9.4578804392e+01 1.2745190208e+03 0.0000000000e+00 1.3475736229e-03
5.5289454664e-01 1.8559732686e-01 7.9043045494e+00 9.4621649315e+01 1.2745556593e+03 0.0000000000e+00 1.3470021591e-03
5.5423678613e-01 1.8563747531e-01 7.9328406758e+00 9.4664549111e+01 1.2748577429e+03 0.0000000000e+00 1.3467108383e-03
5.5558796832e-01 1.8571789849e-01 7.9613753269e+00 9.4707430444e+01 1.2748829167e+03 0.0000000000e+00 1.3461276594e-03
5.5692904145e-01 1.8575525709e-01 7.9899018626e+00 9.4750375275e+01 1.2752044917e+03 0.0000000000e+00 1.3458569298e-03
5.5827968218e-01 1.8583888216e-01 8.0184265581e+00 9.4793294740e+01 1.2752080410e+03 0.0000000000e+00 1.3452513118e-03
5.5961954407e-01 1.8587255984e-01 8.0469425548e+00 9.4836287825e+01 1.2755552501e+03 0.0000000000e+00 1.3450075698e-03
5.6096969731e-01 1.8596018456e-01 8.0754565928e+00 9.4879246480e+01 1.2755317315e+03 0.0000000000e+00 1.3443738002e-03
5.6230829167e-01 1.8598928450e-01 8.1039623663e+00 9.4922290370e+01 1.2759107416e+03 0.0000000000e+00 1.3441634590e-03
5.6365802423e-01 1.8608166451e-01 8.1324659872e+00 9.4965283270e+01 1.2758549253e+03 0.0000000000e+00 1.3434961508e-03
5.6499528398e-01 1.8610518885e-01 8.1609622212e+00 9.5008376735e+01 1.2762725387e+03 0.0000000000e+00 1.3433263282e-03
5.6634467689e-01 1.8620329812e-01 8.1894559039e+00 9.5051402802e+01 1.2761777552e+03 0.0000000000e+00 1.3426185385e-03
5.6768052105e-01 1.8622033913e-01 8.2179417406e+00 9.5094546799e+01 1.2766401785e+03 0.0000000000e+00 1.3424956756e-03
5.6902966824e-01 1.8632473399e-01 8.2464249816e+00 9.5137609522e+01 1.2765026881e+03 0.0000000000e+00 1.3417434961e-03
5.7036400805e-01 1.8633642945e-01 8.2749002509e+00 9.5180806525e+01 1.2770021246e+03 0.0000000000e+00 1.3416592812e-03
5.7171298680e-01 1.8644679637e-01 8.3033727669e+00 9.5223900715e+01 1.2768240400e+03 0.0000000000e+00 1.3408650879e-03
5.7304573822e-01 1.8645028855e-01 8.3318388913e+00 9.5267151293e+01 1.2773800463e+03 0.0000000000e+00 1.3408399737e-03
5.7439466675e-01 1.8656852439e-01 8.3603014806e+00 9.5310272036e+01 1.2771483339e+03 0.0000000000e+00 1.3399902305e-03
5.7572571868e-01 1.8656004844e-01 8.3887575993e+00 9.5353579494e+01 1.2777867004e+03 0.0000000000e+00 1.3400511100e-03
5.7707476897e-01 1.8668776653e-01 8.4172097387e+00 9.5396732867e+01 1.2774904141e+03 0.0000000000e+00 1.3391343453e-03
5.7840398737e-01 1.8666876163e-01 8.4456549676e+00 9.5440104696e+01 1.2782013426e+03 0.0000000000e+00 1.3392706836e-03
5.7975331034e-01 1.8680345852e-01 8.4740957360e+00 9.5483281114e+01 1.2778575122e+03 0.0000000000e+00 1.3383049863e-03
5.8108059735e-01 1.8676706497e-01 8.5025347922e+00 9.5526730959e+01 1.2786881212e+03 0.0000000000e+00 1.3385657693e-03
5.8243044188e-01 1.8690398230e-01 8.5309659002e+00 9.5569904611e+01 1.2783288970e+03 0.0000000000e+00 1.3375851971e-03
5.8375576774e-01 1.8683918955e-01 8.5594082116e+00 9.5613455504e+01 1.2793549326e+03 0.0000000000e+00 1.3380490496e-03
5.8510653998e-01 1.8694190171e-01 8.5878253424e+00 9.5656561937e+01 1.2792284804e+03 0.0000000000e+00 1.3373138805e-03
5.8643039550e-01 1.8684113159e-01 8.6163169321e+00 9.5700519482e+01 1.2805065815e+03 0.0000000000e+00 1.3380351418e-03
5.8778261026e-01 1.8699307445e-01 8.6446614821e+00 9.5743096427e+01 1.2800353263e+03 0.0000000000e+00 1.3369479096e-03
5.8910429132e-01 1.8685134506e-01 8.6733685135e+00 9.5788922595e+01 1.2816193879e+03 0.0000000000e+00 1.3379620036e-03
5.9045853427e-01 1.9226675523e-01 8.7013321418e+00 9.5829051274e+01 1.2460429152e+03 0.0000000000e+00 1.3002767936e-03
5.9170484491e-01 1.8052948640e-01 8.7290547117e+00 9.5881126208e+01 1.3277765328e+03 0.0000000000e+00 1.3848153284e-03
5.9322816492e-01 2.2147145699e-01 8.7592835888e+00 9.5943602838e+01 1.0830244689e+03 0.0000000000e+00 1.1288136331e-03
5.9396247217e-01 6.0248714537e-01 8.7755780236e+00 9.5975396190e+01 3.9824665525e+02 0.0000000000e+00 4.1494661242e-04
5.9405805815e-01 2.4011898745e+00 8.7788292363e+00 9.5997615749e+01 9.9947964101e+01 0.0000000000e+00 1.0411504840e-04
5.9417070227e-01 1.8789540797e+00 8.7808073329e+00 9.6059156341e+01 1.2780934534e+02 0.0000000000e+00 1.3305274605e-04
5.9432416364e-01 1.7611261701e+00 8.7840501380e+00 9.6094083063e+01 1.3640999250e+02 0.0000000000e+00 1.4195462213e-04
5.9445461151e-01 1.8960447108e+00 8.7867996272e+00 9.6136070779e+01 1.2675870752e+02 0.0000000000e+00 1.3185343077e-04
5.9458787050e-01 1.9142480657e+00 8.7896059741e+00 9.6178944565e+01 1.2560930097e+02 0.0000000000e+00 1.3059958345e-04
5.9471581068e-01 1.9503689057e+00 8.7923514568e+00 9.6222077996e+01 1.2333830502e+02 0.0000000000e+00 1.2818087864e-04
5.9484423226e-01 1.9473318333e+00 8.7950737083e+00 9.6265841039e+01 1.2358684765e+02 0.0000000000e+00 1.2838079044e-04
5.9497257226e-01 1.9504274775e+00 8.7978102377e+00 9.6309244157e+01 1.2344632813e+02 0.0000000000e+00 1.2817702933e-04
5.9510058632e-01 1.9547097582e+00 8.8005340623e+00 9.6352771539e+01 1.2323155795e+02 0.0000000000e+00 1.2789622549e-04
5.9522836471e-01 1.9573421743e+00 8.8032571897e+00 9.6396292413e+01 1.2312141137e+02 0.0000000000e+00 1.2772421873e-04
5.9535603475e-01 1.9580121654e+00 8.8059769727e+00 9.6439841289e+01 1.2313488521e+02 0.0000000000e+00 1.2768051415e-04
5.9548372574e-01 1.9574266717e+00 8.8086983229e+00 9.6483382513e+01 1.2322732686e+02 0.0000000000e+00 1.2771870518e-04
5.9561147217e-01 1.9571556579e+00 8.8114207351e+00 9.6526927628e+01 1.2330001352e+02 0.0000000000e+00 1.2773639081e-04
5.9573919852e-01 1.9577172096e+00 8.8141434820e+00 9.6570476417e+01 1.2332025783e+02 0.0000000000e+00 1.2769975090e-04
5.9586687167e-01 1.9592073766e+00 8.8168650615e+00 9.6614028706e+01 1.2328203469e+02 0.0000000000e+00 1.2760262287e-04
5.9599440377e-01 1.9612605859e+00 8.8195843896e+00 9.6657581719e+01 1.2320848950e+02 0.0000000000e+00 1.2746903792e-04
5.9612180974e-01 1.9633235497e+00 8.8223008427e+00 9.6701138233e+01 1.2313449081e+02 0.0000000000e+00 1.2733509973e-04
5.9624907397e-01 1.9650476561e+00 8.8250147395e+00 9.6744699594e+01 1.2308187449e+02 0.0000000000e+00 1.2722337762e-04
5.9637625650e-01 1.9663373313e+00 8.8277266586e+00 9.6788266337e+01 1.2305653867e+02 0.0000000000e+00 1.2713993475e-04
5.9650335384e-01 1.9672177991e+00 8.8304372399e+00 9.6831838215e+01 1.2305683471e+02 0.0000000000e+00 1.2708303072e-04
5.9663042256e-01 1.9677920659e+00 8.8331470663e+00 9.6875414525e+01 1.2307628459e+02 0.0000000000e+00 1.2704594369e-04
5.9675744572e-01 1.9682647098e+00 8.8358565207e+00 9.6918993335e+01 1.2310208181e+02 0.0000000000e+00 1.2701543586e-04
5.9688445343e-01 1.9688076862e+00 8.8385656863e+00 9.6962572092e+01 1.2312346804e+02 0.0000000000e+00 1.2698040634e-04
5.9701140654e-01 1.9694122907e+00 8.8412744419e+00 9.7006149831e+01 1.2314098765e+02 0.0000000000e+00 1.2694142368e-04
5.9713833628e-01 1.9701039514e+00 8.8439828038e+00 9.7049726794e+01 1.2315305333e+02 0.0000000000e+00 1.2689685731e-04
5.9726520025e-01 1.9708911777e+00 8.8466905631e+00 9.7093300598e+01 1.2315913443e+02 0.0000000000e+00 1.2684617133e-04
5.9739202862e-01 1.9716369690e+00 8.8493977287e+00 9.7136872264e+01 1.2316779634e+02 0.0000000000e+00 1.2679819050e-04
5.9751879663e-01 1.9723470950e+00 8.8521044690e+00 9.7180443507e+01 1.2317867853e+02 0.0000000000e+00 1.2675253794e-04
5.9764553370e-01 1.9730690095e+00 8.8548107233e+00 9.7224013301e+01 1.2318881503e+02 0.0000000000e+00 1.2670616121e-04
5.9777220896e-01 1.9737383498e+00 8.8575165321e+00 9.7267583867e+01 1.2320222673e+02 0.0000000000e+00 1.2666319223e-04
5.9789886008e-01 1.9743659670e+00 8.8602218876e+00 9.7311157146e+01 1.2321823660e+02 0.0000000000e+00 1.2662292816e-04
5.9802545481e-01 1.9750024013e+00 8.8629267011e+00 9.7354734939e+01 1.2323369186e+02 0.0000000000e+00 1.2658212458e-04
5.9815202433e-01 1.9756374068e+00 8.8656308060e+00 9.7398319498e+01 1.2324923486e+02 0.0000000000e+00 1.2654143880e-04
5.9827853769e-01 1.9762633147e+00 8.8683341161e+00 9.7441912458e+01 1.2326534594e+02 0.0000000000e+00 1.2650136151e-04
5.9840502705e-01 1.9769336024e+00 8.8710365858e+00 9.7485513744e+01 1.2327868981e+02 0.0000000000e+00 1.2645847068e-04
5.9853145463e-01 1.9776669091e+00 8.8737381654e+00 9.7529121950e+01 1.2328810466e+02 0.0000000000e+00 1.2641158066e-04
5.9865785022e-01 1.9783772001e+00 8.8764388972e+00 9.7572736254e+01 1.2329895463e+02 0.0000000000e+00 1.2636619548e-04
5.9878418702e-01 1.9790789025e+00 8.8791389741e+00 9.7616354279e+01 1.2331033664e+02 0.0000000000e+00 1.2632139107e-04
5.9891049300e-01 1.9797979869e+00 8.8818384968e+00 9.7659972958e+01 1.2332062867e+02 0.0000000000e+00 1.2627550975e-04
5.9903673804e-01 1.9804480274e+00 8.8845375083e+00 9.7703591057e+01 1.2333521217e+02 0.0000000000e+00 1.2623406247e-04
5.9916296112e-01 1.9810792215e+00 8.8872361779e+00 9.7747208624e+01 1.2335095887e+02 0.0000000000e+00 1.2619384288e-04
5.9928912573e-01 1.9817688598e+00 8.8899343645e+00 9.7790822205e+01 1.2336305230e+02 0.0000000000e+00 1.2614992851e-04
5.9941526098e-01 1.9824344422e+00 8.8926320654e+00 9.7834432060e+01 1.2337662974e+02 0.0000000000e+00 1.2610757495e-04
5.9954134088e-01 1.9830889556e+00 8.8953293310e+00 9.7878038286e+01 1.2339088220e+02 0.0000000000e+00 1.2606595347e-04
5.9966739289e-01 1.9837598775e+00 8.8980261820e+00 9.7921641516e+01 1.2340410075e+02 0.0000000000e+00 1.2602331705e-04
5.9979338751e-01 1.9843943241e+00 8.9007225602e+00 9.7965241816e+01 1.2341957522e+02 0.0000000000e+00 1.2598302513e-04
5.9991935894e-01 1.9850083449e+00 8.9034185607e+00 9.8008841466e+01 1.2343630912e+02 0.0000000000e+00 1.2594405491e-04
6.0004527562e-01 1.9856533779e+00 8.9061141114e+00 9.8052442257e+01 1.2345110601e+02 0.0000000000e+00 1.2590314240e-04
6.0017116522e-01 1.9863110585e+00 8.9088090177e+00 9.8096046900e+01 1.2346511198e+02 0.0000000000e+00 1.2586145505e-04
6.0029699853e-01 1.9869515975e+00 8.9115031618e+00 9.8139658227e+01 1.2348018235e+02 0.0000000000e+00 1.2582088075e-04
6.0042280698e-01 1.9875914735e+00 8.9141964737e+00 9.8183278091e+01 1.2349529493e+02 0.0000000000e+00 1.2578037456e-04
6.0054855928e-01 1.9882411207e+00 8.9168889077e+00 9.8226906964e+01 1.2350980213e+02 0.0000000000e+00 1.2573927649e-04
6.0067428554e-01 1.9888481775e+00 8.9195805065e+00 9.8270545275e+01 1.2352695694e+02 0.0000000000e+00 1.2570089705e-04
6.0079996107e-01 1.9894622784e+00 8.9222714139e+00 9.8314191574e+01 1.2354367389e+02 0.0000000000e+00 1.2566209609e-04
6.0092560973e-01 1.9901360006e+00 8.9249616820e+00 9.8357842783e+01 1.2355668501e+02 0.0000000000e+00 1.2561955561e-04
6.0105120019e-01 1.9907840570e+00 8.9276513818e+00 9.8401496676e+01 1.2357128380e+02 0.0000000000e+00 1.2557866290e-04
6.0117676705e-01 1.9914190870e+00 8.9303407013e+00 9.8445151298e+01 1.2358668240e+02 0.0000000000e+00 1.2553861798e-04
6.0130227742e-01 1.9920873579e+00 8.9330295770e+00 9.8488804002e+01 1.2360000631e+02 0.0000000000e+00 1.2549650446e-04
6.0142776006e-01 1.9927026797e+00 8.9357180268e+00 9.8532454330e+01 1.2361660289e+02 0.0000000000e+00 1.2545775270e-04
6.0155319293e-01 1.9933106589e+00 8.9384061701e+00 9.8576102081e+01 1.2363364140e+02 0.0000000000e+00 1.2541948687e-04
6.0167859904e-01 1.9939743902e+00 8.9410939371e+00 9.8619746017e+01 1.2364720743e+02 0.0000000000e+00 1.2537773866e-04
6.0180394840e-01 1.9946227019e+00 8.9437812597e+00 9.8663386033e+01 1.2366171550e+02 0.0000000000e+00 1.2533698717e-04
6.0192927301e-01 1.9952601134e+00 8.9464682318e+00 9.8707023816e+01 1.2367688698e+02 0.0000000000e+00 1.2529694666e-04
6.0205454230e-01 1.9959151466e+00 8.9491548044e+00 9.8750659459e+01 1.2369095403e+02 0.0000000000e+00 1.2525582584e-04
6.0217978466e-01 1.9965421103e+00 8.9518409607e+00 9.8794294280e+01 1.2370675000e+02 0.0000000000e+00 1.2521649241e-04
6.0230497528e-01 1.9971474010e+00 8.9545266809e+00 9.8837930739e+01 1.2372388073e+02 0.0000000000e+00 1.2517854209e-04
6.0243014175e-01 1.9977776504e+00 8.9572118290e+00 9.8881570947e+01 1.2373945985e+02 0.0000000000e+00 1.2513905136e-04
6.0255525339e-01 1.9984329434e+00 8.9598962358e+00 9.8925216926e+01 1.2375348552e+02 0.0000000000e+00 1.2509801784e-04
6.0268033778e-01 1.9990686644e+00 8.9625798061e+00 9.8968870707e+01 1.2376872350e+02 0.0000000000e+00 1.2505823560e-04
6.0280536986e-01 1.9997042605e+00 8.9652625505e+00 9.9012532726e+01 1.2378396981e+02 0.0000000000e+00 1.2501848645e-04
6.0293037476e-01 2.0003567288e+00 8.9679444663e+00 9.9056202069e+01 1.2379817140e+02 0.0000000000e+00 1.2497770842e-04
6.0305532527e-01 2.0009598296e+00 8.9706256168e+00 9.9099878336e+01 1.2381542706e+02 0.0000000000e+00 1.2494003942e-04
6.0318025483e-01 2.0015613131e+00 8.9733061796e+00 9.9143559650e+01 1.2383277869e+02 0.0000000000e+00 1.2490249405e-04
6.0330513026e-01 2.0022288185e+00 8.9759862100e+00 9.9187242932e+01 1.2384603850e+02 0.0000000000e+00 1.2486085391e-04
6.0342997654e-01 2.0028679129e+00 8.9786657369e+00 9.9230927022e+01 1.2386104743e+02 0.0000000000e+00 1.2482101210e-04
6.0355477229e-01 2.0034985350e+00 8.9813449143e+00 9.9274611074e+01 1.2387657058e+02 0.0000000000e+00 1.2478172339e-04
6.0367953999e-01 2.0041585849e+00 8.9840236665e+00 9.9318293401e+01 1.2389026267e+02 0.0000000000e+00 1.2474062776e-04
6.0380425354e-01 2.0047682749e+00 8.9867020375e+00 9.9361974105e+01 1.2390705618e+02 0.0000000000e+00 1.2470269164e-04
6.0392894537e-01 2.0053681634e+00 8.9893801376e+00 9.9405653545e+01 1.2392444360e+02 0.0000000000e+00 1.2466538791e-04
6.0405358432e-01 2.0060200889e+00 8.9920579024e+00 9.9449330869e+01 1.2393860289e+02 0.0000000000e+00 1.2462487359e-04
6.0417819512e-01 2.0066661672e+00 8.9947352297e+00 9.9493005714e+01 1.2395311106e+02 0.0000000000e+00 1.2458474861e-04
6.0430275381e-01 2.0073007539e+00 8.9974121700e+00 9.9536679548e+01 1.2396831834e+02 0.0000000000e+00 1.2454536248e-04
6.0442728584e-01 2.0079492331e+00 9.0000886365e+00 9.9580352186e+01 1.2398265671e+02 0.0000000000e+00 1.2450513981e-04
6.0455176409e-01 2.0085818965e+00 9.0027645865e+00 9.9624025059e+01 1.2399796249e+02 0.0000000000e+00 1.2446592317e-04
6.0467621769e-01 2.0091854564e+00 9.0054399234e+00 9.9667700610e+01 1.2401505830e+02 0.0000000000e+00 1.2442853356e-04
6.0480062116e-01 2.0098081025e+00 9.0081145557e+00 9.9711380405e+01 1.2403097126e+02 0.0000000000e+00 1.2438998514e-04
6.0492499766e-01 2.0104679410e+00 9.0107883575e+00 9.9755065411e+01 1.2404458606e+02 0.0000000000e+00 1.2434916016e-04
6.0504931948e-01 2.0111054156e+00 9.0134612711e+00 9.9798757028e+01 1.2405957969e+02 0.0000000000e+00 1.2430974431e-04
6.0517361715e-01 2.0117380272e+00 9.0161333702e+00 9.9842455174e+01 1.2407487185e+02 0.0000000000e+00 1.2427065384e-04
6.0529786079e-01 2.0123969283e+00 9.0188046958e+00 9.9886158381e+01 1.2408853961e+02 0.0000000000e+00 1.2422996501e-04
6.0542207708e-01 2.0129995731e+00 9.0214753370e+00 9.9929866283e+01 1.2410567247e+02 0.0000000000e+00 1.2419277348e-04
6.0554624634e-01 2.0135936156e+00 9.0241455101e+00 9.9973577292e+01 1.2412332920e+02 0.0000000000e+00 1.2415613462e-04
6.0567038935e-01 2.0142587102e+00 9.0268152631e+00 1.0001728909e+02 1.2413659748e+02 0.0000000000e+00 1.2411513910e-04
6.0579447661e-01 2.0148986156e+00 9.0294845875e+00 1.0006100179e+02 1.2415141017e+02 0.0000000000e+00 1.2407572176e-04
6.0591854079e-01 2.0155286921e+00 9.0321536088e+00 1.0010471493e+02 1.2416681950e+02 0.0000000000e+00 1.2403693432e-04
6.0604255048e-01 2.0161851092e+00 9.0348223020e+00 1.0014842763e+02 1.2418059629e+02 0.0000000000e+00 1.2399655114e-04
6.0616653389e-01 2.0167947858e+00 9.0374906775e+00 1.0019214016e+02 1.2419724216e+02 0.0000000000e+00 1.2395906701e-04
6.0629046862e-01 2.0173931078e+00 9.0401588159e+00 1.0023585294e+02 1.2421457741e+02 0.0000000000e+00 1.2392230301e-04
6.0641437850e-01 2.0180382886e+00 9.0428266405e+00 1.0027956514e+02 1.2422901699e+02 0.0000000000e+00 1.2388268419e-04
6.0653823398e-01 2.0186841658e+00 9.0454940229e+00 1.0032327652e+02 1.2424340348e+02 0.0000000000e+00 1.2384304798e-04
6.0666206460e-01 2.0193161527e+00 9.0481609398e+00 1.0036698799e+02 1.2425863560e+02 0.0000000000e+00 1.2380428873e-04
6.0678584256e-01 2.0199576797e+00 9.0508272983e+00 1.0041069965e+02 1.2427327149e+02 0.0000000000e+00 1.2376496920e-04
6.0690959453e-01 2.0205922946e+00 9.0534929773e+00 1.0045441267e+02 1.2428832494e+02 0.0000000000e+00 1.2372609787e-04
6.0703329476e-01 2.0211920282e+00 9.0561578799e+00 1.0049812917e+02 1.2430551844e+02 0.0000000000e+00 1.2368938553e-04
6.0715697331e-01 2.0218058973e+00 9.0588219929e+00 1.0054184979e+02 1.2432183762e+02 0.0000000000e+00 1.2365183044e-04
6.0728059842e-01 2.0224647250e+00 9.0614852418e+00 1.0058557435e+02 1.2433538779e+02 0.0000000000e+00 1.2361155026e-04
6.0740419641e-01 2.0230988845e+00 9.0641476106e+00 1.0062930350e+02 1.2435045101e+02 0.0000000000e+00 1.2357280305e-04
6.0752774403e-01 2.0237262152e+00 9.0668092329e+00 1.0067303663e+02 1.2436592939e+02 0.0000000000e+00 1.2353449697e-04
6.0765126540e-01 2.0243835572e+00 9.0694701794e+00 1.0071677217e+02 1.2437955719e+02 0.0000000000e+00 1.2349438381e-04
6.0777473279e-01 2.0249839863e+00 9.0721305412e+00 1.0076051006e+02 1.2439667517e+02 0.0000000000e+00 1.2345776643e-04
6.0789818093e-01 2.0255750930e+00 9.0747905161e+00 1.0080424935e+02 1.2441435731e+02 0.0000000000e+00 1.2342173877e-04
6.0802157627e-01 2.0262353122e+00 9.0774501158e+00 1.0084798854e+02 1.2442778479e+02 0.0000000000e+00 1.2338152360e-04
6.0814494398e-01 2.0268731579e+00 9.0801093056e+00 1.0089172834e+02 1.2444257790e+02 0.0000000000e+00 1.2334269612e-04
6.0826826166e-01 2.0275016308e+00 9.0827681877e+00 1.0093546861e+02 1.2445793764e+02 0.0000000000e+00 1.2330446309e-04
6.0839155291e-01 2.0281545982e+00 9.0854267381e+00 1.0097920867e+02 1.2447178430e+02 0.0000000000e+00 1.2326476504e-04
6.0851479119e-01 2.0287645283e+00 9.0880849470e+00 1.0102294919e+02 1.2448826340e+02 0.0000000000e+00 1.2322770658e-04
6.0863800832e-01 2.0293613219e+00 9.0907428543e+00 1.0106669037e+02 1.2450553935e+02 0.0000000000e+00 1.2319146783e-04
6.0876117413e-01 2.0299998478e+00 9.0934004031e+00 1.0111043195e+02 1.2452024573e+02 0.0000000000e+00 1.2315271859e-04
6.0888431376e-01 2.0306453806e+00 9.0960574774e+00 1.0115417411e+02 1.2453451385e+02 0.0000000000e+00 1.2311356891e-04
6.0900740127e-01 2.0312763910e+00 9.0987139968e+00 1.0119791779e+02 1.2454966522e+02 0.0000000000e+00 1.2307532402e-04
6.0913046440e-01 2.0319136401e+00 9.1013698725e+00 1.0124166395e+02 1.2456442778e+02 0.0000000000e+00 1.2303672511e-04
6.0925347472e-01 2.0325505513e+00 9.1040250034e+00 1.0128541346e+02 1.2457920591e+02 0.0000000000e+00 1.2299817086e-04
6.0937646075e-01 2.0331480830e+00 9.1066793569e+00 1.0132916742e+02 1.2459639348e+02 0.0000000000e+00 1.2296202234e-04
6.0949939876e-01 2.0337553826e+00 9.1093329692e+00 1.0137292576e+02 1.2461297782e+02 0.0000000000e+00 1.2292530466e-04
6.0962231136e-01 2.0344149540e+00 9.1119858048e+00 1.0141668750e+02 1.2462635425e+02 0.0000000000e+00 1.2288545142e-04
6.0974516966e-01 2.0350480818e+00 9.1146378755e+00 1.0146045264e+02 1.2464134576e+02 0.0000000000e+00 1.2284722029e-04
6.0986800580e-01 2.0356730071e+00 9.1172893263e+00 1.0150422006e+02 1.2465683304e+02 0.0000000000e+00 1.2280950778e-04
6.0999078868e-01 2.0363296006e+00 9.1199402100e+00 1.0154798801e+02 1.2467037259e+02 0.0000000000e+00 1.2276990912e-04
6.1011354561e-01 2.0369296047e+00 9.1225905812e+00 1.0159175658e+02 1.2468736812e+02 0.0000000000e+00 1.2273374564e-04
6.1023625617e-01 2.0375207261e+00 9.1252406029e+00 1.0163552553e+02 1.2470489776e+02 0.0000000000e+00 1.2269813838e-04
6.1035894189e-01 2.0381776582e+00 9.1278901991e+00 1.0167929332e+02 1.2471838865e+02 0.0000000000e+00 1.2265859112e-04
6.1048157335e-01 2.0388146929e+00 9.1305393582e+00 1.0172306067e+02 1.2473308759e+02 0.0000000000e+00 1.2262026602e-04
6.1060418242e-01 2.0394428286e+00 9.1331881571e+00 1.0176682823e+02 1.2474832195e+02 0.0000000000e+00 1.2258249974e-04
6.1072673835e-01 2.0400930767e+00 9.1358365232e+00 1.0181059477e+02 1.2476219337e+02 0.0000000000e+00 1.2254342846e-04
6.1084926928e-01 2.0407041243e+00 9.1384844825e+00 1.0185436165e+02 1.2477845322e+02 0.0000000000e+00 1.2250673531e-04
6.1097175182e-01 2.0412990613e+00 9.1411320602e+00 1.0189812953e+02 1.2479568949e+02 0.0000000000e+00 1.2247103070e-04
6.1109421134e-01 2.0419318453e+00 9.1437792065e+00 1.0194189872e+02 1.2481060393e+02 0.0000000000e+00 1.2243307757e-04
6.1121661798e-01 2.0425775630e+00 9.1464258016e+00 1.0198567049e+02 1.2482472188e+02 0.0000000000e+00 1.2239437294e-04
6.1133900009e-01 2.0432073804e+00 9.1490717900e+00 1.0202944625e+02 1.2483980730e+02 0.0000000000e+00 1.2235664495e-04
6.1146133127e-01 2.0438415739e+00 9.1517171323e+00 1.0207322677e+02 1.2485462189e+02 0.0000000000e+00 1.2231867831e-04
6.1158363744e-01 2.0444807224e+00 9.1543617788e+00 1.0211701225e+02 1.2486913074e+02 0.0000000000e+00 1.2228043887e-04
6.1170589215e-01 2.0450766458e+00 9.1570057378e+00 1.0216080330e+02 1.2488627689e+02 0.0000000000e+00 1.2224480707e-04
6.1182812706e-01 2.0456796999e+00 9.1596490830e+00 1.0220459912e+02 1.2490298350e+02 0.0000000000e+00 1.2220877003e-04
6.1195030969e-01 2.0463401301e+00 9.1622917911e+00 1.0224839780e+02 1.2491618121e+02 0.0000000000e+00 1.2216932871e-04
6.1207246572e-01 2.0469726180e+00 9.1649338605e+00 1.0229219864e+02 1.2493107839e+02 0.0000000000e+00 1.2213157997e-04
6.1219457285e-01 2.0475950821e+00 9.1675754301e+00 1.0233600033e+02 1.2494657907e+02 0.0000000000e+00 1.2209445226e-04
6.1231665462e-01 2.0482501813e+00 9.1702164705e+00 1.0237980104e+02 1.2496007809e+02 0.0000000000e+00 1.2205540235e-04
6.1243868365e-01 2.0488490792e+00 9.1728569806e+00 1.0242360055e+02 1.2497699512e+02 0.0000000000e+00 1.2201972441e-04
6.1256069407e-01 2.0494392452e+00 9.1754971183e+00 1.0246739972e+02 1.2499443440e+02 0.0000000000e+00 1.2198458704e-04
6.1268265282e-01 2.0500926516e+00 9.1781367650e+00 1.0251119658e+02 1.2500800452e+02 0.0000000000e+00 1.2194570807e-04
6.1280458549e-01 2.0507278955e+00 9.1807758659e+00 1.0255499124e+02 1.2502267056e+02 0.0000000000e+00 1.2190793354e-04
6.1292646869e-01 2.0513543442e+00 9.1834145396e+00 1.0259878550e+02 1.2503786315e+02 0.0000000000e+00 1.2187070494e-04
6.1304832690e-01 2.0520016543e+00 9.1860526799e+00 1.0264257811e+02 1.2505177310e+02 0.0000000000e+00 1.2183226046e-04
6.1317013321e-01 2.0526141704e+00 9.1886903275e+00 1.0268637091e+02 1.2506779451e+02 0.0000000000e+00 1.2179590476e-04
6.1329191870e-01 2.0532082923e+00 9.1913274767e+00 1.0273016519e+02 1.2508492877e+02 0.0000000000e+00 1.2176066157e-04
6.1341365454e-01 2.0538363788e+00 9.1939640897e+00 1.0277396176e+02 1.2509998705e+02 0.0000000000e+00 1.2172342577e-04
6.1353536556e-01 2.0544827756e+00 9.1966000597e+00 1.0281776192e+02 1.2511392543e+02 0.0000000000e+00 1.2168512823e-04
6.1365702479e-01 2.0551117732e+00 9.1992353596e+00 1.0286156700e+02 1.2512892041e+02 0.0000000000e+00 1.2164788468e-04
6.1377866133e-01 2.0557429678e+00 9.2018700035e+00 1.0290537744e+02 1.2514377898e+02 0.0000000000e+00 1.2161053396e-04
6.1390024586e-01 2.0563841230e+00 9.2045039841e+00 1.0294919292e+02 1.2515802832e+02 0.0000000000e+00 1.2157261730e-04
6.1402180656e-01 2.0569784442e+00 9.2071373418e+00 1.0299301373e+02 1.2517512521e+02 0.0000000000e+00 1.2153749141e-04
6.1414332084e-01 2.0575765852e+00 9.2097701948e+00 1.0303683877e+02 1.2519198498e+02 0.0000000000e+00 1.2150216026e-04
6.1426481088e-01 2.0582369842e+00 9.2124025428e+00 1.0308066587e+02 1.2520505008e+02 0.0000000000e+00 1.2146317549e-04
6.1438624719e-01 2.0588687245e+00 9.2150343729e+00 1.0312449435e+02 1.2521985147e+02 0.0000000000e+00 1.2142590590e-04
6.1450766269e-01 2.0594885156e+00 9.2176657932e+00 1.0316832350e+02 1.2523537121e+02 0.0000000000e+00 1.2138936348e-04
6.1462902592e-01 2.0601418512e+00 9.2202967469e+00 1.0321215164e+02 1.2524884098e+02 0.0000000000e+00 1.2135086711e-04
6.1475036443e-01 2.0607406493e+00 9.2229272153e+00 1.0325597854e+02 1.2526561576e+02 0.0000000000e+00 1.2131560567e-04
6.1487165713e-01 2.0613305557e+00 9.2255573228e+00 1.0329980495e+02 1.2528292062e+02 0.0000000000e+00 1.2128088787e-04
6.1499292620e-01 2.0619812200e+00 9.2281869620e+00 1.0334362945e+02 1.2529652119e+02 0.0000000000e+00 1.2124261733e-04
6.1511414237e-01 2.0626156163e+00 9.2308160601e+00 1.0338745219e+02 1.2531109939e+02 0.0000000000e+00 1.2120532688e-04
6.1523533686e-01 2.0632413244e+00 9.2334446655e+00 1.0343127426e+02 1.2532619553e+02 0.0000000000e+00 1.2116856959e-04
6.1535647951e-01 2.0638860156e+00 9.2360727112e+00 1.0347509542e+02 1.2534012857e+02 0.0000000000e+00 1.2113072045e-04
6.1547759830e-01 2.0645008597e+00 9.2387001794e+00 1.0351891728e+02 1.2535586604e+02 0.0000000000e+00 1.2109464563e-04
6.1559866880e-01 2.0650939114e+00 9.2413270357e+00 1.0356274124e+02 1.2537291969e+02 0.0000000000e+00 1.2105986978e-04
6.1571971804e-01 2.0657172322e+00 9.2439532397e+00 1.0360656791e+02 1.2538812948e+02 0.0000000000e+00 1.2102334052e-04
6.1584071548e-01 2.0663639929e+00 9.2465786973e+00 1.0365039804e+02 1.2540191176e+02 0.0000000000e+00 1.2098546087e-04
6.1596168896e-01 2.0669920139e+00 9.2492033898e+00 1.0369423250e+02 1.2541682769e+02 0.0000000000e+00 1.2094870146e-04
6.1608261288e-01 2.0676205121e+00 9.2518273640e+00 1.0373807118e+02 1.2543171072e+02 0.0000000000e+00 1.2091193647e-04
6.1620351283e-01 2.0682634901e+00 9.2544506430e+00 1.0378191314e+02 1.2544571041e+02 0.0000000000e+00 1.2087434758e-04
6.1632436158e-01 2.0688560559e+00 9.2570732975e+00 1.0382575830e+02 1.2546276238e+02 0.0000000000e+00 1.2083972652e-04
6.1644519228e-01 2.0694501358e+00 9.2596954811e+00 1.0386960551e+02 1.2547971526e+02 0.0000000000e+00 1.2080503689e-04
6.1656597165e-01 2.0701097632e+00 9.2623172045e+00 1.0391345299e+02 1.2549268503e+02 0.0000000000e+00 1.2076654313e-04
6.1668672537e-01 2.0707406158e+00 9.2649384558e+00 1.0395730101e+02 1.2550739120e+02 0.0000000000e+00 1.2072975152e-04
6.1680743115e-01 2.0713603165e+00 9.2675593542e+00 1.0400114939e+02 1.2552276463e+02 0.0000000000e+00 1.2069363211e-04
6.1692811263e-01 2.0720124720e+00 9.2701798546e+00 1.0404499697e+02 1.2553616155e+02 0.0000000000e+00 1.2065564439e-04
6.1704874244e-01 2.0726105311e+00 9.2727999886e+00 1.0408884475e+02 1.2555282721e+02 0.0000000000e+00 1.2062082878e-04
6.1716935429e-01 2.0731999548e+00 9.2754198245e+00 1.0413269302e+02 1.2557000686e+02 0.0000000000e+00 1.2058653552e-04
6.1728991551e-01 2.0738474919e+00 9.2780392974e+00 1.0417654107e+02 1.2558365728e+02 0.0000000000e+00 1.2054888365e-04
6.1741045206e-01 2.0744819535e+00 9.2806583212e+00 1.0422038957e+02 1.2559809136e+02 0.0000000000e+00 1.2051201486e-04
6.1753093954e-01 2.0751065461e+00 9.2832768775e+00 1.0426423919e+02 1.2561311536e+02 0.0000000000e+00 1.2047574158e-04
6.1765140354e-01 2.0757485389e+00 9.2858949172e+00 1.0430808982e+02 1.2562707846e+02 0.0000000000e+00 1.2043848053e-04
6.1777181650e-01 2.0763651567e+00 9.2885123216e+00 1.0435194276e+02 1.2564257113e+02 0.0000000000e+00 1.2040271394e-04
6.1789220897e-01 2.0769569484e+00 9.2911290592e+00 1.0439579905e+02 1.2565956064e+02 0.0000000000e+00 1.2036840734e-04
6.1801255332e-01 2.0775755747e+00 9.2937450725e+00 1.0443965888e+02 1.2567492147e+02 0.0000000000e+00 1.2033256602e-04
6.1813287410e-01 2.0782229885e+00 9.2963602691e+00 1.0448352218e+02 1.2568853626e+02 0.0000000000e+00 1.2029507968e-04
6.1825314348e-01 2.0788501870e+00 9.2989746335e+00 1.0452738915e+02 1.2570336935e+02 0.0000000000e+00 1.2025878611e-04
6.1837339167e-01 2.0794759643e+00 9.3015882359e+00 1.0457125898e+02 1.2571828285e+02 0.0000000000e+00 1.2022259660e-04
6.1849358867e-01 2.0801209509e+00 9.3042011206e+00 1.0461513004e+02 1.2573202774e+02 0.0000000000e+00 1.2018531898e-04
6.1861376231e-01 2.0807122620e+00 9.3068133766e+00 1.0465900184e+02 1.2574900883e+02 0.0000000000e+00 1.2015116389e-04
6.1873389100e-01 2.0813024842e+00 9.3094251985e+00 1.0470287364e+02 1.2576604607e+02 0.0000000000e+00 1.2011709105e-04
6.1885399650e-01 2.0819619789e+00 9.3120365203e+00 1.0474674347e+02 1.2577888613e+02 0.0000000000e+00 1.2007904204e-04
6.1897404908e-01 2.0825918169e+00 9.3146473634e+00 1.0479061178e+02 1.2579350755e+02 0.0000000000e+00 1.2004272655e-04
6.1909408195e-01 2.0832110696e+00 9.3172578633e+00 1.0483447947e+02 1.2580875865e+02 0.0000000000e+00 1.2000704280e-04
6.1921406317e-01 2.0838617297e+00 9.3198679390e+00 1.0487834502e+02 1.2582210174e+02 0.0000000000e+00 1.1996957209e-04
6.1933402109e-01 2.0844588115e+00 9.3224776285e+00 1.0492220961e+02 1.2583866977e+02 0.0000000000e+00 1.1993520746e-04
6.1945393358e-01 2.0850468189e+00 9.3250870205e+00 1.0496607469e+02 1.2585577664e+02 0.0000000000e+00 1.1990138434e-04
6.1957382386e-01 2.0856909703e+00 9.3276960410e+00 1.0500993934e+02 1.2586948502e+02 0.0000000000e+00 1.1986435362e-04
6.1969366229e-01 2.0863247976e+00 9.3303046039e+00 1.0505380517e+02 1.2588380928e+02 0.0000000000e+00 1.1982793872e-04
6.1981347974e-01 2.0869477229e+00 9.3329126897e+00 1.0509767322e+02 1.2589878519e+02 0.0000000000e+00 1.1979217172e-04
6.1993324663e-01 2.0875868455e+00 9.3355202150e+00 1.0514154436e+02 1.2591277890e+02 0.0000000000e+00 1.1975549690e-04
6.2005299073e-01 2.0882051135e+00 9.3381270744e+00 1.0518542016e+02 1.2592802724e+02 0.0000000000e+00 1.1972004014e-04
6.2017268671e-01 2.0887959234e+00 9.3407332460e+00 1.0522930180e+02 1.2594492911e+02 0.0000000000e+00 1.1968617767e-04
6.2029236309e-01 2.0894108133e+00 9.3433386937e+00 1.0527318933e+02 1.2596037680e+02 0.0000000000e+00 1.1965095538e-04
6.2041198863e-01 2.0900588702e+00 9.3459433504e+00 1.0531708210e+02 1.2597382255e+02 0.0000000000e+00 1.1961385565e-04
6.2053159080e-01 2.0906854167e+00 9.3485472277e+00 1.0536097956e+02 1.2598856184e+02 0.0000000000e+00 1.1957800920e-04
6.2065114464e-01 2.0913087452e+00 9.3511504469e+00 1.0540487995e+02 1.2600348967e+02 0.0000000000e+00 1.1954236818e-04
6.2077067554e-01 2.0919555284e+00 9.3537530998e+00 1.0544878058e+02 1.2601699599e+02 0.0000000000e+00 1.1950540851e-04
6.2089015546e-01 2.0925454965e+00 9.3563552529e+00 1.0549268050e+02 1.2603391501e+02 0.0000000000e+00 1.1947171539e-04
6.2100961897e-01 2.0931317747e+00 9.3589570580e+00 1.0553657955e+02 1.2605104565e+02 0.0000000000e+00 1.1943825182e-04
6.2112903196e-01 2.0937898465e+00 9.3615584377e+00 1.0558047549e+02 1.2606384025e+02 0.0000000000e+00 1.1940071274e-04
6.2124842039e-01 2.0944189471e+00 9.3641593558e+00 1.0562436786e+02 1.2607836652e+02 0.0000000000e+00 1.1936484835e-04
6.2136776166e-01 2.0950377160e+00 9.3667599345e+00 1.0566825796e+02 1.2609350318e+02 0.0000000000e+00 1.1932959397e-04
6.2148707958e-01 2.0956870133e+00 9.3693600708e+00 1.0571214450e+02 1.2610678960e+02 0.0000000000e+00 1.1929262262e-04
6.2160634691e-01 2.0962836411e+00 9.3719597555e+00 1.0575602867e+02 1.2612323376e+02 0.0000000000e+00 1.1925867049e-04
6.2172559692e-01 2.0968707328e+00 9.3745590205e+00 1.0579991156e+02 1.2614024068e+02 0.0000000000e+00 1.1922527989e-04
6.2184479747e-01 2.0975116346e+00 9.3771577510e+00 1.0584379319e+02 1.2615400011e+02 0.0000000000e+00 1.1918885020e-04
6.2196397462e-01 2.0981459927e+00 9.3797558622e+00 1.0588767573e+02 1.2616814571e+02 0.0000000000e+00 1.1915281438e-04
6.2208310309e-01 2.0987680168e+00 9.3823532442e+00 1.0593156131e+02 1.2618302792e+02 0.0000000000e+00 1.1911750036e-04
6.2220220962e-01 2.0994047140e+00 9.3849498299e+00 1.0597545119e+02 1.2619702442e+02 0.0000000000e+00 1.1908137499e-04
6.2232126584e-01 2.1000246638e+00 9.3875455523e+00 1.0601934688e+02 1.2621202587e+02 0.0000000000e+00 1.1904622089e-04
6.2244030206e-01 2.1006140827e+00 9.3901404422e+00 1.0606324940e+02 1.2622886121e+02 0.0000000000e+00 1.1901281728e-04
6.2255929148e-01 2.1012247599e+00 9.3927345679e+00 1.0610715820e+02 1.2624441734e+02 0.0000000000e+00 1.1897822869e-04
6.2267825852e-01 2.1018733379e+00 9.3953279778e+00 1.0615107169e+02 1.2625769328e+02 0.0000000000e+00 1.1894151541e-04
6.2279717451e-01 2.1024985968e+00 9.3979207836e+00 1.0619498853e+02 1.2627236552e+02 0.0000000000e+00 1.1890614357e-04
6.2291607081e-01 2.1031194846e+00 9.4005131735e+00 1.0623890664e+02 1.2628729302e+02 0.0000000000e+00 1.1887103982e-04
6.2303491659e-01 2.1037675821e+00 9.4031052084e+00 1.0628282413e+02 1.2630057740e+02 0.0000000000e+00 1.1883441980e-04
6.2315373965e-01 2.1043564259e+00 9.4056968937e+00 1.0632674020e+02 1.2631740861e+02 0.0000000000e+00 1.1880116739e-04
6.2327251892e-01 2.1049385285e+00 9.4082884209e+00 1.0637065539e+02 1.2633463395e+02 0.0000000000e+00 1.1876831395e-04
6.2339127628e-01 2.1055954226e+00 9.4108796559e+00 1.0641456690e+02 1.2634735733e+02 0.0000000000e+00 1.1873126115e-04
6.2350998145e-01 2.1062240483e+00 9.4134705348e+00 1.0645847493e+02 1.2636176457e+02 0.0000000000e+00 1.1869582451e-04
6.2362866792e-01 2.1068427234e+00 9.4160610789e+00 1.0650238020e+02 1.2637675681e+02 0.0000000000e+00 1.1866096943e-04
6.2374730339e-01 2.1074907121e+00 9.4186511740e+00 1.0654628242e+02 1.2638997863e+02 0.0000000000e+00 1.1862448483e-04
6.2386591689e-01 2.1080865536e+00 9.4212407283e+00 1.0659018257e+02 1.2640631665e+02 0.0000000000e+00 1.1859095613e-04
6.2398448530e-01 2.1086726727e+00 9.4238297599e+00 1.0663408263e+02 1.2642322823e+02 0.0000000000e+00 1.1855799301e-04
6.2410303288e-01 2.1093105967e+00 9.4264180958e+00 1.0667798249e+02 1.2643702479e+02 0.0000000000e+00 1.1852213723e-04
6.2422152957e-01 2.1099445974e+00 9.4290055712e+00 1.0672188480e+02 1.2645105105e+02 0.0000000000e+00 1.1848652344e-04
6.2434000593e-01 2.1105661553e+00 9.4315920985e+00 1.0676579137e+02 1.2646581949e+02 0.0000000000e+00 1.1845162937e-04
6.2445843283e-01 2.1112000999e+00 9.4341776619e+00 1.0680970242e+02 1.2647984247e+02 0.0000000000e+00 1.1841606109e-04
6.2457683805e-01 2.1118211175e+00 9.4367622469e+00 1.0685361813e+02 1.2649463684e+02 0.0000000000e+00 1.1838123879e-04
6.2469519531e-01 2.1124089114e+00 9.4393459120e+00 1.0689753858e+02 1.2651141784e+02 0.0000000000e+00 1.1834829831e-04
6.2481353465e-01 2.1130157160e+00 9.4419287453e+00 1.0694146256e+02 1.2652705533e+02 0.0000000000e+00 1.1831431168e-04
6.2493182393e-01 2.1136644165e+00 9.4445108168e+00 1.0698538771e+02 1.2654017695e+02 0.0000000000e+00 1.1827800007e-04
6.2505009065e-01 2.1142886082e+00 9.4470922603e+00 1.0702931231e+02 1.2655475687e+02 0.0000000000e+00 1.1824308140e-04
6.2516831009e-01 2.1149067729e+00 9.4496732348e+00 1.0707323536e+02 1.2656968706e+02 0.0000000000e+00 1.1820852021e-04
6.2528650769e-01 2.1155560977e+00 9.4522537420e+00 1.0711715471e+02 1.2658273967e+02 0.0000000000e+00 1.1817223862e-04
6.2540465457e-01 2.1161438070e+00 9.4548338485e+00 1.0716106972e+02 1.2659946522e+02 0.0000000000e+00 1.1813941906e-04
6.2552278652e-01 2.1167220145e+00 9.4574137466e+00 1.0720498140e+02 1.2661674592e+02 0.0000000000e+00 1.1810714789e-04
6.2564086887e-01 2.1173772184e+00 9.4599933461e+00 1.0724888815e+02 1.2662940645e+02 0.0000000000e+00 1.1807060066e-04
6.2575892773e-01 2.1180056205e+00 9.4625725588e+00 1.0729279032e+02 1.2664365628e+02 0.0000000000e+00 1.1803556968e-04
6.2587694001e-01 2.1186229451e+00 9.4651514558e+00 1.0733669000e+02 1.2665855698e+02 0.0000000000e+00 1.1800117646e-04
6.2599493008e-01 2.1192692111e+00 9.4677299118e+00 1.0738058696e+02 1.2667171588e+02 0.0000000000e+00 1.1796519229e-04
6.2611287039e-01 2.1198643341e+00 9.4703079144e+00 1.0742448327e+02 1.2668792235e+02 0.0000000000e+00 1.1793207517e-04
6.2623079423e-01 2.1204487287e+00 9.4728854541e+00 1.0746838078e+02 1.2670476221e+02 0.0000000000e+00 1.1789957315e-04
6.2634866954e-01 2.1210831226e+00 9.4754623852e+00 1.0751228044e+02 1.2671860816e+02 0.0000000000e+00 1.1786431061e-04
6.2646652285e-01 2.1217168494e+00 9.4780385229e+00 1.0755618446e+02 1.2673249083e+02 0.0000000000e+00 1.1782910621e-04
6.2658432775e-01 2.1223370275e+00 9.4806138372e+00 1.0760009410e+02 1.2674718094e+02 0.0000000000e+00 1.1779467481e-04
6.2670211220e-01 2.1229686055e+00 9.4831883095e+00 1.0764400947e+02 1.2676118855e+02 0.0000000000e+00 1.1775963119e-04
6.2681984701e-01 2.1235906198e+00 9.4857619221e+00 1.0768793045e+02 1.2677576535e+02 0.0000000000e+00 1.1772513858e-04
6.2693756248e-01 2.1241769082e+00 9.4883347284e+00 1.0773185681e+02 1.2679247241e+02 0.0000000000e+00 1.1769264558e-04
6.2705523230e-01 2.1247801801e+00 9.4909068038e+00 1.0777578720e+02 1.2680816139e+02 0.0000000000e+00 1.1765923004e-04
6.2717288094e-01 2.1254293380e+00 9.4934781688e+00 1.0781971943e+02 1.2682110563e+02 0.0000000000e+00 1.1762329405e-04
6.2729047889e-01 2.1260523335e+00 9.4960489032e+00 1.0786365202e+02 1.2683560314e+02 0.0000000000e+00 1.1758882698e-04
6.2740805859e-01 2.1266687215e+00 9.4986191715e+00 1.0790758386e+02 1.2685048542e+02 0.0000000000e+00 1.1755474535e-04
6.2752558838e-01 2.1273173437e+00 9.5011889522e+00 1.0795151280e+02 1.2686343333e+02 0.0000000000e+00 1.1751890274e-04
6.2764309640e-01 2.1279040264e+00 9.5037582948e+00 1.0799543805e+02 1.2688006215e+02 0.0000000000e+00 1.1748650170e-04
6.2776056139e-01 2.1284805623e+00 9.5063274010e+00 1.0803936084e+02 1.2689728386e+02 0.0000000000e+00 1.1745467844e-04
6.2787800575e-01 2.1291337541e+00 9.5088961564e+00 1.0808327910e+02 1.2690992157e+02 0.0000000000e+00 1.1741864480e-04
6.2799539868e-01 2.1297605346e+00 9.5114644981e+00 1.0812719339e+02 1.2692412085e+02 0.0000000000e+00 1.1738408893e-04
6.2811277393e-01 2.1303772742e+00 9.5140324963e+00 1.0817110548e+02 1.2693890748e+02 0.0000000000e+00 1.1735010649e-04
6.2823009889e-01 2.1310216207e+00 9.5166000615e+00 1.0821501529e+02 1.2695203821e+02 0.0000000000e+00 1.1731462392e-04
6.2834740318e-01 2.1316167878e+00 9.5191671902e+00 1.0825892459e+02 1.2696808968e+02 0.0000000000e+00 1.1728186859e-04
6.2846466263e-01 2.1322001899e+00 9.5217338796e+00 1.0830283509e+02 1.2698483426e+02 0.0000000000e+00 1.1724977851e-04
6.2858190274e-01 2.1328314735e+00 9.5243000252e+00 1.0834674771e+02 1.2699872102e+02 0.0000000000e+00 1.1721507447e-04
6.2869909277e-01 2.1334650489e+00 9.5268655026e+00 1.0839066418e+02 1.2701246763e+02 0.0000000000e+00 1.1718026510e-04
6.2881626327e-01 2.1340846381e+00 9.5294302902e+00 1.0843458586e+02 1.2702704467e+02 0.0000000000e+00 1.1714624413e-04
6.2893338526e-01 2.1347138350e+00 9.5319943539e+00 1.0847851340e+02 1.2704104834e+02 0.0000000000e+00 1.1711171582e-04
6.2905048670e-01 2.1353370872e+00 9.5345576630e+00 1.0852244714e+02 1.2705540473e+02 0.0000000000e+00 1.1707753380e-04
6.2916754033e-01 2.1359217674e+00 9.5371202561e+00 1.0856638737e+02 1.2707205506e+02 0.0000000000e+00 1.1704548538e-04
6.2928457767e-01 2.1365214302e+00 9.5396822077e+00 1.0861033310e+02 1.2708781149e+02 0.0000000000e+00 1.1701263393e-04
6.2940156560e-01 2.1371705417e+00 9.5422435220e+00 1.0865428255e+02 1.2710062256e+02 0.0000000000e+00 1.1697709430e-04
6.2951853186e-01 2.1377926467e+00 9.5448042342e+00 1.0869823497e+02 1.2711503514e+02 0.0000000000e+00 1.1694305357e-04
6.2963545171e-01 2.1384069471e+00 9.5473644877e+00 1.0874218878e+02 1.2712990496e+02 0.0000000000e+00 1.1690945932e-04
6.2975235078e-01 2.1390550893e+00 9.5499243089e+00 1.0878614191e+02 1.2714275389e+02 0.0000000000e+00 1.1687403530e-04
6.2986919978e-01 2.1396408734e+00 9.5524837172e+00 1.0883009387e+02 1.2715929952e+02 0.0000000000e+00 1.1684203789e-04
6.2998603485e-01 2.1402169155e+00 9.5550428752e+00 1.0887404452e+02 1.2717641344e+02 0.0000000000e+00 1.1681058971e-04
6.3010282096e-01 2.1408682084e+00 9.5576017022e+00 1.0891799180e+02 1.2718904341e+02 0.0000000000e+00 1.1677505370e-04
6.3021958496e-01 2.1414940950e+00 9.5601601159e+00 1.0896193537e+02 1.2720317047e+02 0.0000000000e+00 1.1674092428e-04
6.3033630280e-01 2.1421105291e+00 9.5627181733e+00 1.0900587649e+02 1.2721784778e+02 0.0000000000e+00 1.1670732981e-04
6.3045299962e-01 2.1427536506e+00 9.5652757336e+00 1.0904981420e+02 1.2723092803e+02 0.0000000000e+00 1.1667230152e-04
6.3056964741e-01 2.1433488203e+00 9.5678327638e+00 1.0909375022e+02 1.2724684520e+02 0.0000000000e+00 1.1663990370e-04
6.3068627943e-01 2.1439313071e+00 9.5703892449e+00 1.0913768547e+02 1.2726350549e+02 0.0000000000e+00 1.1660821369e-04
6.3080286383e-01 2.1445594027e+00 9.5729450616e+00 1.0918162001e+02 1.2727744902e+02 0.0000000000e+00 1.1657406164e-04
6.3091942755e-01 2.1451930507e+00 9.5755001117e+00 1.0922555444e+02 1.2729105477e+02 0.0000000000e+00 1.1653962795e-04
6.3103594309e-01 2.1458114357e+00 9.5780543481e+00 1.0926948990e+02 1.2730555919e+02 0.0000000000e+00 1.1650604328e-04
6.3115243964e-01 2.1464384901e+00 9.5806077344e+00 1.0931342676e+02 1.2731954265e+02 0.0000000000e+00 1.1647200754e-04
6.3126888711e-01 2.1470623248e+00 9.5831602490e+00 1.0935736510e+02 1.2733371062e+02 0.0000000000e+00 1.1643816628e-04
6.3138531597e-01 2.1476453173e+00 9.5857119263e+00 1.0940130542e+02 1.2735029445e+02 0.0000000000e+00 1.1640655838e-04
6.3150170022e-01 2.1482411538e+00 9.5882628317e+00 1.0944524723e+02 1.2736610952e+02 0.0000000000e+00 1.1637427183e-04
6.3161806451e-01 2.1488902754e+00 9.5908129497e+00 1.0948918940e+02 1.2737875760e+02 0.0000000000e+00 1.1633911832e-04
6.3173437846e-01 2.1495107917e+00 9.5933622981e+00 1.0953313192e+02 1.2739309375e+02 0.0000000000e+00 1.1630553378e-04
6.3185067558e-01 2.1501231839e+00 9.5959110174e+00 1.0957707433e+02 1.2740790289e+02 0.0000000000e+00 1.1627240796e-04
6.3196692328e-01 2.1507700445e+00 9.5984590984e+00 1.0962101526e+02 1.2742065981e+02 0.0000000000e+00 1.1623743814e-04
6.3208315046e-01 2.1513547461e+00 9.6010065670e+00 1.0966495400e+02 1.2743708842e+02 0.0000000000e+00 1.1620584678e-04
6.3219933497e-01 2.1519296840e+00 9.6035536107e+00 1.0970889130e+02 1.2745408472e+02 0.0000000000e+00 1.1617479969e-04
6.3231550006e-01 2.1525788274e+00 9.6061001318e+00 1.0975282475e+02 1.2746667318e+02 0.0000000000e+00 1.1613976539e-04
6.3243161450e-01 2.1532028510e+00 9.6086460815e+00 1.0979675407e+02 1.2748073645e+02 0.0000000000e+00 1.1610610672e-04
6.3254771227e-01 2.1538184253e+00 9.6111915363e+00 1.0984067991e+02 1.2749528769e+02 0.0000000000e+00 1.1607292289e-04
6.3266376035e-01 2.1544592191e+00 9.6137364292e+00 1.0988460145e+02 1.2750833304e+02 0.0000000000e+00 1.1603839970e-04
6.3277978907e-01 2.1550538190e+00 9.6162806733e+00 1.0992851813e+02 1.2752409843e+02 0.0000000000e+00 1.1600638360e-04
6.3289577311e-01 2.1556345156e+00 9.6188243823e+00 1.0997243223e+02 1.2754067472e+02 0.0000000000e+00 1.1597513316e-04
6.3301173933e-01 2.1562590756e+00 9.6213673921e+00 1.1001634209e+02 1.2755464236e+02 0.0000000000e+00 1.1594154099e-04
6.3312765619e-01 2.1568917031e+00 9.6239096477e+00 1.1006024881e+02 1.2756812112e+02 0.0000000000e+00 1.1590753474e-04
6.3324355440e-01 2.1575085981e+00 9.6264510768e+00 1.1010415224e+02 1.2758251848e+02 0.0000000000e+00 1.1587439337e-04
6.3335940498e-01 2.1581325344e+00 9.6289916893e+00 1.1014805336e+02 1.2759648864e+02 0.0000000000e+00 1.1584089300e-04
6.3347523619e-01 2.1587567689e+00 9.6315313950e+00 1.1019195157e+02 1.2761042971e+02 0.0000000000e+00 1.1580739600e-04
6.3359101977e-01 2.1593374807e+00 9.6340701548e+00 1.1023584667e+02 1.2762693148e+02 0.0000000000e+00 1.1577625185e-04
6.3370678869e-01 2.1599293508e+00 9.6366080618e+00 1.1027974029e+02 1.2764276323e+02 0.0000000000e+00 1.1574452651e-04
6.3382250883e-01 2.1605778969e+00 9.6391449546e+00 1.1032363033e+02 1.2765523345e+02 0.0000000000e+00 1.1570978318e-04
6.3393820826e-01 2.1611966096e+00 9.6416807754e+00 1.1036751663e+02 1.2766945420e+02 0.0000000000e+00 1.1567665750e-04
6.3405386214e-01 2.1618059768e+00 9.6442156396e+00 1.1041140042e+02 1.2768421589e+02 0.0000000000e+00 1.1564405071e-04
6.3416949636e-01 2.1624511884e+00 9.6467494663e+00 1.1045527971e+02 1.2769684734e+02 0.0000000000e+00 1.1560954594e-04
6.3428508123e-01 2.1630336262e+00 9.6492822531e+00 1.1049915395e+02 1.2771317168e+02 0.0000000000e+00 1.1557841587e-04
6.3440065319e-01 2.1636066682e+00 9.6518141794e+00 1.1054302402e+02 1.2773003712e+02 0.0000000000e+00 1.1554780436e-04
6.3451617684e-01 2.1642522311e+00 9.6543451697e+00 1.1058688729e+02 1.2774260516e+02 0.0000000000e+00 1.1551333824e-04
6.3463167987e-01 2.1648737586e+00 9.6568752414e+00 1.1063074333e+02 1.2775657575e+02 0.0000000000e+00 1.1548017477e-04
6.3474713719e-01 2.1654870015e+00 9.6594045512e+00 1.1067459234e+02 1.2777101902e+02 0.0000000000e+00 1.1544747201e-04
6.3486257481e-01 2.1661249221e+00 9.6619330766e+00 1.1071843192e+02 1.2778398742e+02 0.0000000000e+00 1.1541347290e-04
6.3497796414e-01 2.1667182704e+00 9.6644609089e+00 1.1076226234e+02 1.2779956657e+02 0.0000000000e+00 1.1538186732e-04
6.3509333855e-01 2.1672964857e+00 9.6669881649e+00 1.1080608395e+02 1.2781601950e+02 0.0000000000e+00 1.1535108447e-04
6.3520866631e-01 2.1679163989e+00 9.6695148061e+00 1.1084989617e+02 1.2782999407e+02 0.0000000000e+00 1.1531809996e-04
6.3532397475e-01 2.1685475509e+00 9.6720407583e+00 1.1089369953e+02 1.2784328787e+02 0.0000000000e+00 1.1528453683e-04
6.3543923538e-01 2.1691619185e+00 9.6745660098e+00 1.1093749602e+02 1.2785755534e+02 0.0000000000e+00 1.1525188501e-04
6.3555447852e-01 2.1697822467e+00 9.6770905026e+00 1.1098128726e+02 1.2787145742e+02 0.0000000000e+00 1.1521893516e-04
6.3566967325e-01 2.1704055219e+00 9.6796141111e+00 1.1102507442e+02 1.2788517319e+02 0.0000000000e+00 1.1518584775e-04
6.3578485021e-01 2.1709831614e+00 9.6821367881e+00 1.1106885962e+02 1.2790156735e+02 0.0000000000e+00 1.1515519993e-04
6.3589998365e-01 2.1715697115e+00 9.6846585462e+00 1.1111264527e+02 1.2791742844e+02 0.0000000000e+00 1.1512409603e-04
6.3601509841e-01 2.1722166096e+00 9.6871792350e+00 1.1115643080e+02 1.2792972661e+02 0.0000000000e+00 1.1508981144e-04
6.3613016327e-01 2.1728324878e+00 9.6896987887e+00 1.1120021792e+02 1.2794384581e+02 0.0000000000e+00 1.1505718982e-04
6.3624521279e-01 2.1734387625e+00 9.6922172990e+00 1.1124400641e+02 1.2795852398e+02 0.0000000000e+00 1.1502509494e-04
6.3636021346e-01 2.1740814159e+00 9.6947347823e+00 1.1128779486e+02 1.2797105256e+02 0.0000000000e+00 1.1499109379e-04
6.3647519497e-01 2.1746618720e+00 9.6972512788e+00 1.1133158325e+02 1.2798723411e+02 0.0000000000e+00 1.1496040061e-04
6.3659013426e-01 2.1752326904e+00 9.6997669970e+00 1.1137537098e+02 1.2800397340e+02 0.0000000000e+00 1.1493023303e-04
6.3670505544e-01 2.1758750613e+00 9.7022818919e+00 1.1141915519e+02 1.2801648998e+02 0.0000000000e+00 1.1489630284e-04
6.3681992687e-01 2.1764945241e+00 9.7047960383e+00 1.1146293537e+02 1.2803034207e+02 0.0000000000e+00 1.1486360165e-04
6.3693478264e-01 2.1771059032e+00 9.7073095990e+00 1.1150671078e+02 1.2804465623e+02 0.0000000000e+00 1.1483134542e-04
6.3704958956e-01 2.1777408980e+00 9.7098226116e+00 1.1155047904e+02 1.2805756546e+02 0.0000000000e+00 1.1479786242e-04
6.3716437837e-01 2.1783337445e+00 9.7123351547e+00 1.1159423903e+02 1.2807293569e+02 0.0000000000e+00 1.1476661950e-04
6.3727912280e-01 2.1789092110e+00 9.7148474065e+00 1.1163799134e+02 1.2808931044e+02 0.0000000000e+00 1.1473630876e-04
6.3739385098e-01 2.1795250456e+00 9.7173593200e+00 1.1168173464e+02 1.2810329350e+02 0.0000000000e+00 1.1470388950e-04
6.3750853058e-01 2.1801547680e+00 9.7198708876e+00 1.1172547081e+02 1.2811644436e+02 0.0000000000e+00 1.1467075809e-04
6.3762319250e-01 2.1807671295e+00 9.7223819507e+00 1.1176919988e+02 1.2813059951e+02 0.0000000000e+00 1.1463855843e-04
6.3773780770e-01 2.1813840343e+00 9.7248925445e+00 1.1181292614e+02 1.2814447661e+02 0.0000000000e+00 1.1460613815e-04
6.3785240478e-01 2.1820071234e+00 9.7274024472e+00 1.1185664972e+02 1.2815797955e+02 0.0000000000e+00 1.1457341148e-04
6.3796695452e-01 2.1825820488e+00 9.7299116295e+00 1.1190037458e+02 1.2817430465e+02 0.0000000000e+00 1.1454323110e-04
6.3808149124e-01 2.1831645061e+00 9.7324199724e+00 1.1194410329e+02 1.2819018331e+02 0.0000000000e+00 1.1451267154e-04
6.3819597986e-01 2.1838106800e+00 9.7349274112e+00 1.1198783586e+02 1.2820231727e+02 0.0000000000e+00 1.1447878806e-04
6.3831044882e-01 2.1844250267e+00 9.7374339005e+00 1.1203157310e+02 1.2821631749e+02 0.0000000000e+00 1.1444659210e-04
6.3842487305e-01 2.1850287251e+00 9.7399395400e+00 1.1207531472e+02 1.2823093975e+02 0.0000000000e+00 1.1441497182e-04
6.3853927876e-01 2.1856699976e+00 9.7424443338e+00 1.1211905968e+02 1.2824335307e+02 0.0000000000e+00 1.1438140262e-04
6.3865363585e-01 2.1862485527e+00 9.7449483175e+00 1.1216280854e+02 1.2825944288e+02 0.0000000000e+00 1.1435113345e-04
6.3876798103e-01 2.1868182211e+00 9.7474516488e+00 1.1220656046e+02 1.2827604894e+02 0.0000000000e+00 1.1432134486e-04
6.3888227854e-01 2.1874578295e+00 9.7499543382e+00 1.1225031376e+02 1.2828854601e+02 0.0000000000e+00 1.1428791752e-04
6.3899655686e-01 2.1880759110e+00 9.7524563978e+00 1.1229406830e+02 1.2830229945e+02 0.0000000000e+00 1.1425563379e-04
6.3911078981e-01 2.1886856586e+00 9.7549579935e+00 1.1233782295e+02 1.2831653384e+02 0.0000000000e+00 1.1422380323e-04
6.3922500447e-01 2.1893184454e+00 9.7574591645e+00 1.1238157615e+02 1.2832940817e+02 0.0000000000e+00 1.1419078870e-04
6.3933917139e-01 2.1899112802e+00 9.7599600079e+00 1.1242532768e+02 1.2834461457e+02 0.0000000000e+00 1.1415987591e-04
6.3945332422e-01 2.1904852796e+00 9.7624606617e+00 1.1246907728e+02 1.2836091427e+02 0.0000000000e+00 1.1412996121e-04
6.3956743131e-01 2.1910977892e+00 9.7649611598e+00 1.1251282435e+02 1.2837494624e+02 0.0000000000e+00 1.1409805680e-04
6.3968152033e-01 2.1917276611e+00 9.7674614821e+00 1.1255656872e+02 1.2838795019e+02 0.0000000000e+00 1.1406526661e-04
6.3979556184e-01 2.1923390092e+00 9.7699616639e+00 1.1260031170e+02 1.2840203001e+02 0.0000000000e+00 1.1403345876e-04
6.3990958725e-01 2.1929539829e+00 9.7724616931e+00 1.1264405443e+02 1.2841588938e+02 0.0000000000e+00 1.1400148017e-04
6.4002356480e-01 2.1935778768e+00 9.7749614793e+00 1.1268779888e+02 1.2842922067e+02 0.0000000000e+00 1.1396905605e-04
6.4013752536e-01 2.1941518149e+00 9.7774609748e+00 1.1273154781e+02 1.2844547383e+02 0.0000000000e+00 1.1393924445e-04
6.4025144329e-01 2.1947312278e+00 9.7799602166e+00 1.1277530269e+02 1.2846140482e+02 0.0000000000e+00 1.1390916429e-04
6.4036534369e-01 2.1953779488e+00 9.7824590957e+00 1.1281906423e+02 1.2847339600e+02 0.0000000000e+00 1.1387560859e-04
6.4047919451e-01 2.1959920671e+00 9.7849575120e+00 1.1286283474e+02 1.2848729787e+02 0.0000000000e+00 1.1384376280e-04
6.4059303122e-01 2.1965942497e+00 9.7874555453e+00 1.1290661510e+02 1.2850190143e+02 0.0000000000e+00 1.1381255325e-04
6.4070681961e-01 2.1972343721e+00 9.7899531906e+00 1.1295040521e+02 1.2851428897e+02 0.0000000000e+00 1.1377939612e-04
6.4082059001e-01 2.1978131138e+00 9.7924504582e+00 1.1299420654e+02 1.2853027155e+02 0.0000000000e+00 1.1374943503e-04
6.4093431848e-01 2.1983826454e+00 9.7949474780e+00 1.1303801910e+02 1.2854679704e+02 0.0000000000e+00 1.1371996614e-04
6.4104802994e-01 2.1990210406e+00 9.7974442364e+00 1.1308184214e+02 1.2855929985e+02 0.0000000000e+00 1.1368695223e-04
6.4116169239e-01 2.1996387738e+00 9.7999407267e+00 1.1312567645e+02 1.2857301594e+02 0.0000000000e+00 1.1365502508e-04
6.4127533999e-01 2.2002486315e+00 9.8024370714e+00 1.1316952177e+02 1.2858719710e+02 0.0000000000e+00 1.1362352255e-04
6.4138893943e-01 2.2008806736e+00 9.8049333068e+00 1.1321337752e+02 1.2860008595e+02 0.0000000000e+00 1.1359089250e-04
6.4150252178e-01 2.2014759084e+00 9.8074294764e+00 1.1325724412e+02 1.2861513007e+02 0.0000000000e+00 1.1356017981e-04
6.4161605979e-01 2.2020504458e+00 9.8099257207e+00 1.1330112074e+02 1.2863138644e+02 0.0000000000e+00 1.1353055080e-04
6.4172958288e-01 2.2026617806e+00 9.8124221203e+00 1.1334500605e+02 1.2864549502e+02 0.0000000000e+00 1.1349904112e-04
6.4184305788e-01 2.2032935092e+00 9.8149186633e+00 1.1338890056e+02 1.2865841533e+02 0.0000000000e+00 1.1346649866e-04
6.4195651588e-01 2.2039060085e+00 9.8174154485e+00 1.1343280343e+02 1.2867246039e+02 0.0000000000e+00 1.1343496457e-04
6.4206992780e-01 2.2045209159e+00 9.8199124920e+00 1.1347671525e+02 1.2868636721e+02 0.0000000000e+00 1.1340332414e-04
6.4218332252e-01 2.2051481489e+00 9.8224098362e+00 1.1352063566e+02 1.2869955667e+02 0.0000000000e+00 1.1337106766e-04
6.4229666994e-01 2.2057228058e+00 9.8249074850e+00 1.1356456620e+02 1.2871581812e+02 0.0000000000e+00 1.1334153110e-04
6.4241000559e-01 2.2063016527e+00 9.8274055030e+00 1.1360850671e+02 1.2873183793e+02 0.0000000000e+00 1.1331179474e-04
6.4252329353e-01 2.2069502489e+00 9.8299038031e+00 1.1365245829e+02 1.2874379287e+02 0.0000000000e+00 1.1327849376e-04
6.4263656257e-01 2.2075662106e+00 9.8324022679e+00 1.1369642395e+02 1.2875766014e+02 0.0000000000e+00 1.1324688646e-04
6.4274978730e-01 2.2081695317e+00 9.8349009854e+00 1.1374040304e+02 1.2877227202e+02 0.0000000000e+00 1.1321594489e-04
6.4286299446e-01 2.2088111918e+00 9.8373998243e+00 1.1378439774e+02 1.2878465820e+02 0.0000000000e+00 1.1318305563e-04
6.4297615341e-01 2.2093917554e+00 9.8398987783e+00 1.1382840940e+02 1.2880061800e+02 0.0000000000e+00 1.1315331443e-04
6.4308930109e-01 2.2099637239e+00 9.8423979479e+00 1.1387243693e+02 1.2881708838e+02 0.0000000000e+00 1.1312402883e-04
6.4320240147e-01 2.2106028788e+00 9.8448971278e+00 1.1391648323e+02 1.2882965584e+02 0.0000000000e+00 1.1309132110e-04
6.4331548373e-01 2.2112229552e+00 9.8473963252e+00 1.1396054826e+02 1.2884334888e+02 0.0000000000e+00 1.1305960777e-04
6.4342852069e-01 2.2118349086e+00 9.8498955514e+00 1.1400463197e+02 1.2885752857e+02 0.0000000000e+00 1.1302832731e-04
6.4354154039e-01 2.2124684010e+00 9.8523947598e+00 1.1404873436e+02 1.2887046693e+02 0.0000000000e+00 1.1299596410e-04
6.4365451261e-01 2.2130677394e+00 9.8548939560e+00 1.1409285535e+02 1.2888540793e+02 0.0000000000e+00 1.1296536276e-04
6.4376747111e-01 2.2136446602e+00 9.8573931957e+00 1.1413699410e+02 1.2890166627e+02 0.0000000000e+00 1.1293592169e-04
6.4388038446e-01 2.2142560186e+00 9.8598925192e+00 1.1418114877e+02 1.2891592911e+02 0.0000000000e+00 1.1290473997e-04
6.4399328059e-01 2.2148914410e+00 9.8623918929e+00 1.1422531841e+02 1.2892880018e+02 0.0000000000e+00 1.1287234912e-04
6.4410612916e-01 2.2155064843e+00 9.8648913577e+00 1.1426950168e+02 1.2894286530e+02 0.0000000000e+00 1.1284101481e-04
6.4421896262e-01 2.2161231355e+00 9.8673910750e+00 1.1431369545e+02 1.2895684091e+02 0.0000000000e+00 1.1280961603e-04
6.4433174839e-01 2.2167548843e+00 9.8698911276e+00 1.1435789830e+02 1.2896994060e+02 0.0000000000e+00 1.1277746663e-04
6.4444451756e-01 2.2173319653e+00 9.8723916660e+00 1.1440210946e+02 1.2898622224e+02 0.0000000000e+00 1.1274811526e-04
6.4455724462e-01 2.2179113855e+00 9.8748928360e+00 1.1444632865e+02 1.2900236839e+02 0.0000000000e+00 1.1271866028e-04
6.4466995488e-01 2.2185631423e+00 9.8773946469e+00 1.1449055785e+02 1.2901431074e+02 0.0000000000e+00 1.1268554644e-04
6.4478261571e-01 2.2191816978e+00 9.8798971061e+00 1.1453480204e+02 1.2902819331e+02 0.0000000000e+00 1.1265413745e-04
6.4489526315e-01 2.2197885755e+00 9.8824004353e+00 1.1457906223e+02 1.2904276503e+02 0.0000000000e+00 1.1262333844e-04
6.4500786239e-01 2.2204328719e+00 9.8849045083e+00 1.1462334434e+02 1.2905517860e+02 0.0000000000e+00 1.1259065886e-04
6.4512044447e-01 2.2210164132e+00 9.8874091449e+00 1.1466765074e+02 1.2907114290e+02 0.0000000000e+00 1.1256107722e-04
6.4523298454e-01 2.2215913336e+00 9.8899136926e+00 1.1471196595e+02 1.2908760965e+02 0.0000000000e+00 1.1253194781e-04
6.4534550837e-01 2.2222318047e+00 9.8924165530e+00 1.1475626864e+02 1.2910024552e+02 0.0000000000e+00 1.1249951489e-04
6.4545798357e-01 2.2228537547e+00 9.8949175703e+00 1.1480055783e+02 1.2911393472e+02 0.0000000000e+00 1.1246803775e-04
6.4557044444e-01 2.2234671280e+00 9.8974162950e+00 1.1484482571e+02 1.2912809038e+02 0.0000000000e+00 1.1243701193e-04
6.4568285760e-01 2.2240999250e+00 9.8999116225e+00 1.1488904687e+02 1.2914105790e+02 0.0000000000e+00 1.1240502155e-04
6.4579525448e-01 2.2247003360e+00 9.9024031680e+00 1.1493320562e+02 1.2915582804e+02 0.0000000000e+00 1.1237468524e-04
6.4590760697e-01 2.2252753517e+00 9.9048906331e+00 1.1497730751e+02 1.2917200047e+02 0.0000000000e+00 1.1234564739e-04
6.4601994578e-01 2.2258821282e+00 9.9073717209e+00 1.1502136977e+02 1.2918627666e+02 0.0000000000e+00 1.1231502191e-04
6.4613223701e-01 2.2265148411e+00 9.9098447317e+00 1.1506537977e+02 1.2919898135e+02 0.0000000000e+00 1.1228310514e-04
6.4624451199e-01 2.2271228832e+00 9.9123198638e+00 1.1510917498e+02 1.2921286904e+02 0.0000000000e+00 1.1225244996e-04
6.4635674191e-01 2.2277199960e+00 9.9148530255e+00 1.1515203716e+02 1.2922633608e+02 0.0000000000e+00 1.1222236208e-04
6.4646895671e-01 2.2283325522e+00 9.9175145732e+00 1.1519386842e+02 1.2923774361e+02 0.0000000000e+00 1.1219151278e-04
6.4658112494e-01 2.2290045641e+00 9.9196232662e+00 1.1524622491e+02 1.2925750217e+02 0.0000000000e+00 1.1215768869e-04
6.4669327209e-01 2.2304335342e+00 9.9186120791e+00 1.1535256309e+02 1.2929388091e+02 0.0000000000e+00 1.1208583272e-04
6.4680529660e-01 2.2372127364e+00 9.8974519904e+00 1.1584026982e+02 1.2944708826e+02 0.0000000000e+00 1.1174619022e-04
6.4691676447e-01 2.2806141630e+00 9.7309476319e+00 1.1903463023e+02 1.3048527909e+02 0.0000000000e+00 1.0961959460e-04
6.4702453579e-01 2.5451955512e+00 8.6541327454e+00 1.4041404845e+02 1.3792068785e+02 0.0000000000e+00 9.8224279812e-05
6.4711321303e-01 3.4926865932e+00 4.2140197539e+00 2.5261118776e+02 1.8081438244e+02 0.0000000000e+00 7.1578137154e-05
6.4716769207e-01 5.0669315789e+00 6.5798412986e-01 4.1876948194e+02 2.0661887545e+02 0.0000000000e+00 4.9339525530e-05
6.4721189208e-01 5.5114817377e+00 7.5796585576e-01 4.4357921800e+02 2.0120688007e+02 0.0000000000e+00 4.5359852739e-05
6.4725841177e-01 5.3065792100e+00 1.0901664503e+00 4.1969548216e+02 1.9772412017e+02 0.0000000000e+00 4.7111329184e-05
6.4730611474e-01 5.2625393417e+00 1.0785427412e+00 4.1797000764e+02 1.9855908930e+02 0.0000000000e+00 4.7505583098e-05
6.4735342294e-01 5.2927445694e+00 1.0369543458e+00 4.2140595524e+02 1.9904888178e+02 0.0000000000e+00 4.7234472914e-05
6.4740058369e-01 5.2986758776e+00 1.0412890355e+00 4.2163649364e+02 1.9893483928e+02 0.0000000000e+00 4.7181598908e-05
6.4744778614e-01 5.2939518042e+00 1.0511842851e+00 4.2106410067e+02 1.9884205422e+02 0.0000000000e+00 4.7223701546e-05
6.4749503109e-01 5.2928305145e+00 1.0541815615e+00 4.2102317587e+02 1.9886484874e+02 0.0000000000e+00 4.7233705919e-05
6.4754225355e-01 5.2933223289e+00 1.0562146246e+00 4.2107969862e+02 1.9887306707e+02 0.0000000000e+00 4.7229317330e-05
6.4758948972e-01 5.2930924289e+00 1.0596750160e+00 4.2103673302e+02 1.9886141168e+02 0.0000000000e+00 4.7231368686e-05
6.4763671628e-01 5.2925850246e+00 1.0633366851e+00 4.2097913456e+02 1.9885326953e+02 0.0000000000e+00 4.7235896795e-05
6.4768396152e-01 5.2923746323e+00 1.0664181343e+00 4.2095534126e+02 1.9884993528e+02 0.0000000000e+00 4.7237774604e-05
6.4773119183e-01 5.2922602314e+00 1.0695153695e+00 4.2093387369e+02 1.9884409274e+02 0.0000000000e+00 4.7238795726e-05
6.4777843911e-01 5.2918483162e+00 1.0727302807e+00 4.2090669300e+02 1.9884672984e+02 0.0000000000e+00 4.7242472773e-05
6.4782567678e-01 5.2914414515e+00 1.0758992007e+00 4.2088117109e+02 1.9884996127e+02 0.0000000000e+00 4.7246105299e-05
6.4787293132e-01 5.2913323343e+00 1.0790424059e+00 4.2085678225e+02 1.9884253892e+02 0.0000000000e+00 4.7247079602e-05
6.4792017094e-01 5.2910412401e+00 1.0821876902e+00 4.2083068123e+02 1.9884114588e+02 0.0000000000e+00 4.7249678968e-05
6.4796743068e-01 5.2907140067e+00 1.0853045772e+00 4.2080333336e+02 1.9884052173e+02 0.0000000000e+00 4.7252601385e-05
6.4801467614e-01 5.2904645653e+00 1.0883963287e+00 4.2077494527e+02 1.9883648216e+02 0.0000000000e+00 4.7254829309e-05
6.4806194034e-01 5.2898770487e+00 1.0914761880e+00 4.2074578474e+02 1.9884478452e+02 0.0000000000e+00 4.7260077635e-05
6.4810919630e-01 5.2890320905e+00 1.0945487907e+00 4.2071631084e+02 1.9886261968e+02 0.0000000000e+00 4.7267627748e-05
6.4815647559e-01 5.2884929899e+00 1.0976222057e+00 4.2068695890e+02 1.9886901604e+02 0.0000000000e+00 4.7272446135e-05
6.4820374119e-01 5.2882983187e+00 1.1007054992e+00 4.2065809986e+02 1.9886269387e+02 0.0000000000e+00 4.7274186314e-05
6.4825102396e-01 5.2880582956e+00 1.1037984359e+00 4.2062976221e+02 1.9885832318e+02 0.0000000000e+00 4.7276332072e-05
6.4829829385e-01 5.2881262143e+00 1.1068905580e+00 4.2060147848e+02 1.9884239777e+02 0.0000000000e+00 4.7275724873e-05
6.4834557541e-01 5.2882658769e+00 1.1099768729e+00 4.2057286465e+02 1.9882361933e+02 0.0000000000e+00 4.7274476325e-05
6.4839284281e-01 5.2880582747e+00 1.1130546169e+00 4.2054378254e+02 1.9881767593e+02 0.0000000000e+00 4.7276332259e-05
6.4844012808e-01 5.2877498712e+00 1.1161237631e+00 4.2051420800e+02 1.9881528923e+02 0.0000000000e+00 4.7279089611e-05
6.4848740098e-01 5.2874670418e+00 1.1191850326e+00 4.2048416951e+02 1.9881172128e+02 0.0000000000e+00 4.7281618594e-05
6.4853469132e-01 5.2870496751e+00 1.1222389253e+00 4.2045368527e+02 1.9881300116e+02 0.0000000000e+00 4.7285351068e-05
6.4858197169e-01 5.2865466989e+00 1.1252854323e+00 4.2042273564e+02 1.9881728072e+02 0.0000000000e+00 4.7289849922e-05
6.4862927102e-01 5.2862440157e+00 1.1283240745e+00 4.2039127882e+02 1.9881378800e+02 0.0000000000e+00 4.7292557676e-05
6.4867655680e-01 5.2854463484e+00 1.1313545762e+00 4.2035931338e+02 1.9882867296e+02 0.0000000000e+00 4.7299694958e-05
6.4872387041e-01 5.2844464776e+00 1.1343776207e+00 4.2032685983e+02 1.9885094002e+02 0.0000000000e+00 4.7308644540e-05
6.4877117409e-01 5.2841602253e+00 1.1373937897e+00 4.2029395027e+02 1.9884614222e+02 0.0000000000e+00 4.7311207333e-05
6.4881849282e-01 5.2838880014e+00 1.1404038314e+00 4.2026067110e+02 1.9884064111e+02 0.0000000000e+00 4.7313644788e-05
6.4886580138e-01 5.2838217092e+00 1.1434094754e+00 4.2022711698e+02 1.9882725994e+02 0.0000000000e+00 4.7314238397e-05
6.4891312130e-01 5.2840463658e+00 1.1464119853e+00 4.2019337674e+02 1.9880284334e+02 0.0000000000e+00 4.7312226785e-05
6.4896042583e-01 5.2838040386e+00 1.1494119295e+00 4.2015949403e+02 1.9879592948e+02 0.0000000000e+00 4.7314396630e-05
6.4900775009e-01 5.2833496768e+00 1.1524085830e+00 4.2012539987e+02 1.9879689287e+02 0.0000000000e+00 4.7318465612e-05
6.4905506277e-01 5.2829949233e+00 1.1553993708e+00 4.2009094324e+02 1.9879393665e+02 0.0000000000e+00 4.7321643051e-05
6.4910239338e-01 5.2825208956e+00 1.1583814752e+00 4.2005597230e+02 1.9879522514e+02 0.0000000000e+00 4.7325889465e-05
6.4914971454e-01 5.2819786338e+00 1.1613532959e+00 4.2002039712e+02 1.9879879598e+02 0.0000000000e+00 4.7330748065e-05
6.4919705487e-01 5.2815750612e+00 1.1643145203e+00 4.1998419792e+02 1.9879685182e+02 0.0000000000e+00 4.7334364674e-05
6.4924438327e-01 5.2809071111e+00 1.1672653519e+00 4.1994738630e+02 1.9880456968e+02 0.0000000000e+00 4.7340351713e-05
6.4929173558e-01 5.2799048164e+00 1.1702054941e+00 4.1990992609e+02 1.9882457198e+02 0.0000000000e+00 4.7349338424e-05
6.4933908195e-01 5.2792292820e+00 1.1731330978e+00 4.1987169506e+02 1.9883190928e+02 0.0000000000e+00 4.7355397283e-05
6.4938644637e-01 5.2790325757e+00 1.1760453050e+00 4.1983253754e+02 1.9882077422e+02 0.0000000000e+00 4.7357161831e-05
6.4943379627e-01 5.2786252301e+00 1.1789401654e+00 4.1979237988e+02 1.9881709800e+02 0.0000000000e+00 4.7360816331e-05
6.4948116800e-01 5.2784744021e+00 1.1818183535e+00 4.1975126528e+02 1.9880330627e+02 0.0000000000e+00 4.7362169626e-05
6.4952852061e-01 5.2785489259e+00 1.1846832750e+00 4.1970936180e+02 1.9878065340e+02 0.0000000000e+00 4.7361500956e-05
6.4957589101e-01 5.2780310257e+00 1.1875374256e+00 4.1966713243e+02 1.9878015608e+02 0.0000000000e+00 4.7366148244e-05
6.4962325291e-01 5.2774389590e+00 1.1903999237e+00 4.1962545385e+02 1.9878271313e+02 0.0000000000e+00 4.7371462170e-05
6.4967063393e-01 5.2771695530e+00 1.1932983682e+00 4.1958558960e+02 1.9877397599e+02 0.0000000000e+00 4.7373880541e-05
6.4971800067e-01 5.2766796106e+00 1.1962448253e+00 4.1954803640e+02 1.9877464019e+02 0.0000000000e+00 4.7378279230e-05
6.4976539049e-01 5.2761473399e+00 1.1992078712e+00 4.1951168519e+02 1.9877746875e+02 0.0000000000e+00 4.7383058868e-05
6.4981276679e-01 5.2758308933e+00 1.2021610755e+00 4.1947487909e+02 1.9877195060e+02 0.0000000000e+00 4.7385900924e-05
6.4986016229e-01 5.2753005640e+00 1.2050955348e+00 4.1943709853e+02 1.9877402882e+02 0.0000000000e+00 4.7390664658e-05
6.4990754812e-01 5.2747421117e+00 1.2080110861e+00 4.1939833972e+02 1.9877670360e+02 0.0000000000e+00 4.7395682046e-05
6.4995495365e-01 5.2743482276e+00 1.2109096188e+00 4.1935870348e+02 1.9877276081e+02 0.0000000000e+00 4.7399221517e-05
6.5000234656e-01 5.2738236863e+00 1.2137903862e+00 4.1931812685e+02 1.9877329609e+02 0.0000000000e+00 4.7403935905e-05
6.5004976153e-01 5.2732579363e+00 1.2166485207e+00 4.1927629445e+02 1.9877478947e+02 0.0000000000e+00 4.7409021713e-05
6.5009716460e-01 5.2726071896e+00 1.2194763797e+00 4.1923275162e+02 1.9877867654e+02 0.0000000000e+00 4.7414872948e-05
6.5014459127e-01 5.2718636353e+00 1.2222670023e+00 4.1918708718e+02 1.9878505789e+02 0.0000000000e+00 4.7421560438e-05
6.5019200773e-01 5.2712383881e+00 1.2250168808e+00 4.1913909177e+02 1.9878587389e+02 0.0000000000e+00 4.7427185340e-05
6.5023944564e-01 5.2707255543e+00 1.2277272773e+00 4.1908883263e+02 1.9878137664e+02 0.0000000000e+00 4.7431799934e-05
6.5028687133e-01 5.2702749239e+00 1.2304038887e+00 4.1903661572e+02 1.9877360373e+02 0.0000000000e+00 4.7435855550e-05
6.5033431735e-01 5.2697121915e+00 1.2330550677e+00 4.1898288984e+02 1.9876934195e+02 0.0000000000e+00 4.7440921044e-05
6.5038175317e-01 5.2691322627e+00 1.2356898739e+00 4.1892812696e+02 1.9876523594e+02 0.0000000000e+00 4.7446142465e-05
6.5042920964e-01 5.2686603529e+00 1.2383162191e+00 4.1887273822e+02 1.9875675701e+02 0.0000000000e+00 4.7450392178e-05
6.5047665395e-01 5.2679853900e+00 1.2409396918e+00 4.1881702917e+02 1.9875578526e+02 0.0000000000e+00 4.7456471780e-05
6.5052412258e-01 5.2672623934e+00 1.2435639463e+00 4.1876115699e+02 1.9875654833e+02 0.0000000000e+00 4.7462985765e-05
6.5057157992e-01 5.2668253740e+00 1.2461919270e+00 4.1870527682e+02 1.9874651573e+02 0.0000000000e+00 4.7466924048e-05
6.5061905643e-01 5.2662661808e+00 1.2488273630e+00 4.1864954121e+02 1.9874116065e+02 0.0000000000e+00 4.7471964276e-05
6.5066652385e-01 5.2656663676e+00 1.2514685756e+00 4.1859393209e+02 1.9873739754e+02 0.0000000000e+00 4.7477371817e-05
6.5071401117e-01 5.2652073262e+00 1.2541100411e+00 4.1853822103e+02 1.9872827179e+02 0.0000000000e+00 4.7481511080e-05
6.5076148687e-01 5.2645448407e+00 1.2567444890e+00 4.1848203558e+02 1.9872659852e+02 0.0000000000e+00 4.7487486110e-05
6.5080898615e-01 5.2638471479e+00 1.2593646647e+00 4.1842501088e+02 1.9872585541e+02 0.0000000000e+00 4.7493780305e-05
6.5085647443e-01 5.2633263529e+00 1.2619636697e+00 4.1836680956e+02 1.9871787417e+02 0.0000000000e+00 4.7498479714e-05
6.5090398311e-01 5.2627201379e+00 1.2645367053e+00 4.1830721556e+02 1.9871245506e+02 0.0000000000e+00 4.7503951084e-05
6.5095148234e-01 5.2620700471e+00 1.2670828642e+00 4.1824621630e+02 1.9870802391e+02 0.0000000000e+00 4.7509819855e-05
6.5099900275e-01 5.2614824400e+00 1.2696052061e+00 4.1818401424e+02 1.9870066042e+02 0.0000000000e+00 4.7515125794e-05
6.5104651259e-01 5.2608236168e+00 1.2721091358e+00 4.1812094450e+02 1.9869557267e+02 0.0000000000e+00 4.7521076206e-05
6.5109404490e-01 5.2600469836e+00 1.2746010824e+00 4.1805734581e+02 1.9869468235e+02 0.0000000000e+00 4.7528092578e-05
6.5114156877e-01 5.2593213263e+00 1.2770868489e+00 4.1799371369e+02 1.9869185003e+02 0.0000000000e+00 4.7534650288e-05
6.5118911420e-01 5.2587180106e+00 1.2795794619e+00 4.1793066577e+02 1.9868467226e+02 0.0000000000e+00 4.7540103785e-05
6.5123664898e-01 5.2579946354e+00 1.2820970017e+00 4.1786907066e+02 1.9868272014e+02 0.0000000000e+00 4.7546644174e-05
6.5128420749e-01 5.2572485749e+00 1.2846563635e+00 4.1780963557e+02 1.9868265197e+02 0.0000000000e+00 4.7553391558e-05
6.5133175576e-01 5.2565332157e+00 1.2872492604e+00 4.1775201440e+02 1.9868228605e+02 0.0000000000e+00 4.7559863077e-05
6.5137932721e-01 5.2556173291e+00 1.2898420417e+00 4.1769474725e+02 1.9868966912e+02 0.0000000000e+00 4.7568151246e-05
6.5142689207e-01 5.2548535484e+00 1.2924193482e+00 4.1763664603e+02 1.9869090650e+02 0.0000000000e+00 4.7575065165e-05
6.5147447734e-01 5.2543809180e+00 1.2949699084e+00 4.1757708368e+02 1.9868043933e+02 0.0000000000e+00 4.7579344532e-05
6.5152205076e-01 5.2537084377e+00 1.2974857572e+00 4.1751558614e+02 1.9867660677e+02 0.0000000000e+00 4.7585434739e-05
6.5156964821e-01 5.2529957643e+00 1.2999610464e+00 4.1745178488e+02 1.9867319698e+02 0.0000000000e+00 4.7591890650e-05
6.5161723454e-01 5.2524024159e+00 1.3023920493e+00 4.1738544560e+02 1.9866406482e+02 0.0000000000e+00 4.7597266965e-05
6.5166484275e-01 5.2516035053e+00 1.3047781395e+00 4.1731651844e+02 1.9866147455e+02 0.0000000000e+00 4.7604507794e-05
6.5171244355e-01 5.2508172295e+00 1.3071222127e+00 4.1724514198e+02 1.9865723931e+02 0.0000000000e+00 4.7611636260e-05
6.5176006602e-01 5.2501833930e+00 1.3094299305e+00 4.1717162167e+02 1.9864621407e+02 0.0000000000e+00 4.7617384249e-05
6.5180767832e-01 5.2495643693e+00 1.3117088438e+00 4.1709636596e+02 1.9863379922e+02 0.0000000000e+00 4.7622999246e-05
6.5185531202e-01 5.2489408026e+00 1.3139671287e+00 4.1701981316e+02 1.9862093556e+02 0.0000000000e+00 4.7628656791e-05
6.5190293563e-01 5.2484464768e+00 1.3162124988e+00 4.1694237313e+02 1.9860275558e+02 0.0000000000e+00 4.7633142703e-05
6.5195057830e-01 5.2479051444e+00 1.3184513871e+00 4.1686439290e+02 1.9858609361e+02 0.0000000000e+00 4.7638056162e-05
6.5199821175e-01 5.2469086639e+00 1.3206883568e+00 4.1678612296e+02 1.9858651525e+02 0.0000000000e+00 4.7647103469e-05
6.5204587251e-01 5.2458233310e+00 1.3229265149e+00 4.1670776904e+02 1.9859026064e+02 0.0000000000e+00 4.7656961400e-05
6.5209352567e-01 5.2449399515e+00 1.3251737031e+00 4.1662964931e+02 1.9858647247e+02 0.0000000000e+00 4.7664988029e-05
6.5214120249e-01 5.2436818671e+00 1.3274340503e+00 4.1655196396e+02 1.9859708050e+02 0.0000000000e+00 4.7676423997e-05
6.5218887852e-01 5.2424656082e+00 1.3296999509e+00 4.1647451099e+02 1.9860621992e+02 0.0000000000e+00 4.7687484990e-05
6.5223657746e-01 5.2418396784e+00 1.3319627170e+00 4.1639678005e+02 1.9859286320e+02 0.0000000000e+00 4.7693179368e-05
6.5228426488e-01 5.2410751649e+00 1.3342147130e+00 4.1631840863e+02 1.9858444858e+02 0.0000000000e+00 4.7700136353e-05
6.5233197773e-01 5.2402072806e+00 1.3364515422e+00 4.1623917548e+02 1.9857953760e+02 0.0000000000e+00 4.7708036460e-05
6.5237968095e-01 5.2397244091e+00 1.3386707673e+00 4.1615897042e+02 1.9855957009e+02 0.0000000000e+00 4.7712433037e-05
6.5242740259e-01 5.2391417855e+00 1.3408721261e+00 4.1607781484e+02 1.9854292548e+02 0.0000000000e+00 4.7717738942e-05
6.5247511643e-01 5.2387221476e+00 1.3430577671e+00 4.1599583606e+02 1.9851970783e+02 0.0000000000e+00 4.7721561281e-05
6.5252284572e-01 5.2383074085e+00 1.3452310568e+00 4.1591323138e+02 1.9849600212e+02 0.0000000000e+00 4.7725339600e-05
6.5257056711e-01 5.2370057496e+00 1.3473958111e+00 4.1583022513e+02 1.9850571348e+02 0.0000000000e+00 4.7737201743e-05
6.5261832012e-01 5.2354463419e+00 1.3495554422e+00 4.1574700592e+02 1.9852510119e+02 0.0000000000e+00 4.7751420543e-05
6.5266606995e-01 5.2341436117e+00 1.3517142362e+00 4.1566386654e+02 1.9853480215e+02 0.0000000000e+00 4.7763305432e-05
6.5271384673e-01 5.2331326292e+00 1.3538807561e+00 4.1558123898e+02 1.9853368356e+02 0.0000000000e+00 4.7772532767e-05
6.5276161501e-01 5.2324937087e+00 1.3560677490e+00 4.1549972037e+02 1.9851897752e+02 0.0000000000e+00 4.7778366094e-05
6.5280940346e-01 5.2320042662e+00 1.3582843538e+00 4.1541970131e+02 1.9849931316e+02 0.0000000000e+00 4.7782835655e-05
6.5285718068e-01 5.2314919272e+00 1.3605215154e+00 4.1534082846e+02 1.9848106154e+02 0.0000000000e+00 4.7787515202e-05
6.5290497849e-01 5.2311493816e+00 1.3627571906e+00 4.1526209606e+02 1.9845643174e+02 0.0000000000e+00 4.7790644420e-05
6.5295276197e-01 5.2306212889e+00 1.3649824902e+00 4.1518282761e+02 1.9843858152e+02 0.0000000000e+00 4.7795469447e-05
6.5300056943e-01 5.2294444119e+00 1.3671914752e+00 4.1510270019e+02 1.9844493387e+02 0.0000000000e+00 4.7806225731e-05
6.5304837443e-01 5.2277527155e+00 1.3693802385e+00 4.1502146899e+02 1.9847030435e+02 0.0000000000e+00 4.7821695785e-05
6.5309621282e-01 5.2263612030e+00 1.3715450580e+00 4.1493890827e+02 1.9848365438e+02 0.0000000000e+00 4.7834428255e-05
6.5314404328e-01 5.2258156549e+00 1.3736823082e+00 4.1485481453e+02 1.9846414509e+02 0.0000000000e+00 4.7839421922e-05
6.5319189167e-01 5.2252037496e+00 1.3757895272e+00 4.1476907002e+02 1.9844636204e+02 0.0000000000e+00 4.7845024229e-05
6.5323973333e-01 5.2248902593e+00 1.3778665753e+00 4.1468164827e+02 1.9841643924e+02 0.0000000000e+00 4.7847894902e-05
6.5328758746e-01 5.2245300735e+00 1.3799152192e+00 4.1459265808e+02 1.9838753545e+02 0.0000000000e+00 4.7851193597e-05
6.5333543572e-01 5.2233142157e+00 1.3819395949e+00 4.1450232623e+02 1.9839048022e+02 0.0000000000e+00 4.7862332166e-05
6.5338331212e-01 5.2217558948e+00 1.3839452616e+00 4.1441093750e+02 1.9840593177e+02 0.0000000000e+00 4.7876615651e-05
6.5343118895e-01 5.2202020824e+00 1.3859378412e+00 4.1431880500e+02 1.9842086497e+02 0.0000000000e+00 4.7890866303e-05
6.5347909386e-01 5.2191360814e+00 1.3879224841e+00 4.1422621295e+02 1.9841703995e+02 0.0000000000e+00 4.7900647943e-05
6.5352699024e-01 5.2185473061e+00 1.3899031187e+00 4.1413338855e+02 1.9839495757e+02 0.0000000000e+00 4.7906052266e-05
6.5357490596e-01 5.2184970126e+00 1.3918819913e+00 4.1404048836e+02 1.9835236437e+02 0.0000000000e+00 4.7906513963e-05
6.5362280327e-01 5.2180324125e+00 1.3938622673e+00 4.1394766506e+02 1.9832555278e+02 0.0000000000e+00 4.7910779435e-05
6.5367072752e-01 5.2166793992e+00 1.3958477710e+00 4.1385508528e+02 1.9833262389e+02 0.0000000000e+00 4.7923205716e-05
6.5371864968e-01 5.2148743409e+00 1.3978420446e+00 4.1376289371e+02 1.9835707759e+02 0.0000000000e+00 4.7939793685e-05
6.5376660711e-01 5.2134486028e+00 1.3998463332e+00 4.1367113911e+02 1.9836732392e+02 0.0000000000e+00 4.7952903931e-05
6.5381455549e-01 5.2126323751e+00 1.4018577062e+00 4.1357969483e+02 1.9835452851e+02 0.0000000000e+00 4.7960412707e-05
6.5386252793e-01 5.2126013426e+00 1.4038696582e+00 4.1348828289e+02 1.9831186758e+02 0.0000000000e+00 4.7960698233e-05
6.5391047689e-01 5.2124340330e+00 1.4058790205e+00 4.1339666927e+02 1.9827429309e+02 0.0000000000e+00 4.7962237683e-05
6.5395845241e-01 5.2110805342e+00 1.4078839341e+00 4.1330474197e+02 1.9828168998e+02 0.0000000000e+00 4.7974695144e-05
6.5400642628e-01 5.2092972927e+00 1.4098835660e+00 4.1321241606e+02 1.9830525733e+02 0.0000000000e+00 4.7991117794e-05
6.5405443464e-01 5.2078565453e+00 1.4118770303e+00 4.1311963662e+02 1.9831558004e+02 0.0000000000e+00 4.8004394480e-05
6.5410243507e-01 5.2069801024e+00 1.4138638902e+00 4.1302638550e+02 1.9830418850e+02 0.0000000000e+00 4.8012474618e-05
6.5415045959e-01 5.2069048591e+00 1.4158443534e+00 4.1293267499e+02 1.9826206075e+02 0.0000000000e+00 4.8013168430e-05
6.5419846140e-01 5.2068199245e+00 1.4178192327e+00 4.1283855264e+02 1.9822010298e+02 0.0000000000e+00 4.8013951630e-05
6.5424648749e-01 5.2052675594e+00 1.4197901553e+00 4.1274410221e+02 1.9823385518e+02 0.0000000000e+00 4.8028270814e-05
6.5429451795e-01 5.2033491994e+00 1.4217589580e+00 4.1264938964e+02 1.9826143404e+02 0.0000000000e+00 4.8045977777e-05
6.5434257945e-01 5.2020426329e+00 1.4237263145e+00 4.1255446836e+02 1.9826561289e+02 0.0000000000e+00 4.8058045203e-05
6.5439063404e-01 5.2014725873e+00 1.4256922669e+00 4.1245936776e+02 1.9824163294e+02 0.0000000000e+00 4.8063312034e-05
6.5443870607e-01 5.2013650991e+00 1.4276563913e+00 4.1236409571e+02 1.9819993783e+02 0.0000000000e+00 4.8064305281e-05
6.5448676265e-01 5.2010841234e+00 1.4296180716e+00 4.1226864955e+02 1.9816476708e+02 0.0000000000e+00 4.8066901836e-05
6.5453483988e-01 5.1992472739e+00 1.4315770172e+00 4.1217305473e+02 1.9818881129e+02 0.0000000000e+00 4.8083883461e-05
6.5458293041e-01 5.1970568461e+00 1.4335337186e+00 4.1207733412e+02 1.9822629727e+02 0.0000000000e+00 4.8104149599e-05
6.5463104818e-01 5.1962433716e+00 1.4354882151e+00 4.1198151832e+02 1.9821123110e+02 0.0000000000e+00 4.8111680327e-05
6.5467915377e-01 5.1964010498e+00 1.4374401504e+00 4.1188564961e+02 1.9815909399e+02 0.0000000000e+00 4.8110220439e-05
6.5472726862e-01 5.1962099868e+00 1.4393893068e+00 4.1178972774e+02 1.9812023031e+02 0.0000000000e+00 4.8111989438e-05
6.5477537775e-01 5.1944106737e+00 1.4413370330e+00 4.1169385658e+02 1.9814271649e+02 0.0000000000e+00 4.8128655146e-05
6.5482352593e-01 5.1925542405e+00 1.4432854951e+00 4.1159814437e+02 1.9816747467e+02 0.0000000000e+00 4.8145862021e-05
6.5487166948e-01 5.1912806817e+00 1.4452398531e+00 4.1150284409e+02 1.9817019601e+02 0.0000000000e+00 4.8157673477e-05
6.5491984128e-01 5.1912381034e+00 1.4472077273e+00 4.1140827707e+02 1.9812627974e+02 0.0000000000e+00 4.8158068465e-05
6.5496798561e-01 5.1913305419e+00 1.4491877826e+00 4.1131442319e+02 1.9807755443e+02 0.0000000000e+00 4.8157210947e-05
6.5501615570e-01 5.1897972838e+00 1.4511672833e+00 4.1122073622e+02 1.9809094350e+02 0.0000000000e+00 4.8171438368e-05
6.5506432849e-01 5.1879005798e+00 1.4531406155e+00 4.1112674797e+02 1.9811807380e+02 0.0000000000e+00 4.8189049916e-05
6.5511253380e-01 5.1864544884e+00 1.4551039397e+00 4.1103226133e+02 1.9812776833e+02 0.0000000000e+00 4.8202486026e-05
6.5516073346e-01 5.1862251572e+00 1.4570558883e+00 4.1093718673e+02 1.9809069905e+02 0.0000000000e+00 4.8204617506e-05
6.5520894303e-01 5.1865310583e+00 1.4589966603e+00 4.1084153004e+02 1.9803290746e+02 0.0000000000e+00 4.8201774402e-05
6.5525713701e-01 5.1849971489e+00 1.4609281146e+00 4.1074538219e+02 1.9804513406e+02 0.0000000000e+00 4.8216034227e-05
6.5530537510e-01 5.1826010598e+00 1.4628530325e+00 4.1064884120e+02 1.9809012717e+02 0.0000000000e+00 4.8238326106e-05
6.5535361366e-01 5.1818623944e+00 1.4647730223e+00 4.1055197651e+02 1.9807163200e+02 0.0000000000e+00 4.8245202395e-05
6.5540186551e-01 5.1824061174e+00 1.4666887174e+00 4.1045482562e+02 1.9800398518e+02 0.0000000000e+00 4.8240140649e-05
6.5545009395e-01 5.1809367607e+00 1.4686010312e+00 4.1035742522e+02 1.9801314133e+02 0.0000000000e+00 4.8253821953e-05
6.5549837315e-01 5.1782713576e+00 1.4705112350e+00 4.1025977097e+02 1.9806791815e+02 0.0000000000e+00 4.8278659563e-05
6.5554665126e-01 5.1782864342e+00 1.4724188052e+00 4.1016179991e+02 1.9802004250e+02 0.0000000000e+00 4.8278518999e-05
6.5559493019e-01 5.1787780736e+00 1.4743221271e+00 4.1006348264e+02 1.9795378215e+02 0.0000000000e+00 4.8273935752e-05
6.5564319914e-01 5.1761824539e+00 1.4762216129e+00 4.0996483942e+02 1.9800540411e+02 0.0000000000e+00 4.8298142932e-05
6.5569152647e-01 5.1747144049e+00 1.4781184127e+00 4.0986584003e+02 1.9801374915e+02 0.0000000000e+00 4.8311844951e-05
6.5573982283e-01 5.1755949341e+00 1.4800119201e+00 4.0976647396e+02 1.9793206345e+02 0.0000000000e+00 4.8303625608e-05
6.5578813372e-01 5.1734497721e+00 1.4819027068e+00 4.0966684652e+02 1.9796599202e+02 0.0000000000e+00 4.8323654624e-05
6.5583647014e-01 5.1721401872e+00 1.4837923777e+00 4.0956698827e+02 1.9796784960e+02 0.0000000000e+00 4.8335890163e-05
6.5588480550e-01 5.1721795689e+00 1.4856799297e+00 4.0946696799e+02 1.9791799692e+02 0.0000000000e+00 4.8335522128e-05
6.5593314118e-01 5.1699168010e+00 1.4875668211e+00 4.0936689427e+02 1.9795622929e+02 0.0000000000e+00 4.8356677607e-05
6.5598151886e-01 5.1694896621e+00 1.4894536344e+00 4.0926675881e+02 1.9792415962e+02 0.0000000000e+00 4.8360673169e-05
6.5602986253e-01 5.1684685928e+00 1.4913399249e+00 4.0916667142e+02 1.9791484851e+02 0.0000000000e+00 4.8370227179e-05
6.5607825931e-01 5.1670766440e+00 1.4932272294e+00 4.0906668401e+02 1.9791978724e+02 0.0000000000e+00 4.8383257541e-05
6.5612662904e-01 5.1669246186e+00 1.4951160591e+00 4.0896685248e+02 1.9787730742e+02 0.0000000000e+00 4.8384681112e-05
6.5617502868e-01 5.1651947488e+00 1.4970074338e+00 4.0886722934e+02 1.9789535982e+02 0.0000000000e+00 4.8400885573e-05
6.5622343081e-01 5.1644724394e+00 1.4988986350e+00 4.0876767498e+02 1.9787484577e+02 0.0000000000e+00 4.8407654980e-05
6.5627184399e-01 5.1634941241e+00 1.5007876178e+00 4.0866808834e+02 1.9786411997e+02 0.0000000000e+00 4.8416826666e-05
6.5632026447e-01 5.1624984809e+00 1.5026737245e+00 4.0856839851e+02 1.9785400423e+02 0.0000000000e+00 4.8426164371e-05
6.5636869632e-01 5.1613314052e+00 1.5045562373e+00 4.0846856895e+02 1.9785038824e+02 0.0000000000e+00 4.8437114452e-05
6.5641713869e-01 5.1604635626e+00 1.5064351901e+00 4.0836857280e+02 1.9783521763e+02 0.0000000000e+00 4.8445260192e-05
6.5646558684e-01 5.1593386316e+00 1.5083107198e+00 4.0826841838e+02 1.9782982255e+02 0.0000000000e+00 4.8455823092e-05
6.5651405034e-01 5.1583454274e+00 1.5101835284e+00 4.0816810869e+02 1.9781929809e+02 0.0000000000e+00 4.8465152929e-05
6.5656251714e-01 5.1572293387e+00 1.5120541153e+00 4.0806765935e+02 1.9781341518e+02 0.0000000000e+00 4.8475641392e-05
6.5661100162e-01 5.1560547952e+00 1.5139233363e+00 4.0796709173e+02 1.9780971495e+02 0.0000000000e+00 4.8486684089e-05
6.5665949051e-01 5.1552181477e+00 1.5157920024e+00 4.0786643243e+02 1.9779300349e+02 0.0000000000e+00 4.8494553060e-05
6.5670799073e-01 5.1540623269e+00 1.5176606992e+00 4.0776572149e+02 1.9778850915e+02 0.0000000000e+00 4.8505428174e-05
6.5675650137e-01 5.1531610773e+00 1.5195302977e+00 4.0766495710e+02 1.9777421615e+02 0.0000000000e+00 4.8513911413e-05
6.5680501855e-01 5.1520585263e+00 1.5214013086e+00 4.0756418424e+02 1.9776764091e+02 0.0000000000e+00 4.8524293489e-05
6.5685354995e-01 5.1513538427e+00 1.5232741922e+00 4.0746341357e+02 1.9774578976e+02 0.0000000000e+00 4.8530931409e-05
6.5690208041e-01 5.1498113576e+00 1.5251502657e+00 4.0736270591e+02 1.9775613009e+02 0.0000000000e+00 4.8545467521e-05
6.5695064089e-01 5.1494192058e+00 1.5270302220e+00 4.0726209480e+02 1.9772234427e+02 0.0000000000e+00 4.8549164480e-05
6.5699917874e-01 5.1483249433e+00 1.5289150176e+00 4.0716165326e+02 1.9771559572e+02 0.0000000000e+00 4.8559483473e-05
6.5704775985e-01 5.1466457309e+00 1.5308043939e+00 4.0706135463e+02 1.9773138463e+02 0.0000000000e+00 4.8575327130e-05
6.5709632940e-01 5.1459565575e+00 1.5326958636e+00 4.0696110540e+02 1.9770916294e+02 0.0000000000e+00 4.8581832591e-05
6.5714492352e-01 5.1448340176e+00 1.5345872679e+00 4.0686082072e+02 1.9770356990e+02 0.0000000000e+00 4.8592432554e-05
6.5719351426e-01 5.1443110223e+00 1.5364770099e+00 4.0676041069e+02 1.9767487275e+02 0.0000000000e+00 4.8597372694e-05
6.5724211827e-01 5.1433334682e+00 1.5383640114e+00 4.0665986310e+02 1.9766357053e+02 0.0000000000e+00 4.8606609224e-05
6.5729072748e-01 5.1414299168e+00 1.5402488227e+00 4.0655919453e+02 1.9768780335e+02 0.0000000000e+00 4.8624605226e-05
6.5733936748e-01 5.1411817777e+00 1.5421318367e+00 4.0645839465e+02 1.9764832884e+02 0.0000000000e+00 4.8626952092e-05
6.5738798139e-01 5.1403124231e+00 1.5440126555e+00 4.0635751389e+02 1.9763269255e+02 0.0000000000e+00 4.8635176118e-05
6.5743663783e-01 5.1382503366e+00 1.5458924034e+00 4.0625660504e+02 1.9766290976e+02 0.0000000000e+00 4.8654694424e-05
6.5748529077e-01 5.1381266964e+00 1.5477716786e+00 4.0615564508e+02 1.9761854324e+02 0.0000000000e+00 4.8655865216e-05
6.5753394956e-01 5.1371279627e+00 1.5496499609e+00 4.0605469325e+02 1.9760783467e+02 0.0000000000e+00 4.8665324635e-05
6.5758262142e-01 5.1349230822e+00 1.5515293102e+00 4.0595377906e+02 1.9764355403e+02 0.0000000000e+00 4.8686221000e-05
6.5763132200e-01 5.1350198147e+00 1.5534095653e+00 4.0585290756e+02 1.9759072126e+02 0.0000000000e+00 4.8685303859e-05
6.5767999203e-01 5.1342888763e+00 1.5552914421e+00 4.0575215377e+02 1.9756979182e+02 0.0000000000e+00 4.8692234898e-05
6.5772870647e-01 5.1323207309e+00 1.5571763662e+00 4.0565153402e+02 1.9759654320e+02 0.0000000000e+00 4.8710907425e-05
6.5777741385e-01 5.1316741879e+00 1.5590642051e+00 4.0555102990e+02 1.9757247589e+02 0.0000000000e+00 4.8717044544e-05
6.5782614056e-01 5.1313372241e+00 1.5609541214e+00 4.0545063640e+02 1.9753653809e+02 0.0000000000e+00 4.8720243687e-05
6.5787485433e-01 5.1295640676e+00 1.5628459833e+00 4.0535032651e+02 1.9755593320e+02 0.0000000000e+00 4.8737085005e-05
6.5792361473e-01 5.1279116471e+00 1.5647397311e+00 4.0525005567e+02 1.9757070888e+02 0.0000000000e+00 4.8752790065e-05
6.5797235991e-01 5.1277447094e+00 1.5666347008e+00 4.0514981263e+02 1.9752826807e+02 0.0000000000e+00 4.8754377249e-05
6.5802112348e-01 5.1272128004e+00 1.5685313160e+00 4.0504964220e+02 1.9749991758e+02 0.0000000000e+00 4.8759435142e-05
6.5806987878e-01 5.1258717515e+00 1.5704310941e+00 4.0494960540e+02 1.9750279808e+02 0.0000000000e+00 4.8772191760e-05
6.5811866787e-01 5.1239680271e+00 1.5723372255e+00 4.0484983352e+02 1.9752749792e+02 0.0000000000e+00 4.8790312249e-05
6.5816745941e-01 5.1231626372e+00 1.5742531470e+00 4.0475047104e+02 1.9751006346e+02 0.0000000000e+00 4.8797982361e-05
6.5821626383e-01 5.1228567515e+00 1.5761799737e+00 4.0465157644e+02 1.9747359534e+02 0.0000000000e+00 4.8800896087e-05
6.5826506120e-01 5.1218919268e+00 1.5781130971e+00 4.0455296896e+02 1.9746266357e+02 0.0000000000e+00 4.8810088845e-05
6.5831388401e-01 5.1210592444e+00 1.5800463572e+00 4.0445432517e+02 1.9744661498e+02 0.0000000000e+00 4.8818025347e-05
6.5836269725e-01 5.1193664051e+00 1.5819769288e+00 4.0435547599e+02 1.9746363319e+02 0.0000000000e+00 4.8834168180e-05
6.5841155235e-01 5.1177514355e+00 1.5839044778e+00 4.0425637846e+02 1.9747753655e+02 0.0000000000e+00 4.8849578404e-05
6.5846039641e-01 5.1172658027e+00 1.5858290967e+00 4.0415705207e+02 1.9744775220e+02 0.0000000000e+00 4.8854214270e-05
6.5850926077e-01 5.1167546958e+00 1.5877512555e+00 4.0405755899e+02 1.9741886362e+02 0.0000000000e+00 4.8859094262e-05
6.5855811460e-01 5.1156957918e+00 1.5896720384e+00 4.0395796203e+02 1.9741105534e+02 0.0000000000e+00 4.8869207665e-05
6.5860699919e-01 5.1147010195e+00 1.5915921899e+00 4.0385830453e+02 1.9740073906e+02 0.0000000000e+00 4.8878712372e-05
6.5865587202e-01 5.1138909927e+00 1.5935118403e+00 4.0375860793e+02 1.9738326868e+02 0.0000000000e+00 4.8886454630e-05
6.5870477210e-01 5.1126801437e+00 1.5954308369e+00 4.0365888088e+02 1.9738125090e+02 0.0000000000e+00 4.8898032534e-05
6.5875366809e-01 5.1115292167e+00 1.5973489129e+00 4.0355910545e+02 1.9737689464e+02 0.0000000000e+00 4.8909042559e-05
6.5880259018e-01 5.1101730808e+00 1.5992655313e+00 4.0345927144e+02 1.9738043363e+02 0.0000000000e+00 4.8922022023e-05
6.5885151213e-01 5.1087822051e+00 1.6011805687e+00 4.0335937285e+02 1.9738528511e+02 0.0000000000e+00 4.8935341137e-05
6.5890046087e-01 5.1079145290e+00 1.6030939545e+00 4.0325941219e+02 1.9736989035e+02 0.0000000000e+00 4.8943653732e-05
6.5894939944e-01 5.1070963258e+00 1.6050057646e+00 4.0315941162e+02 1.9735255902e+02 0.0000000000e+00 4.8951494950e-05
6.5899836386e-01 5.1062319474e+00 1.6069163767e+00 4.0305938592e+02 1.9733699432e+02 0.0000000000e+00 4.8959781415e-05
6.5904731900e-01 5.1054502568e+00 1.6088259203e+00 4.0295933250e+02 1.9731821496e+02 0.0000000000e+00 4.8967277601e-05
6.5909629841e-01 5.1043641351e+00 1.6107344108e+00 4.0285927138e+02 1.9731119328e+02 0.0000000000e+00 4.8977697002e-05
6.5914527440e-01 5.1032420482e+00 1.6126427965e+00 4.0275925899e+02 1.9730558299e+02 0.0000000000e+00 4.8988466084e-05
6.5919427534e-01 5.1023622224e+00 1.6145542675e+00 4.0265945351e+02 1.9729070378e+02 0.0000000000e+00 4.8996913411e-05
6.5924326822e-01 5.1013592845e+00 1.6164755192e+00 4.0256012641e+02 1.9728081476e+02 0.0000000000e+00 4.9006546306e-05
6.5929228844e-01 5.1004147141e+00 1.6184077147e+00 4.0246131406e+02 1.9726891666e+02 0.0000000000e+00 4.9015622065e-05
6.5934129947e-01 5.0995585623e+00 1.6203405721e+00 4.0236262397e+02 1.9725365395e+02 0.0000000000e+00 4.9023851172e-05
6.5939033614e-01 5.0986440630e+00 1.6222678449e+00 4.0226360366e+02 1.9724048134e+02 0.0000000000e+00 4.9032644152e-05
6.5943936475e-01 5.0974622494e+00 1.6241848154e+00 4.0216399746e+02 1.9723735939e+02 0.0000000000e+00 4.9044012053e-05
6.5948842416e-01 5.0963498942e+00 1.6260889908e+00 4.0206365052e+02 1.9723118451e+02 0.0000000000e+00 4.9054716648e-05
6.5953747419e-01 5.0949933615e+00 1.6279796245e+00 4.0196252262e+02 1.9723407574e+02 0.0000000000e+00 4.9067777377e-05
6.5958655972e-01 5.0936438930e+00 1.6298577633e+00 4.0186065413e+02 1.9723633148e+02 0.0000000000e+00 4.9080776994e-05
6.5963563574e-01 5.0926010489e+00 1.6317253949e+00 4.0175814478e+02 1.9722639812e+02 0.0000000000e+00 4.9090827575e-05
6.5968474137e-01 5.0918760807e+00 1.6335851010e+00 4.0165512727e+02 1.9720389936e+02 0.0000000000e+00 4.9097817001e-05
6.5973383138e-01 5.0911845709e+00 1.6354396162e+00 4.0155174831e+02 1.9717992086e+02 0.0000000000e+00 4.9104485708e-05
6.5978295034e-01 5.0899305426e+00 1.6372916342e+00 4.0144815467e+02 1.9717761928e+02 0.0000000000e+00 4.9116583793e-05
6.5983206454e-01 5.0888633332e+00 1.6391433933e+00 4.0134443297e+02 1.9716801508e+02 0.0000000000e+00 4.9126884263e-05
6.5988120411e-01 5.0881129345e+00 1.6409952916e+00 4.0124067057e+02 1.9714611082e+02 0.0000000000e+00 4.9134129532e-05
6.5993033280e-01 5.0873301041e+00 1.6428504530e+00 4.0113701595e+02 1.9712550972e+02 0.0000000000e+00 4.9141690215e-05
6.5997948749e-01 5.0855216482e+00 1.6447138253e+00 4.0103372152e+02 1.9714483059e+02 0.0000000000e+00 4.9159165430e-05
6.6002865113e-01 5.0839040925e+00 1.6465906326e+00 4.0093104224e+02 1.9715706421e+02 0.0000000000e+00 4.9174806498e-05
6.6007783711e-01 5.0835785937e+00 1.6484843149e+00 4.0082920179e+02 1.9711960502e+02 0.0000000000e+00 4.9177955133e-05
6.6012700704e-01 5.0827570704e+00 1.6503973742e+00 4.0072838226e+02 1.9710187635e+02 0.0000000000e+00 4.9185903740e-05
6.6017620891e-01 5.0820199312e+00 1.6523318506e+00 4.0062870659e+02 1.9708143219e+02 0.0000000000e+00 4.9193038080e-05
6.6022539312e-01 5.0810078608e+00 1.6542910854e+00 4.0053034373e+02 1.9707229092e+02 0.0000000000e+00 4.9202836691e-05
6.6027461459e-01 5.0791067650e+00 1.6562783572e+00 4.0043339166e+02 1.9709833352e+02 0.0000000000e+00 4.9221253179e-05
6.6032383563e-01 5.0781576942e+00 1.6582875633e+00 4.0033753079e+02 1.9708797703e+02 0.0000000000e+00 4.9230452273e-05
6.6037307549e-01 5.0778805726e+00 1.6602992666e+00 4.0024200451e+02 1.9705170237e+02 0.0000000000e+00 4.9233138989e-05
6.6042230190e-01 5.0771707374e+00 1.6623045844e+00 4.0014618502e+02 1.9703207048e+02 0.0000000000e+00 4.9240022235e-05
6.6047155554e-01 5.0755107977e+00 1.6643009823e+00 4.0004993414e+02 1.9704910012e+02 0.0000000000e+00 4.9256126125e-05
6.6052081416e-01 5.0741042896e+00 1.6662892406e+00 3.9995327652e+02 1.9705609783e+02 0.0000000000e+00 4.9269779597e-05
6.6057009510e-01 5.0741361189e+00 1.6682708873e+00 3.9985628986e+02 1.9700707691e+02 0.0000000000e+00 4.9269470535e-05
6.6061935310e-01 5.0730903833e+00 1.6702473517e+00 3.9975908245e+02 1.9699978329e+02 0.0000000000e+00 4.9279626640e-05
6.6066865435e-01 5.0711572882e+00 1.6722200781e+00 3.9966168302e+02 1.9702686207e+02 0.0000000000e+00 4.9298411742e-05
6.6071794992e-01 5.0703646242e+00 1.6741880807e+00 3.9956401600e+02 1.9700950800e+02 0.0000000000e+00 4.9306118697e-05
6.6076726659e-01 5.0700748677e+00 1.6761484121e+00 3.9946594014e+02 1.9697240700e+02 0.0000000000e+00 4.9308936559e-05
6.6081656779e-01 5.0687140600e+00 1.6780979462e+00 3.9936728068e+02 1.9697662758e+02 0.0000000000e+00 4.9322174627e-05
6.6086591094e-01 5.0672258205e+00 1.6800337702e+00 3.9926784260e+02 1.9698542000e+02 0.0000000000e+00 4.9336660504e-05
6.6091524111e-01 5.0670555037e+00 1.6819528864e+00 3.9916745072e+02 1.9694250952e+02 0.0000000000e+00 4.9338318835e-05
6.6096458757e-01 5.0657974307e+00 1.6838535061e+00 3.9906605128e+02 1.9694137830e+02 0.0000000000e+00 4.9350571834e-05
6.6101394226e-01 5.0642343449e+00 1.6857365722e+00 3.9896365393e+02 1.9695161537e+02 0.0000000000e+00 4.9365803984e-05
6.6106331918e-01 5.0636674815e+00 1.6876036324e+00 3.9886034388e+02 1.9692265800e+02 0.0000000000e+00 4.9371330348e-05
6.6111268492e-01 5.0624701816e+00 1.6894574029e+00 3.9875630166e+02 1.9691785203e+02 0.0000000000e+00 4.9383006918e-05
6.6116208519e-01 5.0616048668e+00 1.6913019335e+00 3.9865171061e+02 1.9689985740e+02 0.0000000000e+00 4.9391449269e-05
6.6121146782e-01 5.0604007283e+00 1.6931406826e+00 3.9854677414e+02 1.9689486838e+02 0.0000000000e+00 4.9403202123e-05
6.6126089160e-01 5.0587300894e+00 1.6949770164e+00 3.9844166351e+02 1.9690794748e+02 0.0000000000e+00 4.9419517465e-05
6.6131030685e-01 5.0581765658e+00 1.6968122709e+00 3.9833649567e+02 1.9687751628e+02 0.0000000000e+00 4.9424925514e-05
6.6135974145e-01 5.0571857319e+00 1.6986510725e+00 3.9823150876e+02 1.9686418982e+02 0.0000000000e+00 4.9434609139e-05
6.6140917607e-01 5.0561597930e+00 1.7005004797e+00 3.9812704990e+02 1.9685248598e+02 0.0000000000e+00 4.9444639852e-05
6.6145863073e-01 5.0551737429e+00 1.7023689820e+00 3.9802356160e+02 1.9683970415e+02 0.0000000000e+00 4.9454284405e-05
6.6150808464e-01 5.0543002800e+00 1.7042651022e+00 3.9792151665e+02 1.9682324684e+02 0.0000000000e+00 4.9462830887e-05
6.6155755639e-01 5.0528229204e+00 1.7061997180e+00 3.9782147845e+02 1.9683129842e+02 0.0000000000e+00 4.9477292978e-05
6.6160703923e-01 5.0520192000e+00 1.7081872769e+00 3.9772409846e+02 1.9681442346e+02 0.0000000000e+00 4.9485164269e-05
6.6165652672e-01 5.0510244179e+00 1.7102398236e+00 3.9762984052e+02 1.9680653251e+02 0.0000000000e+00 4.9494910204e-05
6.6170602905e-01 5.0501084175e+00 1.7123445553e+00 3.9753806117e+02 1.9679679539e+02 0.0000000000e+00 4.9503887706e-05
6.6175553450e-01 5.0489324516e+00 1.7144559138e+00 3.9744696656e+02 1.9679752619e+02 0.0000000000e+00 4.9515417842e-05
6.6180505988e-01 5.0479926119e+00 1.7165515233e+00 3.9735496482e+02 1.9678860261e+02 0.0000000000e+00 4.9524636667e-05
6.6185458377e-01 5.0472386399e+00 1.7186191046e+00 3.9726144590e+02 1.9677167767e+02 0.0000000000e+00 4.9532034809e-05
6.6190412395e-01 5.0458146047e+00 1.7206534568e+00 3.9716614924e+02 1.9677999508e+02 0.0000000000e+00 4.9546013792e-05
6.6195367580e-01 5.0451925873e+00 1.7226529656e+00 3.9706896336e+02 1.9675609825e+02 0.0000000000e+00 4.9552122278e-05
6.6200322820e-01 5.0440466129e+00 1.7246175211e+00 3.9696993277e+02 1.9675171704e+02 0.0000000000e+00 4.9563380196e-05
6.6205280256e-01 5.0431767806e+00 1.7265495072e+00 3.9686915912e+02 1.9673569676e+02 0.0000000000e+00 4.9571928742e-05
6.6210237205e-01 5.0418680581e+00 1.7284521657e+00 3.9676685578e+02 1.9673603673e+02 0.0000000000e+00 4.9584796175e-05
6.6215197215e-01 5.0415244970e+00 1.7303304833e+00 3.9666325948e+02 1.9669807204e+02 0.0000000000e+00 4.9588175194e-05
6.6220154840e-01 5.0400027228e+00 1.7321895668e+00 3.9655869959e+02 1.9670559789e+02 0.0000000000e+00 4.9603147805e-05
6.6225117844e-01 5.0385129526e+00 1.7340360464e+00 3.9645346343e+02 1.9671154325e+02 0.0000000000e+00 4.9617814294e-05
6.6230078403e-01 5.0379184255e+00 1.7358748060e+00 3.9634779013e+02 1.9668231830e+02 0.0000000000e+00 4.9623669715e-05
6.6235042578e-01 5.0363974294e+00 1.7377095611e+00 3.9624193136e+02 1.9668916965e+02 0.0000000000e+00 4.9638656104e-05
6.6240006134e-01 5.0362079469e+00 1.7395436748e+00 3.9613604419e+02 1.9664400694e+02 0.0000000000e+00 4.9640523710e-05
6.6244970683e-01 5.0347593044e+00 1.7413831600e+00 3.9603042914e+02 1.9664814403e+02 0.0000000000e+00 4.9654806692e-05
6.6249937096e-01 5.0329636804e+00 1.7432358856e+00 3.9592544515e+02 1.9666615452e+02 0.0000000000e+00 4.9672522171e-05
6.6254905188e-01 5.0330330969e+00 1.7451093680e+00 3.9582155917e+02 1.9661183999e+02 0.0000000000e+00 4.9671837079e-05
6.6259871463e-01 5.0315785439e+00 1.7470191528e+00 3.9571961626e+02 1.9661802594e+02 0.0000000000e+00 4.9686196453e-05
6.6264842427e-01 5.0295893861e+00 1.7489948666e+00 3.9562087914e+02 1.9664670849e+02 0.0000000000e+00 4.9705846901e-05
6.6269812633e-01 5.0299231556e+00 1.7510614542e+00 3.9552634998e+02 1.9658667625e+02 0.0000000000e+00 4.9702548581e-05
6.6274782937e-01 5.0289709713e+00 1.7531985079e+00 3.9543522618e+02 1.9657859850e+02 0.0000000000e+00 4.9711959251e-05
6.6279755024e-01 5.0267092614e+00 1.7553384746e+00 3.9534472979e+02 1.9662203901e+02 0.0000000000e+00 4.9734326574e-05
6.6284729802e-01 5.0267106330e+00 1.7574502758e+00 3.9525260888e+02 1.9657616966e+02 0.0000000000e+00 4.9734313004e-05
6.6289701887e-01 5.0266239519e+00 1.7595159427e+00 3.9515807607e+02 1.9653254344e+02 0.0000000000e+00 4.9735170642e-05
6.6294676836e-01 5.0241928627e+00 1.7615321211e+00 3.9506096434e+02 1.9657931888e+02 0.0000000000e+00 4.9759236325e-05
6.6299653734e-01 5.0228869100e+00 1.7635022644e+00 3.9496142560e+02 1.9658088699e+02 0.0000000000e+00 4.9772173748e-05
6.6304631271e-01 5.0230653374e+00 1.7654322129e+00 3.9485983268e+02 1.9652334091e+02 0.0000000000e+00 4.9770405760e-05
6.6309607815e-01 5.0221695906e+00 1.7673305706e+00 3.9475667732e+02 1.9650704252e+02 0.0000000000e+00 4.9779282736e-05
6.6314587127e-01 5.0200888380e+00 1.7692069491e+00 3.9465245292e+02 1.9653658812e+02 0.0000000000e+00 4.9799915513e-05
6.6319567799e-01 5.0184945377e+00 1.7710694613e+00 3.9454757775e+02 1.9654678051e+02 0.0000000000e+00 4.9815736198e-05
6.6324550275e-01 5.0186187277e+00 1.7729241593e+00 3.9444231783e+02 1.9648948208e+02 0.0000000000e+00 4.9814503465e-05
6.6329530699e-01 5.0178869476e+00 1.7747745306e+00 3.9433699835e+02 1.9646566496e+02 0.0000000000e+00 4.9821768129e-05
6.6334514628e-01 5.0166680148e+00 1.7766275702e+00 3.9423185955e+02 1.9646100678e+02 0.0000000000e+00 4.9833873652e-05
6.6339497474e-01 5.0147751663e+00 1.7784897649e+00 3.9412722664e+02 1.9648299952e+02 0.0000000000e+00 4.9852683662e-05
6.6344485165e-01 5.0131279432e+00 1.7803688738e+00 3.9402350842e+02 1.9649583697e+02 0.0000000000e+00 4.9869064351e-05
6.6349471287e-01 5.0128758043e+00 1.7822765672e+00 3.9392136367e+02 1.9645477918e+02 0.0000000000e+00 4.9871572678e-05
6.6354459479e-01 5.0122442203e+00 1.7842384004e+00 3.9382196406e+02 1.9642995570e+02 0.0000000000e+00 4.9877856906e-05
6.6359446858e-01 5.0113299392e+00 1.7862841102e+00 3.9372646479e+02 1.9641815126e+02 0.0000000000e+00 4.9886956763e-05
6.6364436871e-01 5.0104823708e+00 1.7884064511e+00 3.9363443321e+02 1.9640545764e+02 0.0000000000e+00 4.9895395592e-05
6.6369425937e-01 5.0095195780e+00 1.7905403832e+00 3.9354340887e+02 1.9639777964e+02 0.0000000000e+00 4.9904985120e-05
6.6374417868e-01 5.0081045848e+00 1.7926513233e+00 3.9345094670e+02 1.9640711373e+02 0.0000000000e+00 4.9919085308e-05
6.6379409754e-01 5.0065892858e+00 1.7947207474e+00 3.9335609387e+02 1.9641919449e+02 0.0000000000e+00 4.9934193865e-05
6.6384404707e-01 5.0054697687e+00 1.7967430643e+00 3.9325856072e+02 1.9641441208e+02 0.0000000000e+00 4.9945362084e-05
6.6389398827e-01 5.0046036420e+00 1.7987201841e+00 3.9315849525e+02 1.9639841802e+02 0.0000000000e+00 4.9954005928e-05
6.6394395508e-01 5.0038525563e+00 1.8006586814e+00 3.9305629855e+02 1.9637683871e+02 0.0000000000e+00 4.9961504099e-05
6.6399391128e-01 5.0032873675e+00 1.8025673584e+00 3.9295249324e+02 1.9634715357e+02 0.0000000000e+00 4.9967147924e-05
6.6404388937e-01 5.0021131445e+00 1.8044556245e+00 3.9284764796e+02 1.9634084467e+02 0.0000000000e+00 4.9978877482e-05
6.6409386903e-01 5.0007067288e+00 1.8063319222e+00 3.9274225600e+02 1.9634337570e+02 0.0000000000e+00 4.9992933710e-05
6.6414387524e-01 4.9998330044e+00 1.8082015533e+00 3.9263661500e+02 1.9632486458e+02 0.0000000000e+00 5.0001670012e-05
6.6419387237e-01 4.9987988220e+00 1.8100684504e+00 3.9253103030e+02 1.9631267644e+02 0.0000000000e+00 5.0012014666e-05
6.6424389927e-01 4.9974877327e+00 1.8119386109e+00 3.9242582678e+02 1.9631155081e+02 0.0000000000e+00 5.0025135302e-05
6.6429392264e-01 4.9965900372e+00 1.8138215511e+00 3.9232155269e+02 1.9629464783e+02 0.0000000000e+00 5.0034122899e-05
6.6434396752e-01 4.9957514126e+00 1.8157386015e+00 3.9221926889e+02 1.9627641394e+02 0.0000000000e+00 5.0042522005e-05
6.6439400769e-01 4.9944545634e+00 1.8177251681e+00 3.9212045598e+02 1.9627791734e+02 0.0000000000e+00 5.0055515938e-05
6.6444407855e-01 4.9934598695e+00 1.8198019861e+00 3.9202579780e+02 1.9626962469e+02 0.0000000000e+00 5.0065486964e-05
6.6449413866e-01 4.9927182656e+00 1.8219238478e+00 3.9193375175e+02 1.9625268786e+02 0.0000000000e+00 5.0072923546e-05
6.6454422440e-01 4.9920217821e+00 1.8240336685e+00 3.9184130515e+02 1.9623377173e+02 0.0000000000e+00 5.0079909686e-05
6.6459429848e-01 4.9911394802e+00 1.8261078660e+00 3.9174691907e+02 1.9622118387e+02 0.0000000000e+00 5.0088762495e-05
6.6464440192e-01 4.9901263408e+00 1.8281366541e+00 3.9165006880e+02 1.9621250147e+02 0.0000000000e+00 5.0098931956e-05
6.6469449634e-01 4.9890250786e+00 1.8301211506e+00 3.9155077900e+02 1.9620605871e+02 0.0000000000e+00 5.0109990641e-05
6.6474462190e-01 4.9873961630e+00 1.8320686592e+00 3.9144939833e+02 1.9621932244e+02 0.0000000000e+00 5.0126356887e-05
6.6479474906e-01 4.9858564859e+00 1.8339893411e+00 3.9134640743e+02 1.9622827519e+02 0.0000000000e+00 5.0141836353e-05
6.6484490557e-01 4.9848853445e+00 1.8358933501e+00 3.9124231457e+02 1.9621429960e+02 0.0000000000e+00 5.0151604846e-05
6.6489505227e-01 4.9841715494e+00 1.8377897444e+00 3.9113757863e+02 1.9618986563e+02 0.0000000000e+00 5.0158787177e-05
6.6494522315e-01 4.9835067805e+00 1.8396851569e+00 3.9103250148e+02 1.9616332369e+02 0.0000000000e+00 5.0165478048e-05
6.6499538322e-01 4.9823342439e+00 1.8415825642e+00 3.9092728251e+02 1.9615669251e+02 0.0000000000e+00 5.0177283932e-05
6.6504557772e-01 4.9819192944e+00 1.8434902500e+00 3.9082231537e+02 1.9612035657e+02 0.0000000000e+00 5.0181463253e-05
6.6509574615e-01 4.9805857879e+00 1.8454284633e+00 3.9071857866e+02 1.9612079548e+02 0.0000000000e+00 5.0194898883e-05
6.6514596751e-01 4.9783456892e+00 1.8474316276e+00 3.9061749821e+02 1.9615828359e+02 0.0000000000e+00 5.0217485005e-05
6.6519618112e-01 4.9773825377e+00 1.8495222552e+00 3.9051996969e+02 1.9614725548e+02 0.0000000000e+00 5.0227202371e-05
6.6524642192e-01 4.9769151254e+00 1.8516713900e+00 3.9042504200e+02 1.9611799285e+02 0.0000000000e+00 5.0231919512e-05
6.6529664496e-01 4.9770414864e+00 1.8538188531e+00 3.9033017205e+02 1.9606535987e+02 0.0000000000e+00 5.0230644186e-05
6.6534688321e-01 4.9758149560e+00 1.8559351027e+00 3.9023360053e+02 1.9606516921e+02 0.0000000000e+00 5.0243025959e-05
6.6539713101e-01 4.9735840768e+00 1.8580060836e+00 3.9013478429e+02 1.9610344284e+02 0.0000000000e+00 5.0265562246e-05
6.6544741433e-01 4.9723442335e+00 1.8600301691e+00 3.9003377894e+02 1.9610155724e+02 0.0000000000e+00 5.0278095856e-05
6.6549768720e-01 4.9721424450e+00 1.8620122601e+00 3.8993099300e+02 1.9605783488e+02 0.0000000000e+00 5.0280136333e-05
6.6554797460e-01 4.9718127498e+00 1.8639617264e+00 3.8982699629e+02 1.9601854289e+02 0.0000000000e+00 5.0283470553e-05
6.6559825414e-01 4.9697870659e+00 1.8658887198e+00 3.8972231001e+02 1.9604577864e+02 0.0000000000e+00 5.0303966082e-05
6.6564858254e-01 4.9677096420e+00 1.8678007440e+00 3.8961726400e+02 1.9607489773e+02 0.0000000000e+00 5.0325002470e-05
6.6569890415e-01 4.9684150887e+00 1.8697032107e+00 3.8951214968e+02 1.9599416651e+02 0.0000000000e+00 5.0317857010e-05
6.6574921825e-01 4.9675764198e+00 1.8716042013e+00 3.8940742753e+02 1.9597455309e+02 0.0000000000e+00 5.0326352102e-05
6.6579955685e-01 4.9645757137e+00 1.8735134557e+00 3.8930358208e+02 1.9604071150e+02 0.0000000000e+00 5.0356770532e-05
6.6584993179e-01 4.9644218249e+00 1.8754550804e+00 3.8920171746e+02 1.9599549111e+02 0.0000000000e+00 5.0358331507e-05
6.6590027352e-01 4.9644478634e+00 1.8774672505e+00 3.8910345668e+02 1.9594498088e+02 0.0000000000e+00 5.0358067378e-05
6.6595064793e-01 4.9619341407e+00 1.8795644107e+00 3.8900916727e+02 1.9599674051e+02 0.0000000000e+00 5.0383578845e-05
6.6600104067e-01 4.9615225363e+00 1.8816876220e+00 3.8891676560e+02 1.9596644112e+02 0.0000000000e+00 5.0387758631e-05
6.6605142344e-01 4.9612937228e+00 1.8837904497e+00 3.8882345072e+02 1.9592845760e+02 0.0000000000e+00 5.0390082501e-05
6.6610182084e-01 4.9587590180e+00 1.8858540345e+00 3.8872812894e+02 1.9598055054e+02 0.0000000000e+00 5.0415839747e-05
6.6615225512e-01 4.9588474608e+00 1.8878728952e+00 3.8863039493e+02 1.9592778262e+02 0.0000000000e+00 5.0414940564e-05
6.6620265072e-01 4.9582162404e+00 1.8898487475e+00 3.8853040664e+02 1.9590231033e+02 0.0000000000e+00 5.0421358786e-05
6.6625309784e-01 4.9561888158e+00 1.8917909642e+00 3.8842855332e+02 1.9593107111e+02 0.0000000000e+00 5.0441984616e-05
6.6630353469e-01 4.9556569133e+00 1.8937097082e+00 3.8832531323e+02 1.9590001892e+02 0.0000000000e+00 5.0447398675e-05
6.6635399264e-01 4.9544659367e+00 1.8956147381e+00 3.8822124239e+02 1.9589459659e+02 0.0000000000e+00 5.0459525445e-05
6.6640445374e-01 4.9535433083e+00 1.8975157498e+00 3.8811670679e+02 1.9587832519e+02 0.0000000000e+00 5.0468923847e-05
6.6645493049e-01 4.9518820825e+00 1.8994159656e+00 3.8801204759e+02 1.9589119911e+02 0.0000000000e+00 5.0485854840e-05
6.6650542545e-01 4.9511073589e+00 1.9013276198e+00 3.8790780096e+02 1.9586921311e+02 0.0000000000e+00 5.0493754604e-05
6.6655591800e-01 4.9506324605e+00 1.9032775907e+00 3.8780521258e+02 1.9583619653e+02 0.0000000000e+00 5.0498598309e-05
6.6660642265e-01 4.9493602515e+00 1.9053003563e+00 3.8770568232e+02 1.9583626096e+02 0.0000000000e+00 5.0511578729e-05
6.6665694115e-01 4.9480186286e+00 1.9074015734e+00 3.8760930117e+02 1.9584066384e+02 0.0000000000e+00 5.0525274613e-05
6.6670747319e-01 4.9470086727e+00 1.9095285341e+00 3.8751425571e+02 1.9583261388e+02 0.0000000000e+00 5.0535589593e-05
6.6675801233e-01 4.9463341335e+00 1.9116432400e+00 3.8741813950e+02 1.9581074036e+02 0.0000000000e+00 5.0542481209e-05
6.6680855816e-01 4.9451542018e+00 1.9137259736e+00 3.8731991898e+02 1.9580780658e+02 0.0000000000e+00 5.0554540829e-05
6.6685912141e-01 4.9440182307e+00 1.9157728723e+00 3.8721934919e+02 1.9580194243e+02 0.0000000000e+00 5.0566156583e-05
6.6690969047e-01 4.9427356147e+00 1.9177879610e+00 3.8711667002e+02 1.9580081770e+02 0.0000000000e+00 5.0579278256e-05
6.6696027997e-01 4.9422099106e+00 1.9197800379e+00 3.8701233307e+02 1.9576886660e+02 0.0000000000e+00 5.0584658386e-05
6.6701085979e-01 4.9409225122e+00 1.9217592298e+00 3.8690689033e+02 1.9576652405e+02 0.0000000000e+00 5.0597838638e-05
6.6706147565e-01 4.9399316613e+00 1.9237345352e+00 3.8680076818e+02 1.9575208460e+02 0.0000000000e+00 5.0607987548e-05
6.6711207576e-01 4.9384923812e+00 1.9257094172e+00 3.8669424727e+02 1.9575521102e+02 0.0000000000e+00 5.0622736799e-05
6.6716272112e-01 4.9378598530e+00 1.9276883692e+00 3.8658769076e+02 1.9572633807e+02 0.0000000000e+00 5.0629221453e-05
6.6721333421e-01 4.9368258265e+00 1.9296953428e+00 3.8648215508e+02 1.9571389019e+02 0.0000000000e+00 5.0639825828e-05
6.6726400077e-01 4.9350114049e+00 1.9317602592e+00 3.8637892047e+02 1.9573354992e+02 0.0000000000e+00 5.0658444224e-05
6.6731465109e-01 4.9346735541e+00 1.9338940779e+00 3.8627839728e+02 1.9569602378e+02 0.0000000000e+00 5.0661912538e-05
6.6736532460e-01 4.9333429300e+00 1.9360635926e+00 3.8617948333e+02 1.9569868181e+02 0.0000000000e+00 5.0675577098e-05
6.6741600225e-01 4.9324897140e+00 1.9382303994e+00 3.8608009402e+02 1.9568215871e+02 0.0000000000e+00 5.0684342897e-05
6.6746669328e-01 4.9320294745e+00 1.9403745230e+00 3.8597903925e+02 1.9564919535e+02 0.0000000000e+00 5.0689072580e-05
6.6751738039e-01 4.9297704824e+00 1.9424907655e+00 3.8587602796e+02 1.9568660921e+02 0.0000000000e+00 5.0712300074e-05
6.6756811788e-01 4.9289746963e+00 1.9445837725e+00 3.8577116116e+02 1.9566501399e+02 0.0000000000e+00 5.0720487607e-05
6.6761882137e-01 4.9289104558e+00 1.9466607337e+00 3.8566480696e+02 1.9561362010e+02 0.0000000000e+00 5.0721148668e-05
6.6766956018e-01 4.9265486750e+00 1.9487308901e+00 3.8555739838e+02 1.9565289202e+02 0.0000000000e+00 5.0745464318e-05
6.6772031230e-01 4.9255363672e+00 1.9508033712e+00 3.8544908395e+02 1.9563812710e+02 0.0000000000e+00 5.0755893645e-05
6.6777107197e-01 4.9253246291e+00 1.9528819451e+00 3.8534007003e+02 1.9559120416e+02 0.0000000000e+00 5.0758075625e-05
6.6782182845e-01 4.9233925972e+00 1.9549728017e+00 3.8523061053e+02 1.9561237649e+02 0.0000000000e+00 5.0777994049e-05
6.6787262796e-01 4.9222856420e+00 1.9570970439e+00 3.8512140637e+02 1.9560090290e+02 0.0000000000e+00 5.0789413330e-05
6.6792340727e-01 4.9224022859e+00 1.9592815248e+00 3.8501334562e+02 1.9554138572e+02 0.0000000000e+00 5.0788209797e-05
6.6797420438e-01 4.9205289247e+00 1.9615218362e+00 3.8490623631e+02 1.9556141331e+02 0.0000000000e+00 5.0807546063e-05
6.6802502237e-01 4.9184473976e+00 1.9637997208e+00 3.8479873495e+02 1.9558953459e+02 0.0000000000e+00 5.0829048232e-05
6.6807586247e-01 4.9180779289e+00 1.9660983032e+00 3.8468972693e+02 1.9554881627e+02 0.0000000000e+00 5.0832866745e-05
6.6812668810e-01 4.9177638170e+00 1.9684042679e+00 3.8457837960e+02 1.9550470189e+02 0.0000000000e+00 5.0836113588e-05
6.6817753470e-01 4.9161870052e+00 1.9707190322e+00 3.8446414384e+02 1.9550931618e+02 0.0000000000e+00 5.0852418701e-05
6.6822839294e-01 4.9142638690e+00 1.9730509204e+00 3.8434688322e+02 1.9552617313e+02 0.0000000000e+00 5.0872319164e-05
6.6827927934e-01 4.9131082065e+00 1.9754113976e+00 3.8422656041e+02 1.9551093944e+02 0.0000000000e+00 5.0884285363e-05
6.6833016151e-01 4.9120791911e+00 1.9778132074e+00 3.8410311591e+02 1.9548906938e+02 0.0000000000e+00 5.0894944946e-05
6.6838106923e-01 4.9113718328e+00 1.9802709811e+00 3.8397642006e+02 1.9545273354e+02 0.0000000000e+00 5.0902275069e-05
6.6843196606e-01 4.9102989355e+00 1.9828014564e+00 3.8384632568e+02 1.9542920437e+02 0.0000000000e+00 5.0913397185e-05
6.6848289602e-01 4.9084248859e+00 1.9854245727e+00 3.8371254912e+02 1.9543568356e+02 0.0000000000e+00 5.0932836054e-05
6.6853383173e-01 4.9064566000e+00 1.9881599556e+00 3.8357456402e+02 1.9544377710e+02 0.0000000000e+00 5.0953268393e-05
6.6858480256e-01 4.9051286934e+00 1.9910233302e+00 3.8343248202e+02 1.9542427222e+02 0.0000000000e+00 5.0967062360e-05
6.6863576586e-01 4.9039341477e+00 1.9938863995e+00 3.8329126355e+02 1.9539988303e+02 0.0000000000e+00 5.0979477389e-05
6.6868676151e-01 4.9025842319e+00 1.9966350865e+00 3.8315635764e+02 1.9538489270e+02 0.0000000000e+00 5.0993514476e-05
6.6873775288e-01 4.9015917029e+00 1.9992179866e+00 3.8302930002e+02 1.9535965215e+02 0.0000000000e+00 5.1003840213e-05
6.6878876919e-01 4.9006875430e+00 2.0016118554e+00 3.8291083719e+02 1.9533526359e+02 0.0000000000e+00 5.1013250244e-05
6.6883977939e-01 4.8994282357e+00 2.0038060887e+00 3.8280165256e+02 1.9532975796e+02 0.0000000000e+00 5.1026362256e-05
6.6889082192e-01 4.8984978704e+00 2.0058010295e+00 3.8270226942e+02 1.9531613545e+02 0.0000000000e+00 5.1036053625e-05
6.6894185149e-01 4.8975462442e+00 2.0076018640e+00 3.8261285030e+02 1.9530844183e+02 0.0000000000e+00 5.1045970274e-05
6.6899291386e-01 4.8964637038e+00 2.0092226067e+00 3.8253341579e+02 1.9531106474e+02 0.0000000000e+00 5.1057255833e-05
6.6904396600e-01 4.8955291885e+00 2.0106758459e+00 3.8246339607e+02 1.9531259101e+02 0.0000000000e+00 5.1067002232e-05
6.6909504786e-01 4.8950428562e+00 2.0119752780e+00 3.8240185954e+02 1.9530056773e+02 0.0000000000e+00 5.1072075842e-05
6.6914611016e-01 4.8944489494e+00 2.0131332792e+00 3.8234749088e+02 1.9529649550e+02 0.0000000000e+00 5.1078273077e-05
6.6919720441e-01 4.8936396054e+00 2.0141669452e+00 3.8229900611e+02 1.9530402570e+02 0.0000000000e+00 5.1086720756e-05
6.6924828360e-01 4.8929724388e+00 2.0150928782e+00 3.8225500740e+02 1.9530817524e+02 0.0000000000e+00 5.1093686533e-05
6.6929939178e-01 4.8925518969e+00 2.0159354326e+00 3.8221451540e+02 1.9530427242e+02 0.0000000000e+00 5.1098078318e-05
6.6935047975e-01 4.8922217587e+00 2.0167140419e+00 3.8217641897e+02 1.9529798414e+02 0.0000000000e+00 5.1101526531e-05
6.6940159484e-01 4.8915878610e+00 2.0174518498e+00 3.8214001119e+02 1.9530468533e+02 0.0000000000e+00 5.1108148745e-05
6.6945269605e-01 4.8909599801e+00 2.0181663119e+00 3.8210460772e+02 1.9531166135e+02 0.0000000000e+00 5.1114709795e-05
6.6950382426e-01 4.8905711943e+00 2.0188727872e+00 3.8206984441e+02 1.9530941747e+02 0.0000000000e+00 5.1118773261e-05
6.6955493360e-01 4.8904578625e+00 2.0195808916e+00 3.8203549545e+02 1.9529638440e+02 0.0000000000e+00 5.1119957891e-05
6.6960606417e-01 4.8899553819e+00 2.0202975659e+00 3.8200128133e+02 1.9529896057e+02 0.0000000000e+00 5.1125210861e-05
6.6965718402e-01 4.8897256366e+00 2.0210284049e+00 3.8196684550e+02 1.9529053054e+02 0.0000000000e+00 5.1127612995e-05
6.6970831940e-01 4.8896545578e+00 2.0217857620e+00 3.8193146175e+02 1.9527527826e+02 0.0000000000e+00 5.1128356215e-05
6.6975944073e-01 4.8889453160e+00 2.0225843413e+00 3.8189421033e+02 1.9528455814e+02 0.0000000000e+00 5.1135773432e-05
6.6981059094e-01 4.8881633457e+00 2.0234424423e+00 3.8185400908e+02 1.9529523774e+02 0.0000000000e+00 5.1143953735e-05
6.6986172864e-01 4.8878689581e+00 2.0243832656e+00 3.8180960725e+02 1.9528428980e+02 0.0000000000e+00 5.1147034044e-05
6.6991288501e-01 4.8870649086e+00 2.0254342473e+00 3.8175963767e+02 1.9529085699e+02 0.0000000000e+00 5.1155449063e-05
6.6996403954e-01 4.8859661947e+00 2.0266260717e+00 3.8170263979e+02 1.9530560823e+02 0.0000000000e+00 5.1166952459e-05
6.7001521892e-01 4.8856992442e+00 2.0279902243e+00 3.8163712945e+02 1.9528275809e+02 0.0000000000e+00 5.1169748178e-05
6.7006637903e-01 4.8853697366e+00 2.0295567888e+00 3.8156166870e+02 1.9525731381e+02 0.0000000000e+00 5.1173199467e-05
6.7011756532e-01 4.8839307437e+00 2.0313594774e+00 3.8147457173e+02 1.9527026065e+02 0.0000000000e+00 5.1188277049e-05
6.7016875559e-01 4.8831855068e+00 2.0334308113e+00 3.8137408582e+02 1.9524861655e+02 0.0000000000e+00 5.1196089039e-05
6.7021995749e-01 4.8819213508e+00 2.0357946182e+00 3.8125883381e+02 1.9524015568e+02 0.0000000000e+00 5.1209346082e-05
6.7027117428e-01 4.8801385885e+00 2.0384749463e+00 3.8112740895e+02 1.9524415242e+02 0.0000000000e+00 5.1228053356e-05
6.7032241360e-01 4.8790542241e+00 2.0414874916e+00 3.8097882660e+02 1.9521141245e+02 0.0000000000e+00 5.1239438735e-05
6.7037365316e-01 4.8778722994e+00 2.0448413573e+00 3.8081250141e+02 1.9517346808e+02 0.0000000000e+00 5.1251854221e-05
6.7042491731e-01 4.8757174096e+00 2.0485414034e+00 3.8062816538e+02 1.9516521027e+02 0.0000000000e+00 5.1274505678e-05
6.7047620217e-01 4.8730686856e+00 2.0525886322e+00 3.8042582050e+02 1.9516748329e+02 0.0000000000e+00 5.1302375593e-05
6.7052752206e-01 4.8712864787e+00 2.0569756966e+00 3.8020589700e+02 1.9512601993e+02 0.0000000000e+00 5.1321145060e-05
6.7057884446e-01 4.8694817709e+00 2.0616862885e+00 3.7996932568e+02 1.9507688064e+02 0.0000000000e+00 5.1340165496e-05
6.7063020239e-01 4.8669262768e+00 2.0667000458e+00 3.7971729123e+02 1.9504984750e+02 0.0000000000e+00 5.1367122858e-05
6.7068157870e-01 4.8638738592e+00 2.0719936660e+00 3.7945114111e+02 1.9503545532e+02 0.0000000000e+00 5.1399359283e-05
6.7073300111e-01 4.8618987064e+00 2.0775414635e+00 3.7917224486e+02 1.9497127962e+02 0.0000000000e+00 5.1420240342e-05
6.7078441919e-01 4.8587541980e+00 2.0833144157e+00 3.7888220323e+02 1.9494822530e+02 0.0000000000e+00 5.1453518704e-05
6.7083590815e-01 4.8553204841e+00 2.0892890905e+00 3.7858228648e+02 1.9493166708e+02 0.0000000000e+00 5.1489906962e-05
6.7088739900e-01 4.8535791075e+00 2.0954346022e+00 3.7827444470e+02 1.9484304073e+02 0.0000000000e+00 5.1508380612e-05
6.7093892491e-01 4.8502219005e+00 2.1016404306e+00 3.7796401690e+02 1.9481789939e+02 0.0000000000e+00 5.1544033475e-05
6.7099048707e-01 4.8462820915e+00 2.1077520172e+00 3.7765814704e+02 1.9481849174e+02 0.0000000000e+00 5.1585936452e-05
6.7104209678e-01 4.8443787982e+00 2.1137446809e+00 3.7735830441e+02 1.9474029599e+02 0.0000000000e+00 5.1606203895e-05
6.7109369947e-01 4.8417046380e+00 2.1196273573e+00 3.7706391470e+02 1.9469584727e+02 0.0000000000e+00 5.1634706925e-05
6.7114536620e-01 4.8385210451e+00 2.1254199322e+00 3.7677448633e+02 1.9467440713e+02 0.0000000000e+00 5.1668680919e-05
6.7119703684e-01 4.8356523688e+00 2.1311294370e+00 3.7648908149e+02 1.9464234232e+02 0.0000000000e+00 5.1699332569e-05
6.7124876486e-01 4.8330054834e+00 2.1367702254e+00 3.7620737515e+02 1.9460322177e+02 0.0000000000e+00 5.1727646670e-05
6.7130049213e-01 4.8307210209e+00 2.1423496660e+00 3.7592886482e+02 1.9455111524e+02 0.0000000000e+00 5.1752108830e-05
6.7135226908e-01 4.8278907080e+00 2.1478794648e+00 3.7565340809e+02 1.9452253107e+02 0.0000000000e+00 5.1782448096e-05
6.7140405703e-01 4.8253545149e+00 2.1533605336e+00 3.7538039521e+02 1.9448332451e+02 0.0000000000e+00 5.1809664808e-05
6.7145588841e-01 4.8226030434e+00 2.1588079365e+00 3.7511005913e+02 1.9445414424e+02 0.0000000000e+00 5.1839224118e-05
6.7150773547e-01 4.8203248871e+00 2.1642185408e+00 3.7484176272e+02 1.9440689761e+02 0.0000000000e+00 5.1863724097e-05
6.7155961586e-01 4.8174968113e+00 2.1696003369e+00 3.7457551314e+02 1.9438285473e+02 0.0000000000e+00 5.1894170311e-05
6.7161152381e-01 4.8147654771e+00 2.1749537602e+00 3.7431094197e+02 1.9435574990e+02 0.0000000000e+00 5.1923608987e-05
6.7166346307e-01 4.8122373575e+00 2.1802843814e+00 3.7404801818e+02 1.9432126389e+02 0.0000000000e+00 5.1950887171e-05
6.7171542559e-01 4.8099255097e+00 2.1855881500e+00 3.7378626055e+02 1.9427861190e+02 0.0000000000e+00 5.1975856901e-05
6.7176741479e-01 4.8073649754e+00 2.1908720680e+00 3.7352576940e+02 1.9424662539e+02 0.0000000000e+00 5.2003540667e-05
6.7181943267e-01 4.8044805551e+00 2.1961355551e+00 3.7326627329e+02 1.9422821521e+02 0.0000000000e+00 5.2034761538e-05
6.7187148431e-01 4.8021210366e+00 2.2013818512e+00 3.7300772662e+02 1.9418904885e+02 0.0000000000e+00 5.2060328779e-05
6.7192355333e-01 4.7998098037e+00 2.2066129676e+00 3.7275007675e+02 1.9414835795e+02 0.0000000000e+00 5.2085397177e-05
6.7197565511e-01 4.7974867015e+00 2.2118299862e+00 3.7249321616e+02 1.9410851938e+02 0.0000000000e+00 5.2110618654e-05
6.7202777456e-01 4.7948410996e+00 2.2170391986e+00 3.7223731317e+02 1.9408219451e+02 0.0000000000e+00 5.2139371213e-05
6.7207993385e-01 4.7928353049e+00 2.2222402657e+00 3.7198220945e+02 1.9403035248e+02 0.0000000000e+00 5.2161191465e-05
6.7213209695e-01 4.7899914620e+00 2.2274343255e+00 3.7172785919e+02 1.9401279842e+02 0.0000000000e+00 5.2192159837e-05
6.7218431817e-01 4.7870949927e+00 2.2326260490e+00 3.7147434098e+02 1.9399779070e+02 0.0000000000e+00 5.2223739112e-05
6.7223654443e-01 4.7849085113e+00 2.2378137127e+00 3.7122147522e+02 1.9395432240e+02 0.0000000000e+00 5.2247602939e-05
6.7228881337e-01 4.7825432933e+00 2.2429941982e+00 3.7096904197e+02 1.9391828742e+02 0.0000000000e+00 5.2273442114e-05
6.7234109131e-01 4.7804029428e+00 2.2481682347e+00 3.7071698816e+02 1.9387329510e+02 0.0000000000e+00 5.2296846729e-05
6.7239340707e-01 4.7778016493e+00 2.2533331695e+00 3.7046512373e+02 1.9384706133e+02 0.0000000000e+00 5.2325319959e-05
6.7244574195e-01 4.7751254484e+00 2.2584875209e+00 3.7021329726e+02 1.9382385932e+02 0.0000000000e+00 5.2354645485e-05
6.7249811636e-01 4.7729228947e+00 2.2636314189e+00 3.6996146204e+02 1.9378139465e+02 0.0000000000e+00 5.2378805506e-05
6.7255049956e-01 4.7704204182e+00 2.2687678056e+00 3.6970972875e+02 1.9375112482e+02 0.0000000000e+00 5.2406282483e-05
6.7260292892e-01 4.7680097964e+00 2.2738956130e+00 3.6945798956e+02 1.9371708812e+02 0.0000000000e+00 5.2432778177e-05
6.7265536512e-01 4.7656339935e+00 2.2790143603e+00 3.6920617495e+02 1.9368156234e+02 0.0000000000e+00 5.2458917395e-05
6.7270784676e-01 4.7635125229e+00 2.2841238721e+00 3.6895418298e+02 1.9363556893e+02 0.0000000000e+00 5.2482280418e-05
6.7276032968e-01 4.7603960609e+00 2.2892281561e+00 3.6870228329e+02 1.9363004599e+02 0.0000000000e+00 5.2516638700e-05
6.7281288004e-01 4.7577727675e+00 2.2943321873e+00 3.6845060045e+02 1.9360455956e+02 0.0000000000e+00 5.2545594801e-05
6.7286542087e-01 4.7560679983e+00 2.2994369982e+00 3.6819923242e+02 1.9354182518e+02 0.0000000000e+00 5.2564429291e-05
6.7291800889e-01 4.7537298253e+00 2.3045460104e+00 3.6794833473e+02 1.9350507299e+02 0.0000000000e+00 5.2590283669e-05
6.7297060144e-01 4.7505369577e+00 2.3096638872e+00 3.6769804333e+02 1.9350341162e+02 0.0000000000e+00 5.2625629950e-05
6.7302326015e-01 4.7479372894e+00 2.3147955209e+00 3.6744853621e+02 1.9347798518e+02 0.0000000000e+00 5.2654444396e-05
6.7307591032e-01 4.7464510410e+00 2.3199448062e+00 3.6720001707e+02 1.9340767128e+02 0.0000000000e+00 5.2670931995e-05
6.7312860202e-01 4.7439402524e+00 2.3251114687e+00 3.6695245407e+02 1.9337957191e+02 0.0000000000e+00 5.2698808733e-05
6.7318130794e-01 4.7413189524e+00 2.3302820487e+00 3.6670528532e+02 1.9335615733e+02 0.0000000000e+00 5.2727943956e-05
6.7323405791e-01 4.7385994828e+00 2.3354475804e+00 3.6645800005e+02 1.9333666064e+02 0.0000000000e+00 5.2758204382e-05
6.7328682435e-01 4.7359829052e+00 2.3406046635e+00 3.6621038808e+02 1.9331276918e+02 0.0000000000e+00 5.2787352701e-05
6.7333963261e-01 4.7342146824e+00 2.3457499207e+00 3.6596225493e+02 1.9325393939e+02 0.0000000000e+00 5.2807068705e-05
6.7339243849e-01 4.7318835063e+00 2.3508811258e+00 3.6571355309e+02 1.9321774966e+02 0.0000000000e+00 5.2833084261e-05
6.7344529878e-01 4.7293724580e+00 2.3560002524e+00 3.6546431168e+02 1.9318858629e+02 0.0000000000e+00 5.2861135852e-05
6.7349816076e-01 4.7270898867e+00 2.3611101793e+00 3.6521467869e+02 1.9314984877e+02 0.0000000000e+00 5.2886660925e-05
6.7355107210e-01 4.7244933952e+00 2.3662148370e+00 3.6496487650e+02 1.9312381560e+02 0.0000000000e+00 5.2915726425e-05
6.7360399221e-01 4.7215428476e+00 2.3713191926e+00 3.6471510302e+02 1.9311224890e+02 0.0000000000e+00 5.2948794085e-05
6.7365696969e-01 4.7188387175e+00 2.3764270670e+00 3.6446550629e+02 1.9309067766e+02 0.0000000000e+00 5.2979136387e-05
6.7370995049e-01 4.7168239086e+00 2.3815410485e+00 3.6421624370e+02 1.9304104349e+02 0.0000000000e+00 5.3001766622e-05
6.7376297322e-01 4.7147541851e+00 2.3866640303e+00 3.6396748826e+02 1.9299388365e+02 0.0000000000e+00 5.3025033795e-05
6.7381600055e-01 4.7122533918e+00 2.3917997991e+00 3.6371938218e+02 1.9296467737e+02 0.0000000000e+00 5.3053174185e-05
6.7386907957e-01 4.7097763019e+00 2.3969512511e+00 3.6347200474e+02 1.9293485584e+02 0.0000000000e+00 5.3081077311e-05
6.7392216271e-01 4.7076256760e+00 2.4021160792e+00 3.6322524860e+02 1.9289195531e+02 0.0000000000e+00 5.3105326805e-05
6.7397529022e-01 4.7051467799e+00 2.4072843141e+00 3.6297876091e+02 1.9286261295e+02 0.0000000000e+00 5.3133305228e-05
6.7402842932e-01 4.7024579135e+00 2.4124502852e+00 3.6273217174e+02 1.9284179593e+02 0.0000000000e+00 5.3163686863e-05
6.7408161760e-01 4.7000663192e+00 2.4176121618e+00 3.6248536369e+02 1.9280864305e+02 0.0000000000e+00 5.3190738816e-05
6.7413481080e-01 4.6979371001e+00 2.4227693483e+00 3.6223832495e+02 1.9276456732e+02 0.0000000000e+00 5.3214846150e-05
6.7418804729e-01 4.6954651606e+00 2.4279228429e+00 3.6199112671e+02 1.9273443329e+02 0.0000000000e+00 5.3242861240e-05
6.7424129652e-01 4.6928644890e+00 2.4330748491e+00 3.6174383523e+02 1.9270950401e+02 0.0000000000e+00 5.3272367141e-05
6.7429459202e-01 4.6904019625e+00 2.4382263421e+00 3.6149652794e+02 1.9267886358e+02 0.0000000000e+00 5.3300335878e-05
6.7434789719e-01 4.6882960231e+00 2.4433787392e+00 3.6124926806e+02 1.9263356360e+02 0.0000000000e+00 5.3324277897e-05
6.7440124058e-01 4.6860468352e+00 2.4485338517e+00 3.6100215460e+02 1.9259418829e+02 0.0000000000e+00 5.3349872247e-05
6.7445459693e-01 4.6837027152e+00 2.4536934934e+00 3.6075525925e+02 1.9255879439e+02 0.0000000000e+00 5.3376573024e-05
6.7450799373e-01 4.6813134217e+00 2.4588591361e+00 3.6050865431e+02 1.9252537794e+02 0.0000000000e+00 5.3403815870e-05
6.7456140457e-01 4.6785138412e+00 2.4640331944e+00 3.6026242097e+02 1.9250900670e+02 0.0000000000e+00 5.3435772231e-05
6.7461486527e-01 4.6758818751e+00 2.4692163144e+00 3.6001654674e+02 1.9248590766e+02 0.0000000000e+00 5.3465850224e-05
6.7466833627e-01 4.6734592211e+00 2.4744039874e+00 3.5977089367e+02 1.9245428100e+02 0.0000000000e+00 5.3493566151e-05
6.7472185240e-01 4.6710697116e+00 2.4795907945e+00 3.5952520259e+02 1.9242123582e+02 0.0000000000e+00 5.3520931058e-05
6.7477537813e-01 4.6688427244e+00 2.4847740510e+00 3.5927930727e+02 1.9238135041e+02 0.0000000000e+00 5.3546459959e-05
6.7482894532e-01 4.6665954492e+00 2.4899520783e+00 3.5903314162e+02 1.9234211832e+02 0.0000000000e+00 5.3572246131e-05
6.7488252262e-01 4.6645989519e+00 2.4951247379e+00 3.5878666948e+02 1.9229234559e+02 0.0000000000e+00 5.3595175615e-05
6.7493613567e-01 4.6620091823e+00 2.5002925652e+00 3.5853995389e+02 1.9226686385e+02 0.0000000000e+00 5.3624948006e-05
6.7498977252e-01 4.6589127738e+00 2.5054578264e+00 3.5829310042e+02 1.9226218531e+02 0.0000000000e+00 5.3660588240e-05
6.7504345685e-01 4.6567044086e+00 2.5106222356e+00 3.5804611745e+02 1.9222076711e+02 0.0000000000e+00 5.3686035888e-05
6.7509714459e-01 4.6543952999e+00 2.5157859806e+00 3.5779914313e+02 1.9218347394e+02 0.0000000000e+00 5.3712670259e-05
6.7515088219e-01 4.6523619957e+00 2.5209512448e+00 3.5755222588e+02 1.9213478347e+02 0.0000000000e+00 5.3736145259e-05
6.7520461688e-01 4.6498632295e+00 2.5261209753e+00 3.5730551769e+02 1.9210539109e+02 0.0000000000e+00 5.3765022252e-05
6.7525841224e-01 4.6470431017e+00 2.5312994886e+00 3.5705917827e+02 1.9208944831e+02 0.0000000000e+00 5.3797650361e-05
6.7531221218e-01 4.6445065918e+00 2.5364919000e+00 3.5681340302e+02 1.9206206083e+02 0.0000000000e+00 5.3827030936e-05
6.7536606630e-01 4.6427969745e+00 2.5416990339e+00 3.5656824226e+02 1.9200077250e+02 0.0000000000e+00 5.3846851665e-05
6.7541990588e-01 4.6403431788e+00 2.5469129233e+00 3.5632345559e+02 1.9197042215e+02 0.0000000000e+00 5.3875325674e-05
6.7547381695e-01 4.6371079570e+00 2.5521260768e+00 3.5607862786e+02 1.9197236250e+02 0.0000000000e+00 5.3912913462e-05
6.7552773171e-01 4.6350210850e+00 2.5573356668e+00 3.5583352434e+02 1.9192659419e+02 0.0000000000e+00 5.3937187213e-05
6.7558169132e-01 4.6331009479e+00 2.5625397035e+00 3.5558814074e+02 1.9187372817e+02 0.0000000000e+00 5.3959540880e-05
6.7563565079e-01 4.6305191568e+00 2.5677402253e+00 3.5534254634e+02 1.9184811373e+02 0.0000000000e+00 5.3989626548e-05
6.7568967058e-01 4.6276315235e+00 2.5729393218e+00 3.5509685658e+02 1.9183509684e+02 0.0000000000e+00 5.4023315973e-05
6.7574369742e-01 4.6258716891e+00 2.5781379088e+00 3.5485106612e+02 1.9177524258e+02 0.0000000000e+00 5.4043868227e-05
6.7579775831e-01 4.6235927686e+00 2.5833364782e+00 3.5460532813e+02 1.9173689481e+02 0.0000000000e+00 5.4070505884e-05
6.7585183844e-01 4.6205705926e+00 2.5885410251e+00 3.5435981145e+02 1.9172946520e+02 0.0000000000e+00 5.4105871773e-05
6.7590597006e-01 4.6183922877e+00 2.5937571945e+00 3.5411474590e+02 1.9168723868e+02 0.0000000000e+00 5.4131391278e-05
6.7596010122e-01 4.6160674372e+00 2.5989898292e+00 3.5387034844e+02 1.9165141825e+02 0.0000000000e+00 5.4158654179e-05
6.7601428737e-01 4.6137593799e+00 2.6042328527e+00 3.5362640885e+02 1.9161511239e+02 0.0000000000e+00 5.4185747329e-05
6.7606847271e-01 4.6113506727e+00 2.6094749717e+00 3.5338243214e+02 1.9158293157e+02 0.0000000000e+00 5.4214050881e-05
6.7612271547e-01 4.6085084867e+00 2.6147111222e+00 3.5313812450e+02 1.9156855494e+02 0.0000000000e+00 5.4247486084e-05
6.7617696768e-01 4.6065016692e+00 2.6199393266e+00 3.5289333309e+02 1.9151916054e+02 0.0000000000e+00 5.4271118943e-05
6.7623125770e-01 4.6038642118e+00 2.6251588935e+00 3.5264813621e+02 1.9149573054e+02 0.0000000000e+00 5.4302209731e-05
6.7628557210e-01 4.6013015573e+00 2.6303730640e+00 3.5240261735e+02 1.9146898598e+02 0.0000000000e+00 5.4332452869e-05
6.7633992261e-01 4.5992739536e+00 2.6355834971e+00 3.5215688018e+02 1.9141982177e+02 0.0000000000e+00 5.4356405494e-05
6.7639428492e-01 4.5969819530e+00 2.6407918375e+00 3.5191104161e+02 1.9138156578e+02 0.0000000000e+00 5.4383506953e-05
6.7644868962e-01 4.5944712161e+00 2.6460005631e+00 3.5166519943e+02 1.9135237924e+02 0.0000000000e+00 5.4413225862e-05
6.7650311137e-01 4.5919310196e+00 2.6512136144e+00 3.5141951100e+02 1.9132447194e+02 0.0000000000e+00 5.4443326551e-05
6.7655757628e-01 4.5894048886e+00 2.6564361607e+00 3.5117421511e+02 1.9129616128e+02 0.0000000000e+00 5.4473293612e-05
6.7661205795e-01 4.5871946508e+00 2.6616745121e+00 3.5092960382e+02 1.9125502106e+02 0.0000000000e+00 5.4499540358e-05
6.7666657536e-01 4.5849493690e+00 2.6669353598e+00 3.5068595805e+02 1.9121582913e+02 0.0000000000e+00 5.4526229165e-05
6.7672111041e-01 4.5823176326e+00 2.6722200987e+00 3.5044326429e+02 1.9119324127e+02 0.0000000000e+00 5.4557544903e-05
6.7677569045e-01 4.5802858636e+00 2.6775135534e+00 3.5020101939e+02 1.9114583118e+02 0.0000000000e+00 5.4581746084e-05
6.7683027390e-01 4.5777066164e+00 2.6828033661e+00 3.4995861243e+02 1.9112114524e+02 0.0000000000e+00 5.4612499435e-05
6.7688491545e-01 4.5752371614e+00 2.6880849631e+00 3.4971574080e+02 1.9109159179e+02 0.0000000000e+00 5.4641976182e-05
6.7693955786e-01 4.5728415109e+00 2.6933560628e+00 3.4947232512e+02 1.9105862530e+02 0.0000000000e+00 5.4670602382e-05
6.7699425665e-01 4.5699983557e+00 2.6986176548e+00 3.4922842084e+02 1.9104406263e+02 0.0000000000e+00 5.4704614869e-05
6.7704896709e-01 4.5682070095e+00 2.7038716812e+00 3.4898405467e+02 1.9098524539e+02 0.0000000000e+00 5.4726066372e-05
6.7710370878e-01 4.5659165180e+00 2.7091189196e+00 3.4873936910e+02 1.9094707915e+02 0.0000000000e+00 5.4753519696e-05
6.7715847413e-01 4.5630171320e+00 2.7143630715e+00 3.4849447356e+02 1.9093423468e+02 0.0000000000e+00 5.4788310622e-05
6.7721328541e-01 4.5607718652e+00 2.7196057907e+00 3.4824941951e+02 1.9089390448e+02 0.0000000000e+00 5.4815282893e-05
6.7726810469e-01 4.5582302731e+00 2.7248471928e+00 3.4800431078e+02 1.9086591173e+02 0.0000000000e+00 5.4845846967e-05
6.7732297710e-01 4.5560278123e+00 2.7300892033e+00 3.4775913940e+02 1.9082364822e+02 0.0000000000e+00 5.4872360377e-05
6.7737784941e-01 4.5540256213e+00 2.7353310511e+00 3.4751397826e+02 1.9077295955e+02 0.0000000000e+00 5.4896485174e-05
6.7743277007e-01 4.5508966271e+00 2.7405756344e+00 3.4726890880e+02 1.9076949954e+02 0.0000000000e+00 5.4934229556e-05
6.7748771787e-01 4.5480933676e+00 2.7458261380e+00 3.4702398492e+02 1.9075245211e+02 0.0000000000e+00 5.4968088778e-05
6.7754270625e-01 4.5469720071e+00 2.7510815892e+00 3.4677926794e+02 1.9066494549e+02 0.0000000000e+00 5.4981644842e-05
6.7759768116e-01 4.5440302688e+00 2.7563451768e+00 3.4653493882e+02 1.9065395603e+02 0.0000000000e+00 5.5017239149e-05
6.7765274073e-01 4.5406834606e+00 2.7616210742e+00 3.4629103509e+02 1.9066019361e+02 0.0000000000e+00 5.5057790786e-05
6.7770779674e-01 4.5391816321e+00 2.7669092764e+00 3.4604764799e+02 1.9058922733e+02 0.0000000000e+00 5.5076007144e-05
6.7776289274e-01 4.5375085115e+00 2.7722128170e+00 3.4580502697e+02 1.9052582827e+02 0.0000000000e+00 5.5096315383e-05
6.7781798937e-01 4.5345670880e+00 2.7775392552e+00 3.4556338537e+02 1.9051619408e+02 0.0000000000e+00 5.5132054538e-05
6.7787315685e-01 4.5312212771e+00 2.7828919434e+00 3.4532272787e+02 1.9052409204e+02 0.0000000000e+00 5.5172763525e-05
6.7792833490e-01 4.5290477172e+00 2.7882579453e+00 3.4508265491e+02 1.9048300904e+02 0.0000000000e+00 5.5199241785e-05
6.7798355533e-01 4.5274973363e+00 2.7936210153e+00 3.4484248173e+02 1.9041561823e+02 0.0000000000e+00 5.5218144028e-05
6.7803877119e-01 4.5255123478e+00 2.7989742457e+00 3.4460181960e+02 1.9036619123e+02 0.0000000000e+00 5.5242363911e-05
6.7809404006e-01 4.5224330622e+00 2.8043156505e+00 3.4436055629e+02 1.9036243962e+02 0.0000000000e+00 5.5279977959e-05
6.7814933114e-01 4.5194488960e+00 2.8096460787e+00 3.4411866375e+02 1.9035432841e+02 0.0000000000e+00 5.5316479012e-05
6.7820467302e-01 4.5171368080e+00 2.8149659819e+00 3.4387619611e+02 1.9031756770e+02 0.0000000000e+00 5.5344792647e-05
6.7826002073e-01 4.5152379409e+00 2.8202767682e+00 3.4363324969e+02 1.9026309033e+02 0.0000000000e+00 5.5368067702e-05
6.7831540915e-01 4.5132032769e+00 2.8255806617e+00 3.4338994224e+02 1.9021409029e+02 0.0000000000e+00 5.5393029000e-05
6.7837080679e-01 4.5106165436e+00 2.8308806303e+00 3.4314640147e+02 1.9018819166e+02 0.0000000000e+00 5.5424795609e-05
6.7842625875e-01 4.5081420748e+00 2.8361791351e+00 3.4290271613e+02 1.9015744759e+02 0.0000000000e+00 5.5455217660e-05
6.7848171722e-01 4.5060140985e+00 2.8414769289e+00 3.4265894233e+02 1.9011200078e+02 0.0000000000e+00 5.5481406523e-05
6.7853722156e-01 4.5035688209e+00 2.8467746972e+00 3.4241514883e+02 1.9007989133e+02 0.0000000000e+00 5.5511530952e-05
6.7859274029e-01 4.5008662851e+00 2.8520752662e+00 3.4217141490e+02 1.9005864273e+02 0.0000000000e+00 5.5544862736e-05
6.7864831128e-01 4.4983738347e+00 2.8573814963e+00 3.4192786552e+02 1.9002859594e+02 0.0000000000e+00 5.5575638928e-05
6.7870389156e-01 4.4961055690e+00 2.8626956714e+00 3.4168463160e+02 1.8998921754e+02 0.0000000000e+00 5.5603676597e-05
6.7875951864e-01 4.4935852240e+00 2.8680209823e+00 3.4144183826e+02 1.8996070022e+02 0.0000000000e+00 5.5634863374e-05
6.7881516129e-01 4.4911466386e+00 2.8733589478e+00 3.4119951527e+02 1.8992895508e+02 0.0000000000e+00 5.5665071777e-05
6.7887084878e-01 4.4887646062e+00 2.8787064790e+00 3.4095753681e+02 1.8989497485e+02 0.0000000000e+00 5.5694611309e-05
6.7892655051e-01 4.4865618339e+00 2.8840555137e+00 3.4071561702e+02 1.8985340537e+02 0.0000000000e+00 5.5721955755e-05
6.7898229269e-01 4.4841757370e+00 2.8894022004e+00 3.4047352265e+02 1.8981945770e+02 0.0000000000e+00 5.5751606240e-05
6.7903805373e-01 4.4814441526e+00 2.8947449925e+00 3.4023118660e+02 1.8979997017e+02 0.0000000000e+00 5.5785588638e-05
6.7909386387e-01 4.4789269915e+00 2.9000841427e+00 3.3998860128e+02 1.8977123423e+02 0.0000000000e+00 5.5816940190e-05
6.7914968761e-01 4.4766797560e+00 2.9054199735e+00 3.3974580564e+02 1.8973090782e+02 0.0000000000e+00 5.5844959574e-05
6.7920555379e-01 4.4745180732e+00 2.9107533900e+00 3.3950285110e+02 1.8968682523e+02 0.0000000000e+00 5.5871938813e-05
6.7926143148e-01 4.4722139680e+00 2.9160855680e+00 3.3925979173e+02 1.8964868081e+02 0.0000000000e+00 5.5900724292e-05
6.7931735524e-01 4.4698510233e+00 2.9214176322e+00 3.3901666537e+02 1.8961295556e+02 0.0000000000e+00 5.5930275684e-05
6.7937329203e-01 4.4679261545e+00 2.9267497758e+00 3.3877349206e+02 1.8955857838e+02 0.0000000000e+00 5.5954371526e-05
6.7942926398e-01 4.4660278921e+00 2.9320816840e+00 3.3853031751e+02 1.8950302466e+02 0.0000000000e+00 5.5978154647e-05
6.7948524834e-01 4.4629860980e+00 2.9374175630e+00 3.3828726567e+02 1.8949603373e+02 0.0000000000e+00 5.6016307134e-05
6.7954129659e-01 4.4603286776e+00 2.9427608548e+00 3.3804443058e+02 1.8947282533e+02 0.0000000000e+00 5.6049681105e-05
6.7959734771e-01 4.4581608279e+00 2.9481135299e+00 3.3780196703e+02 1.8942899330e+02 0.0000000000e+00 5.6076936130e-05
6.7965345047e-01 4.4558043014e+00 2.9534786769e+00 3.3756002644e+02 1.8939343136e+02 0.0000000000e+00 5.6106593353e-05
6.7970956089e-01 4.4541550256e+00 2.9588581411e+00 3.3731870711e+02 1.8932811340e+02 0.0000000000e+00 5.6127368393e-05
6.7976570520e-01 4.4522285173e+00 2.9642555906e+00 3.3707819678e+02 1.8927498637e+02 0.0000000000e+00 5.6151655071e-05
6.7982186420e-01 4.4493842104e+00 2.9696765408e+00 3.3683862920e+02 1.8926137487e+02 0.0000000000e+00 5.6187550496e-05
6.7987808030e-01 4.4470041434e+00 2.9751183278e+00 3.3659983340e+02 1.8922842354e+02 0.0000000000e+00 5.6217622458e-05
6.7993429945e-01 4.4448836432e+00 2.9805657073e+00 3.3636136544e+02 1.8918457289e+02 0.0000000000e+00 5.6244441939e-05
6.7999056919e-01 4.4432489503e+00 2.9860087721e+00 3.3612266524e+02 1.8911986983e+02 0.0000000000e+00 5.6265134544e-05
6.8004682972e-01 4.4417808947e+00 2.9914423950e+00 3.3588349128e+02 1.8904775992e+02 0.0000000000e+00 5.6283730767e-05
6.8010313665e-01 4.4387486344e+00 2.9968655877e+00 3.3564384014e+02 1.8904192813e+02 0.0000000000e+00 5.6322180098e-05
6.8015947408e-01 4.4366136954e+00 3.0022799777e+00 3.3540365865e+02 1.8899755629e+02 0.0000000000e+00 5.6349282846e-05
6.8021583522e-01 4.4354509911e+00 3.0076837846e+00 3.3516296482e+02 1.8891143510e+02 0.0000000000e+00 5.6364054185e-05
6.8027220219e-01 4.4328470885e+00 3.0130784544e+00 3.3492188144e+02 1.8888643955e+02 0.0000000000e+00 5.6397163044e-05
6.8032862954e-01 4.4306198474e+00 3.0184675574e+00 3.3468043874e+02 1.8884515614e+02 0.0000000000e+00 5.6425513497e-05
6.8038505321e-01 4.4294065856e+00 3.0238508706e+00 3.3443868368e+02 1.8876043394e+02 0.0000000000e+00 5.6440969049e-05
6.8044151148e-01 4.4274237090e+00 3.0292292765e+00 3.3419672698e+02 1.8870834877e+02 0.0000000000e+00 5.6466246836e-05
6.8049798571e-01 4.4252475773e+00 3.0346054665e+00 3.3395462744e+02 1.8866437505e+02 0.0000000000e+00 5.6494014320e-05
6.8055449951e-01 4.4236478026e+00 3.0399801968e+00 3.3371241047e+02 1.8859571634e+02 0.0000000000e+00 5.6514444901e-05
6.8061101460e-01 4.4216064849e+00 3.0453537250e+00 3.3347016114e+02 1.8854581603e+02 0.0000000000e+00 5.6540535856e-05
6.8066758058e-01 4.4199227418e+00 3.0507279964e+00 3.3322789286e+02 1.8848060946e+02 0.0000000000e+00 5.6562074634e-05
6.8072413875e-01 4.4188159851e+00 3.0561031812e+00 3.3298568379e+02 1.8839078438e+02 0.0000000000e+00 5.6576241429e-05
6.8078073306e-01 4.4164373722e+00 3.0614831588e+00 3.3274368893e+02 1.8835526290e+02 0.0000000000e+00 5.6606712364e-05
6.8083735217e-01 4.4145356949e+00 3.0668714808e+00 3.3250199610e+02 1.8829952858e+02 0.0000000000e+00 5.6631097193e-05
6.8089399526e-01 4.4138863696e+00 3.0722702480e+00 3.3226080649e+02 1.8819062085e+02 0.0000000000e+00 5.6639428175e-05
6.8095063103e-01 4.4123358573e+00 3.0776877197e+00 3.3202045944e+02 1.8812057274e+02 0.0000000000e+00 5.6659331494e-05
6.8100731392e-01 4.4106531162e+00 3.0831296502e+00 3.3178106647e+02 1.8805665381e+02 0.0000000000e+00 5.6680948017e-05
6.8106399292e-01 4.4091339244e+00 3.0885875288e+00 3.3154235842e+02 1.8798610118e+02 0.0000000000e+00 5.6700477755e-05
6.8112071488e-01 4.4078390501e+00 3.0940443075e+00 3.3130368379e+02 1.8790595574e+02 0.0000000000e+00 5.6717134442e-05
6.8117742719e-01 4.4065855489e+00 3.0994931720e+00 3.3106463007e+02 1.8782378465e+02 0.0000000000e+00 5.6733268247e-05
6.8123418141e-01 4.4051937783e+00 3.1049311400e+00 3.3082507533e+02 1.8774717526e+02 0.0000000000e+00 5.6751192475e-05
6.8129092958e-01 4.4036456123e+00 3.1103585755e+00 3.3058504056e+02 1.8767691004e+02 0.0000000000e+00 5.6771144186e-05
6.8134772370e-01 4.4023881207e+00 3.1157772672e+00 3.3034460097e+02 1.8759397849e+02 0.0000000000e+00 5.6787360211e-05
6.8140450430e-01 4.4012922462e+00 3.1211892089e+00 3.3010387105e+02 1.8750394917e+02 0.0000000000e+00 5.6801499654e-05
6.8146132670e-01 4.4001594710e+00 3.1265968342e+00 3.2986295582e+02 1.8741534142e+02 0.0000000000e+00 5.6816122608e-05
6.8151813654e-01 4.3987662478e+00 3.1320021485e+00 3.2962196231e+02 1.8733773503e+02 0.0000000000e+00 5.6834118004e-05
6.8157499494e-01 4.3975286532e+00 3.1374069243e+00 3.2938095957e+02 1.8725344707e+02 0.0000000000e+00 5.6850112806e-05
6.8163183677e-01 4.3964404519e+00 3.1428135529e+00 3.2914006220e+02 1.8716281148e+02 0.0000000000e+00 5.6864184272e-05
6.8168872330e-01 4.3955179138e+00 3.1482256452e+00 3.2889942675e+02 1.8706522940e+02 0.0000000000e+00 5.6876119015e-05
6.8174558901e-01 4.3945397610e+00 3.1536478209e+00 3.2865924057e+02 1.8697022808e+02 0.0000000000e+00 5.6888778711e-05
6.8180250086e-01 4.3931573683e+00 3.1590847075e+00 3.2841964814e+02 1.8689271782e+02 0.0000000000e+00 5.6906679876e-05
6.8185940237e-01 4.3922925290e+00 3.1645340717e+00 3.2818055121e+02 1.8679342794e+02 0.0000000000e+00 5.6917884761e-05
6.8191633663e-01 4.3912644370e+00 3.1699865727e+00 3.2794168102e+02 1.8670116872e+02 0.0000000000e+00 5.6931210494e-05
6.8197326479e-01 4.3907324328e+00 3.1754364762e+00 3.2770270388e+02 1.8658772135e+02 0.0000000000e+00 5.6938108579e-05
6.8203021285e-01 4.3898208876e+00 3.1808815267e+00 3.2746356972e+02 1.8649027951e+02 0.0000000000e+00 5.6949931763e-05
6.8208716465e-01 4.3888686462e+00 3.1863226890e+00 3.2722426878e+02 1.8639443052e+02 0.0000000000e+00 5.6962288041e-05
6.8214413742e-01 4.3879946345e+00 3.1917603322e+00 3.2698483919e+02 1.8629514529e+02 0.0000000000e+00 5.6973633931e-05
6.8220111192e-01 4.3869617242e+00 3.1971955646e+00 3.2674533636e+02 1.8620252290e+02 0.0000000000e+00 5.6987048376e-05
6.8225811152e-01 4.3861614849e+00 3.2026296043e+00 3.2650578028e+02 1.8609995403e+02 0.0000000000e+00 5.6997445457e-05
6.8231510681e-01 4.3852818049e+00 3.2080627960e+00 3.2626622299e+02 1.8600071643e+02 0.0000000000e+00 5.7008879046e-05
6.8237212928e-01 4.3844062281e+00 3.2134965238e+00 3.2602669134e+02 1.8590127966e+02 0.0000000000e+00 5.7020263861e-05
6.8242914734e-01 4.3840100324e+00 3.2189306053e+00 3.2578720056e+02 1.8578150948e+02 0.0000000000e+00 5.7025416948e-05
6.8248618011e-01 4.3833795543e+00 3.2243655740e+00 3.2554779600e+02 1.8567169006e+02 0.0000000000e+00 5.7033619130e-05
6.8254321457e-01 4.3822961342e+00 3.2298021728e+00 3.2530848358e+02 1.8558107076e+02 0.0000000000e+00 5.7047719357e-05
6.8260027555e-01 4.3812051846e+00 3.2352409433e+00 3.2506925820e+02 1.8549077508e+02 0.0000000000e+00 5.7061924623e-05
6.8265733842e-01 4.3807076665e+00 3.2406806590e+00 3.2483010113e+02 1.8537535819e+02 0.0000000000e+00 5.7068405160e-05
6.8271441236e-01 4.3799558261e+00 3.2461214904e+00 3.2459103816e+02 1.8527072592e+02 0.0000000000e+00 5.7078201225e-05
6.8277149483e-01 4.3795768220e+00 3.2515633794e+00 3.2435204986e+02 1.8515033703e+02 0.0000000000e+00 5.7083140715e-05
6.8282857864e-01 4.3793523556e+00 3.2570059359e+00 3.2411316100e+02 1.8502345477e+02 0.0000000000e+00 5.7086066546e-05
6.8288566696e-01 4.3782330987e+00 3.2624512711e+00 3.2387442637e+02 1.8493443535e+02 0.0000000000e+00 5.7100660098e-05
6.8294277996e-01 4.3771620643e+00 3.2679005456e+00 3.2363583140e+02 1.8484341375e+02 0.0000000000e+00 5.7114631884e-05
6.8299989622e-01 4.3766489754e+00 3.2733522119e+00 3.2339735237e+02 1.8472886116e+02 0.0000000000e+00 5.7121327619e-05
6.8305702262e-01 4.3762771946e+00 3.2788033714e+00 3.2315891102e+02 1.8460834212e+02 0.0000000000e+00 5.7126180286e-05
6.8311414858e-01 4.3761925448e+00 3.2842528986e+00 3.2292043153e+02 1.8447567619e+02 0.0000000000e+00 5.7127285293e-05
6.8317127719e-01 4.3753869952e+00 3.2897003652e+00 3.2268193519e+02 1.8437336831e+02 0.0000000000e+00 5.7137802959e-05
6.8322842419e-01 4.3741611546e+00 3.2951470899e+00 3.2244342255e+02 1.8428871911e+02 0.0000000000e+00 5.7153815592e-05
6.8328558482e-01 4.3734488863e+00 3.3005932726e+00 3.2220491178e+02 1.8418239252e+02 0.0000000000e+00 5.7163123773e-05
6.8334275044e-01 4.3732935339e+00 3.3060382872e+00 3.2196637062e+02 1.8405257280e+02 0.0000000000e+00 5.7165154377e-05
6.8339991513e-01 4.3727420963e+00 3.3114823431e+00 3.2172785411e+02 1.8393941778e+02 0.0000000000e+00 5.7172363358e-05
6.8345709516e-01 4.3720210452e+00 3.3169267718e+00 3.2148937314e+02 1.8383338610e+02 0.0000000000e+00 5.7181792451e-05
6.8351427871e-01 4.3715811270e+00 3.3223713969e+00 3.2125093846e+02 1.8371553057e+02 0.0000000000e+00 5.7187546733e-05
6.8357147026e-01 4.3710976942e+00 3.3278174637e+00 3.2101261009e+02 1.8359953983e+02 0.0000000000e+00 5.7193871538e-05
6.8362866646e-01 4.3709448890e+00 3.3332661800e+00 3.2077441800e+02 1.8346972231e+02 0.0000000000e+00 5.7195870995e-05
6.8368586200e-01 4.3705349089e+00 3.3387158765e+00 3.2053632964e+02 1.8335074328e+02 0.0000000000e+00 5.7201236281e-05
6.8374306893e-01 4.3692456632e+00 3.3441653214e+00 3.2029827993e+02 1.8326863755e+02 0.0000000000e+00 5.7218114812e-05
6.8380029823e-01 4.3686151212e+00 3.3496140736e+00 3.2006018766e+02 1.8315883797e+02 0.0000000000e+00 5.7226373362e-05
6.8385752168e-01 4.3682751011e+00 3.3550604677e+00 3.1982204758e+02 1.8303680525e+02 0.0000000000e+00 5.7230827779e-05
6.8391475988e-01 4.3678874789e+00 3.3605047318e+00 3.1958385772e+02 1.8291671847e+02 0.0000000000e+00 5.7235906651e-05
6.8397199349e-01 4.3674756183e+00 3.3659472505e+00 3.1934560868e+02 1.8279759099e+02 0.0000000000e+00 5.7241304097e-05
6.8402924249e-01 4.3667094603e+00 3.3713888656e+00 3.1910736816e+02 1.8269326770e+02 0.0000000000e+00 5.7251347330e-05
6.8408649619e-01 4.3661785071e+00 3.3768303980e+00 3.1886913808e+02 1.8257907777e+02 0.0000000000e+00 5.7258309433e-05
6.8414375911e-01 4.3657054525e+00 3.3822721114e+00 3.1863095597e+02 1.8246246765e+02 0.0000000000e+00 5.7264513769e-05
6.8420102521e-01 4.3653909684e+00 3.3877141528e+00 3.1839284640e+02 1.8233925019e+02 0.0000000000e+00 5.7268639123e-05
6.8425829639e-01 4.3649844232e+00 3.3931571528e+00 3.1815486727e+02 1.8221993278e+02 0.0000000000e+00 5.7273973000e-05
6.8431557316e-01 4.3641507820e+00 3.3986044170e+00 3.1791713250e+02 1.8211855432e+02 0.0000000000e+00 5.7284913490e-05
6.8437286622e-01 4.3636200515e+00 3.4040595478e+00 3.1767974675e+02 1.8200470194e+02 0.0000000000e+00 5.7291880835e-05
6.8443015692e-01 4.3630792653e+00 3.4095234165e+00 3.1744273617e+02 1.8189145605e+02 0.0000000000e+00 5.7298981934e-05
6.8448746418e-01 4.3625301560e+00 3.4149895585e+00 3.1720589575e+02 1.8177862640e+02 0.0000000000e+00 5.7306194126e-05
6.8454476931e-01 4.3619516237e+00 3.4204533189e+00 3.1696899159e+02 1.8166695721e+02 0.0000000000e+00 5.7313794734e-05
6.8460209177e-01 4.3615461387e+00 3.4259129598e+00 3.1673193532e+02 1.8154796788e+02 0.0000000000e+00 5.7319123093e-05
6.8465940755e-01 4.3614678642e+00 3.4313675589e+00 3.1649467688e+02 1.8141522919e+02 0.0000000000e+00 5.7320151789e-05
6.8471673207e-01 4.3607153796e+00 3.4368170676e+00 3.1625726526e+02 1.8131042600e+02 0.0000000000e+00 5.7330042948e-05
6.8477406764e-01 4.3605368234e+00 3.4422628854e+00 3.1601968911e+02 1.8118164225e+02 0.0000000000e+00 5.7332390511e-05
6.8483139685e-01 4.3599882052e+00 3.4477048113e+00 3.1578202021e+02 1.8106816197e+02 0.0000000000e+00 5.7339604658e-05
6.8488874685e-01 4.3590510097e+00 3.4531450863e+00 3.1554430978e+02 1.8097076008e+02 0.0000000000e+00 5.7351932667e-05
6.8494610072e-01 4.3582630438e+00 3.4585844323e+00 3.1530658994e+02 1.8086711769e+02 0.0000000000e+00 5.7362301790e-05
6.8500347145e-01 4.3578424675e+00 3.4640239528e+00 3.1506891678e+02 1.8074822526e+02 0.0000000000e+00 5.7367837838e-05
6.8506083640e-01 4.3582481514e+00 3.4694623024e+00 3.1483127025e+02 1.8059508047e+02 0.0000000000e+00 5.7362497801e-05
6.8511819645e-01 4.3574962804e+00 3.4749017501e+00 3.1459374833e+02 1.8048996952e+02 0.0000000000e+00 5.7372395502e-05
6.8517558119e-01 4.3564834516e+00 3.4803441254e+00 3.1435633991e+02 1.8039569265e+02 0.0000000000e+00 5.7385733879e-05
6.8523296792e-01 4.3558074554e+00 3.4857897626e+00 3.1411908146e+02 1.8028751539e+02 0.0000000000e+00 5.7394639814e-05
6.8529037047e-01 4.3554211443e+00 3.4912396933e+00 3.1388203375e+02 1.8016744153e+02 0.0000000000e+00 5.7399730524e-05
6.8534776738e-01 4.3558673074e+00 3.4966925368e+00 3.1364519677e+02 1.8001305746e+02 0.0000000000e+00 5.7393851180e-05
6.8540515817e-01 4.3546310223e+00 3.5021495084e+00 3.1340861915e+02 1.7992834384e+02 0.0000000000e+00 5.7410145365e-05
6.8546258767e-01 4.3535601359e+00 3.5076119054e+00 3.1317221134e+02 1.7983684707e+02 0.0000000000e+00 5.7424267082e-05
6.8552000670e-01 4.3541126780e+00 3.5130735717e+00 3.1293583527e+02 1.7967830555e+02 0.0000000000e+00 5.7416979874e-05
6.8557742163e-01 4.3529340409e+00 3.5185350382e+00 3.1269958261e+02 1.7959127089e+02 0.0000000000e+00 5.7432526579e-05
6.8563487176e-01 4.3524305129e+00 3.5239977160e+00 3.1246336555e+02 1.7947636649e+02 0.0000000000e+00 5.7439170886e-05
6.8569229997e-01 4.3529875009e+00 3.5294583648e+00 3.1222710830e+02 1.7931771469e+02 0.0000000000e+00 5.7431821237e-05
6.8574973540e-01 4.3513690881e+00 3.5349201066e+00 3.1199098458e+02 1.7924874807e+02 0.0000000000e+00 5.7453181961e-05
6.8580720633e-01 4.3506554431e+00 3.5403840163e+00 3.1175490774e+02 1.7914249462e+02 0.0000000000e+00 5.7462606099e-05
6.8586466061e-01 4.3511590424e+00 3.5458476776e+00 3.1151891956e+02 1.7898617157e+02 0.0000000000e+00 5.7455955428e-05
6.8592211825e-01 4.3501829965e+00 3.5513147430e+00 3.1128315960e+02 1.7889084198e+02 0.0000000000e+00 5.7468846759e-05
6.8597959830e-01 4.3495243058e+00 3.5567894202e+00 3.1104767666e+02 1.7878258333e+02 0.0000000000e+00 5.7477549825e-05
6.8603707334e-01 4.3493936087e+00 3.5622719634e+00 3.1081253139e+02 1.7865279586e+02 0.0000000000e+00 5.7479276996e-05
6.8609455686e-01 4.3485401725e+00 3.5677562531e+00 3.1057756522e+02 1.7855277455e+02 0.0000000000e+00 5.7490557770e-05
6.8615205446e-01 4.3476000079e+00 3.5732380406e+00 3.1034252486e+02 1.7845623120e+02 0.0000000000e+00 5.7502990051e-05
6.8620956284e-01 4.3477907465e+00 3.5787140434e+00 3.1010725231e+02 1.7831311946e+02 0.0000000000e+00 5.7500467381e-05
6.8626705539e-01 4.3477956071e+00 3.5841811816e+00 3.0987168798e+02 1.7817746968e+02 0.0000000000e+00 5.7500403099e-05
6.8632456364e-01 4.3464354697e+00 3.5896402955e+00 3.0963584135e+02 1.7809757186e+02 0.0000000000e+00 5.7518396797e-05
6.8638209219e-01 4.3455330548e+00 3.5950931913e+00 3.0939968544e+02 1.7799869518e+02 0.0000000000e+00 5.7530341353e-05
6.8643962433e-01 4.3455537467e+00 3.6005392418e+00 3.0916325331e+02 1.7786182805e+02 0.0000000000e+00 5.7530067415e-05
6.8649715232e-01 4.3457004139e+00 3.6059789043e+00 3.0892659673e+02 1.7771968113e+02 0.0000000000e+00 5.7528125777e-05
6.8655468058e-01 4.3447048307e+00 3.6114141054e+00 3.0868982588e+02 1.7762416430e+02 0.0000000000e+00 5.7541308269e-05
6.8661223494e-01 4.3434496587e+00 3.6168481605e+00 3.0845300032e+02 1.7753918231e+02 0.0000000000e+00 5.7557936582e-05
6.8666979645e-01 4.3429474494e+00 3.6222812000e+00 3.0821617247e+02 1.7742338358e+02 0.0000000000e+00 5.7564592459e-05
6.8672736412e-01 4.3430867915e+00 3.6277142230e+00 3.0797941403e+02 1.7728140653e+02 0.0000000000e+00 5.7562745577e-05
6.8678492194e-01 4.3431771878e+00 3.6331474976e+00 3.0774277533e+02 1.7714150380e+02 0.0000000000e+00 5.7561547501e-05
6.8684248722e-01 4.3418990804e+00 3.6385845169e+00 3.0750635149e+02 1.7705751895e+02 0.0000000000e+00 5.7578491663e-05
6.8690007893e-01 4.3408101371e+00 3.6440295353e+00 3.0727024467e+02 1.7696595507e+02 0.0000000000e+00 5.7592935905e-05
6.8695767309e-01 4.3405431958e+00 3.6494865005e+00 3.0703465851e+02 1.7684114906e+02 0.0000000000e+00 5.7596477843e-05
6.8701527188e-01 4.3400053163e+00 3.6549599273e+00 3.0679974965e+02 1.7672774991e+02 0.0000000000e+00 5.7603616074e-05
6.8707288032e-01 4.3402982391e+00 3.6604428041e+00 3.0656529718e+02 1.7658077872e+02 0.0000000000e+00 5.7599728458e-05
6.8713047134e-01 4.3400515417e+00 3.6659232695e+00 3.0633087865e+02 1.7645578383e+02 0.0000000000e+00 5.7603002544e-05
6.8718808633e-01 4.3384268057e+00 3.6713991514e+00 3.0609630802e+02 1.7638669599e+02 0.0000000000e+00 5.7624574805e-05
6.8724572049e-01 4.3376899633e+00 3.6768698792e+00 3.0586147300e+02 1.7628131309e+02 0.0000000000e+00 5.7634363478e-05
6.8730335506e-01 4.3375684085e+00 3.6823335903e+00 3.0562638812e+02 1.7615075967e+02 0.0000000000e+00 5.7635978607e-05
6.8736099245e-01 4.3372099204e+00 3.6877913724e+00 3.0539110113e+02 1.7602969808e+02 0.0000000000e+00 5.7640742456e-05
6.8741863654e-01 4.3364110472e+00 3.6932450291e+00 3.0515568160e+02 1.7592640451e+02 0.0000000000e+00 5.7651361294e-05
6.8747629517e-01 4.3356888812e+00 3.6986962967e+00 3.0492019858e+02 1.7581992558e+02 0.0000000000e+00 5.7660963886e-05
6.8753395847e-01 4.3354591075e+00 3.7041458370e+00 3.0468467772e+02 1.7569343302e+02 0.0000000000e+00 5.7664019842e-05
6.8759162321e-01 4.3351625709e+00 3.7095951438e+00 3.0444920955e+02 1.7556966121e+02 0.0000000000e+00 5.7667964214e-05
6.8764929440e-01 4.3351447424e+00 3.7150445569e+00 3.0421381091e+02 1.7543463309e+02 0.0000000000e+00 5.7668201376e-05
6.8770695961e-01 4.3343689728e+00 3.7204954344e+00 3.0397853840e+02 1.7533033084e+02 0.0000000000e+00 5.7678522887e-05
6.8776465144e-01 4.3329336300e+00 3.7259504932e+00 3.0374342232e+02 1.7525275498e+02 0.0000000000e+00 5.7697629677e-05
6.8782235487e-01 4.3323661214e+00 3.7314096491e+00 3.0350846528e+02 1.7514012942e+02 0.0000000000e+00 5.7705187650e-05
6.8788006182e-01 4.3320915766e+00 3.7368728818e+00 3.0327373578e+02 1.7501576918e+02 0.0000000000e+00 5.7708844696e-05
6.8793777256e-01 4.3317104329e+00 3.7423408946e+00 3.0303926768e+02 1.7489584795e+02 0.0000000000e+00 5.7713922450e-05
6.8799548966e-01 4.3309366659e+00 3.7478150169e+00 3.0280507851e+02 1.7479191100e+02 0.0000000000e+00 5.7724233644e-05
6.8805322103e-01 4.3306633344e+00 3.7532926519e+00 3.0257107682e+02 1.7466785886e+02 0.0000000000e+00 5.7727876932e-05
6.8811094542e-01 4.3304875901e+00 3.7587688633e+00 3.0233709663e+02 1.7453987013e+02 0.0000000000e+00 5.7730219704e-05
6.8816868147e-01 4.3293003859e+00 3.7642430880e+00 3.0210309619e+02 1.7445260739e+02 0.0000000000e+00 5.7746050796e-05
6.8822643752e-01 4.3286893575e+00 3.7697159376e+00 3.0186900571e+02 1.7434203565e+02 0.0000000000e+00 5.7754202105e-05
6.8828418987e-01 4.3286221053e+00 3.7751857035e+00 3.0163481862e+02 1.7420948935e+02 0.0000000000e+00 5.7755099411e-05
6.8834194772e-01 4.3282957556e+00 3.7806522634e+00 3.0140054007e+02 1.7408730658e+02 0.0000000000e+00 5.7759454094e-05
6.8839970878e-01 4.3269370100e+00 3.7861163684e+00 3.0116624021e+02 1.7400660069e+02 0.0000000000e+00 5.7777591729e-05
6.8845750290e-01 4.3263307450e+00 3.7915797584e+00 3.0093193187e+02 1.7389558820e+02 0.0000000000e+00 5.7785688320e-05
6.8851528016e-01 4.3268706764e+00 3.7970408262e+00 3.0069752703e+02 1.7373845298e+02 0.0000000000e+00 5.7778477495e-05
6.8857305986e-01 4.3257406017e+00 3.8025015830e+00 3.0046322118e+02 1.7364842743e+02 0.0000000000e+00 5.7793571788e-05
6.8863086730e-01 4.3246751714e+00 3.8079641011e+00 3.0022896310e+02 1.7355578812e+02 0.0000000000e+00 5.7807809857e-05
6.8868867548e-01 4.3239619582e+00 3.8134288542e+00 2.9999481002e+02 1.7344903408e+02 0.0000000000e+00 5.7817344930e-05
6.8874650199e-01 4.3237288565e+00 3.8188961189e+00 2.9976078863e+02 1.7332307285e+02 0.0000000000e+00 5.7820461990e-05
6.8880431640e-01 4.3238143747e+00 3.8243623169e+00 2.9952679297e+02 1.7318435010e+02 0.0000000000e+00 5.7819318392e-05
6.8886214063e-01 4.3227473004e+00 3.8298274094e+00 2.9929283102e+02 1.7309179222e+02 0.0000000000e+00 5.7833591147e-05
6.8891998358e-01 4.3220391808e+00 3.8352920921e+00 2.9905883142e+02 1.7298479891e+02 0.0000000000e+00 5.7843066558e-05
6.8897782676e-01 4.3215399892e+00 3.8407552019e+00 2.9882482973e+02 1.7286941141e+02 0.0000000000e+00 5.7849748150e-05
6.8903568308e-01 4.3214607422e+00 3.8462171927e+00 2.9859079950e+02 1.7273719312e+02 0.0000000000e+00 5.7850809001e-05
6.8909352838e-01 4.3208539048e+00 3.8516774575e+00 2.9835677617e+02 1.7262604959e+02 0.0000000000e+00 5.7858933791e-05
6.8915140095e-01 4.3195424411e+00 3.8571387917e+00 2.9812280876e+02 1.7254304873e+02 0.0000000000e+00 5.7876500441e-05
6.8920928138e-01 4.3190738476e+00 3.8626004822e+00 2.9788888930e+02 1.7242636953e+02 0.0000000000e+00 5.7882779693e-05
6.8926716650e-01 4.3185419792e+00 3.8680645362e+00 2.9765513403e+02 1.7231228471e+02 0.0000000000e+00 5.7889908493e-05
6.8932506119e-01 4.3183503475e+00 3.8735345115e+00 2.9742164461e+02 1.7218475846e+02 0.0000000000e+00 5.7892477424e-05
6.8938295146e-01 4.3178130114e+00 3.8790120772e+00 2.9718849034e+02 1.7207119064e+02 0.0000000000e+00 5.7899681932e-05
6.8944086056e-01 4.3166982491e+00 3.8844931383e+00 2.9695553530e+02 1.7198071197e+02 0.0000000000e+00 5.7914634188e-05
6.8949878073e-01 4.3163547415e+00 3.8899725804e+00 2.9672252420e+02 1.7185944041e+02 0.0000000000e+00 5.7919243197e-05
6.8955669904e-01 4.3160548875e+00 3.8954473831e+00 2.9648937622e+02 1.7173633326e+02 0.0000000000e+00 5.7923267085e-05
6.8961462726e-01 4.3152787009e+00 3.9009175303e+00 2.9625607490e+02 1.7163206332e+02 0.0000000000e+00 5.7933685707e-05
6.8967256642e-01 4.3144569032e+00 3.9063837394e+00 2.9602263620e+02 1.7152948960e+02 0.0000000000e+00 5.7944720647e-05
6.8973051670e-01 4.3139421568e+00 3.9118467122e+00 2.9578910111e+02 1.7141461936e+02 0.0000000000e+00 5.7951634702e-05
6.8978846969e-01 4.3136122573e+00 3.9173071785e+00 2.9555549722e+02 1.7129234131e+02 0.0000000000e+00 5.7956066769e-05
6.8984642884e-01 4.3129228600e+00 3.9227667549e+00 2.9532192032e+02 1.7118432784e+02 0.0000000000e+00 5.7965330732e-05
6.8990440035e-01 4.3124219542e+00 3.9282264190e+00 2.9508839167e+02 1.7106883023e+02 0.0000000000e+00 5.7972063647e-05
6.8996237296e-01 4.3118057243e+00 3.9336873573e+00 2.9485499621e+02 1.7095795535e+02 0.0000000000e+00 5.7980348834e-05
6.9002036104e-01 4.3106995778e+00 3.9391556182e+00 2.9462193652e+02 1.7086666051e+02 0.0000000000e+00 5.7995226874e-05
6.9007836342e-01 4.3101578272e+00 3.9446387158e+00 2.9438945184e+02 1.7075329004e+02 0.0000000000e+00 5.8002516387e-05
6.9013636608e-01 4.3099365171e+00 3.9501382272e+00 2.9415761590e+02 1.7062758043e+02 0.0000000000e+00 5.8005494746e-05
6.9019437441e-01 4.3095285928e+00 3.9556410887e+00 2.9392606425e+02 1.7050940603e+02 0.0000000000e+00 5.8010985335e-05
6.9025238805e-01 4.3088220084e+00 3.9611387038e+00 2.9369433506e+02 1.7040291667e+02 0.0000000000e+00 5.8020498296e-05
6.9031041540e-01 4.3078602153e+00 3.9666272684e+00 2.9346225427e+02 1.7030627713e+02 0.0000000000e+00 5.8033452225e-05
6.9036845495e-01 4.3073391294e+00 3.9721051781e+00 2.9322973674e+02 1.7019192588e+02 0.0000000000e+00 5.8040472897e-05
6.9042649635e-01 4.3069973203e+00 3.9775719503e+00 2.9299680142e+02 1.7007022505e+02 0.0000000000e+00 5.8045079067e-05
6.9048454511e-01 4.3064787853e+00 3.9830293281e+00 2.9276351604e+02 1.6995527590e+02 0.0000000000e+00 5.8052068166e-05
6.9054260049e-01 4.3056192507e+00 3.9884798214e+00 2.9252998228e+02 1.6985360598e+02 0.0000000000e+00 5.8063657153e-05
6.9060067243e-01 4.3046453279e+00 3.9939260913e+00 2.9229631224e+02 1.6975632717e+02 0.0000000000e+00 5.8076794012e-05
6.9065875407e-01 4.3041040729e+00 3.9993700128e+00 2.9206256801e+02 1.6964190634e+02 0.0000000000e+00 5.8084097356e-05
6.9071684062e-01 4.3037382498e+00 4.0048132556e+00 2.9182885989e+02 1.6952056733e+02 0.0000000000e+00 5.8089034576e-05
6.9077493214e-01 4.3035804380e+00 4.0102576269e+00 2.9159526388e+02 1.6939108498e+02 0.0000000000e+00 5.8091164695e-05
6.9083302295e-01 4.3027691897e+00 4.0157057775e+00 2.9136189328e+02 1.6928742888e+02 0.0000000000e+00 5.8102117260e-05
6.9089113638e-01 4.3013603743e+00 4.0211621110e+00 2.9112886969e+02 1.6920743925e+02 0.0000000000e+00 5.8121147322e-05
6.9094926524e-01 4.3010057191e+00 4.0266294115e+00 2.9089633501e+02 1.6908622890e+02 0.0000000000e+00 5.8125939915e-05
6.9100738826e-01 4.3007824728e+00 4.0321146910e+00 2.9066461971e+02 1.6896031219e+02 0.0000000000e+00 5.8128957133e-05
6.9106552316e-01 4.3001910215e+00 4.0376283671e+00 2.9043404268e+02 1.6884950066e+02 0.0000000000e+00 5.8136952230e-05
6.9112366216e-01 4.2994179759e+00 4.0431710102e+00 2.9020455639e+02 1.6874641987e+02 0.0000000000e+00 5.8147405394e-05
6.9118181797e-01 4.2986170878e+00 4.0487216466e+00 2.8997555673e+02 1.6864467735e+02 0.0000000000e+00 5.8158239008e-05
6.9123997864e-01 4.2980577434e+00 4.0542655250e+00 2.8974630590e+02 1.6853327899e+02 0.0000000000e+00 5.8165807657e-05
6.9129814958e-01 4.2975748749e+00 4.0597960757e+00 2.8951653071e+02 1.6841854949e+02 0.0000000000e+00 5.8172343071e-05
6.9135632333e-01 4.2973333586e+00 4.0653110046e+00 2.8928612032e+02 1.6829397220e+02 0.0000000000e+00 5.8175612441e-05
6.9141450081e-01 4.2964838451e+00 4.0708104434e+00 2.8905511628e+02 1.6819283320e+02 0.0000000000e+00 5.8187115095e-05
6.9147269756e-01 4.2955344651e+00 4.0762971979e+00 2.8882358591e+02 1.6809525581e+02 0.0000000000e+00 5.8199975354e-05
6.9153090076e-01 4.2949167560e+00 4.0817733405e+00 2.8859162894e+02 1.6798441351e+02 0.0000000000e+00 5.8208345867e-05
6.9158911425e-01 4.2943881767e+00 4.0872412871e+00 2.8835936441e+02 1.6786987607e+02 0.0000000000e+00 5.8215510501e-05
6.9164733178e-01 4.2939190513e+00 4.0927036255e+00 2.8812689639e+02 1.6775286920e+02 0.0000000000e+00 5.8221870747e-05
6.9170555799e-01 4.2931401154e+00 4.0981626810e+00 2.8789432067e+02 1.6764787133e+02 0.0000000000e+00 5.8232434367e-05
6.9176379665e-01 4.2922280216e+00 4.1036206610e+00 2.8766172952e+02 1.6754802405e+02 0.0000000000e+00 5.8244808696e-05
6.9182204761e-01 4.2919881431e+00 4.1090781966e+00 2.8742915256e+02 1.6742191671e+02 0.0000000000e+00 5.8248063990e-05
6.9188029278e-01 4.2912620854e+00 4.1145366253e+00 2.8719667385e+02 1.6731480630e+02 0.0000000000e+00 5.8257919238e-05
6.9193856345e-01 4.2903247121e+00 4.1199987034e+00 2.8696434333e+02 1.6721598165e+02 0.0000000000e+00 5.8270647743e-05
6.9199683407e-01 4.2901275027e+00 4.1254649997e+00 2.8673221389e+02 1.6708839872e+02 0.0000000000e+00 5.8273326339e-05
6.9205511010e-01 4.2890322142e+00 4.1309382820e+00 2.8650041336e+02 1.6699595564e+02 0.0000000000e+00 5.8288207575e-05
6.9211341049e-01 4.2880598316e+00 4.1364211474e+00 2.8626897531e+02 1.6689889283e+02 0.0000000000e+00 5.8301425311e-05
6.9217171295e-01 4.2882130462e+00 4.1419125757e+00 2.8603792191e+02 1.6675822705e+02 0.0000000000e+00 5.8299342245e-05
6.9223000917e-01 4.2878183943e+00 4.1474121947e+00 2.8580729243e+02 1.6663910767e+02 0.0000000000e+00 5.8304708131e-05
6.9228832237e-01 4.2866084849e+00 4.1529212916e+00 2.8557705956e+02 1.6655186761e+02 0.0000000000e+00 5.8321164827e-05
6.9234665150e-01 4.2857560493e+00 4.1584388730e+00 2.8534715903e+02 1.6645088740e+02 0.0000000000e+00 5.8332764890e-05
6.9240498790e-01 4.2847960412e+00 4.1639623782e+00 2.8511751869e+02 1.6635419513e+02 0.0000000000e+00 5.8345834339e-05
6.9246334317e-01 4.2841392179e+00 4.1694863646e+00 2.8488795637e+02 1.6624573916e+02 0.0000000000e+00 5.8354779638e-05
6.9252169745e-01 4.2842269852e+00 4.1750076207e+00 2.8465830407e+02 1.6610832307e+02 0.0000000000e+00 5.8353584173e-05
6.9258005034e-01 4.2834598116e+00 4.1805241951e+00 2.8442854796e+02 1.6600397837e+02 0.0000000000e+00 5.8364035382e-05
6.9263842553e-01 4.2825639312e+00 4.1860364553e+00 2.8419862376e+02 1.6590448405e+02 0.0000000000e+00 5.8376244702e-05
6.9269680283e-01 4.2820538805e+00 4.1915426758e+00 2.8396848079e+02 1.6578988069e+02 0.0000000000e+00 5.8383198105e-05
6.9275519192e-01 4.2815858441e+00 4.1970417427e+00 2.8373808592e+02 1.6567347722e+02 0.0000000000e+00 5.8389580194e-05
6.9281358199e-01 4.2810044182e+00 4.2025332885e+00 2.8350741867e+02 1.6556127428e+02 0.0000000000e+00 5.8397510392e-05
6.9287198694e-01 4.2800073752e+00 4.2080175679e+00 2.8327650066e+02 1.6546496058e+02 0.0000000000e+00 5.8411114300e-05
6.9293040422e-01 4.2793294255e+00 4.2134955482e+00 2.8304533654e+02 1.6535612732e+02 0.0000000000e+00 5.8420368040e-05
6.9298882768e-01 4.2786904863e+00 4.2189674732e+00 2.8281398139e+02 1.6524564133e+02 0.0000000000e+00 5.8429091985e-05
6.9304726240e-01 4.2781833981e+00 4.2244347670e+00 2.8258247954e+02 1.6512994725e+02 0.0000000000e+00 5.8436017519e-05
6.9310569971e-01 4.2775004629e+00 4.2298985859e+00 2.8235087836e+02 1.6502095137e+02 0.0000000000e+00 5.8445347269e-05
6.9316415310e-01 4.2763831594e+00 4.2353606542e+00 2.8211926979e+02 1.6492866710e+02 0.0000000000e+00 5.8460617462e-05
6.9322262095e-01 4.2754562582e+00 4.2408224448e+00 2.8188768227e+02 1.6482900610e+02 0.0000000000e+00 5.8473291481e-05
6.9328109968e-01 4.2745950421e+00 4.2462852387e+00 2.8165618034e+02 1.6472682065e+02 0.0000000000e+00 5.8485072279e-05
6.9333959109e-01 4.2744827021e+00 4.2517500598e+00 2.8142482079e+02 1.6459583557e+02 0.0000000000e+00 5.8486609357e-05
6.9339807290e-01 4.2741375575e+00 4.2572190736e+00 2.8119372835e+02 1.6447395794e+02 0.0000000000e+00 5.8491332259e-05
6.9345657376e-01 4.2730226827e+00 4.2626963147e+00 2.8096301701e+02 1.6438188951e+02 0.0000000000e+00 5.8506593239e-05
6.9351508608e-01 4.2723642199e+00 4.2681839831e+00 2.8073278325e+02 1.6427250160e+02 0.0000000000e+00 5.8515610358e-05
6.9357360498e-01 4.2717836814e+00 4.2736877821e+00 2.8050329692e+02 1.6416052277e+02 0.0000000000e+00 5.8523562672e-05
6.9363213321e-01 4.2713039740e+00 4.2792195296e+00 2.8027494983e+02 1.6404530767e+02 0.0000000000e+00 5.8530135415e-05
6.9369066525e-01 4.2705144929e+00 4.2847883873e+00 2.8004800062e+02 1.6394277615e+02 0.0000000000e+00 5.8540955759e-05
6.9374921512e-01 4.2694897965e+00 4.2903801318e+00 2.7982203582e+02 1.6384980944e+02 0.0000000000e+00 5.8555005848e-05
6.9380777526e-01 4.2688956901e+00 4.2959681872e+00 2.7959607274e+02 1.6374028147e+02 0.0000000000e+00 5.8563155005e-05
6.9386634143e-01 4.2682831431e+00 4.3015415829e+00 2.7936954524e+02 1.6363109936e+02 0.0000000000e+00 5.8571559481e-05
6.9392491838e-01 4.2676096143e+00 4.3070949881e+00 2.7914222181e+02 1.6352375629e+02 0.0000000000e+00 5.8580803446e-05
6.9398350304e-01 4.2664969666e+00 4.3126273888e+00 2.7891407887e+02 1.6343271837e+02 0.0000000000e+00 5.8596080568e-05
6.9404211054e-01 4.2657399870e+00 4.3181407996e+00 2.7868517183e+02 1.6332756607e+02 0.0000000000e+00 5.8606478773e-05
6.9410071600e-01 4.2655971927e+00 4.3236374237e+00 2.7845561552e+02 1.6319849422e+02 0.0000000000e+00 5.8608440673e-05
6.9415932742e-01 4.2650257716e+00 4.3291208511e+00 2.7822559022e+02 1.6308552698e+02 0.0000000000e+00 5.8616292934e-05
6.9421794858e-01 4.2643914022e+00 4.3345957672e+00 2.7799524150e+02 1.6297474556e+02 0.0000000000e+00 5.8625012674e-05
6.9427657745e-01 4.2634647263e+00 4.3400654349e+00 2.7776473116e+02 1.6287500249e+02 0.0000000000e+00 5.8637754983e-05
6.9433522409e-01 4.2625642466e+00 4.3455331287e+00 2.7753416697e+02 1.6277418410e+02 0.0000000000e+00 5.8650142388e-05
6.9439387773e-01 4.2619076484e+00 4.3510008144e+00 2.7730364179e+02 1.6266403725e+02 0.0000000000e+00 5.8659178149e-05
6.9445254245e-01 4.2612709758e+00 4.3564706647e+00 2.7707325063e+02 1.6255317498e+02 0.0000000000e+00 5.8667942363e-05
6.9451121362e-01 4.2606741242e+00 4.3619453752e+00 2.7684311707e+02 1.6244091252e+02 0.0000000000e+00 5.8676160793e-05
6.9456989477e-01 4.2596872740e+00 4.3674315299e+00 2.7661348498e+02 1.6234377501e+02 0.0000000000e+00 5.8689754415e-05
6.9462859313e-01 4.2588599473e+00 4.3729383607e+00 2.7638465009e+02 1.6224098321e+02 0.0000000000e+00 5.8701155495e-05
6.9468729708e-01 4.2582035497e+00 4.3784714481e+00 2.7615678724e+02 1.6213221375e+02 0.0000000000e+00 5.8710204217e-05
6.9474601353e-01 4.2575703746e+00 4.3840207677e+00 2.7592960971e+02 1.6202292941e+02 0.0000000000e+00 5.8718935450e-05
6.9480473495e-01 4.2568773795e+00 4.3895682706e+00 2.7570246791e+02 1.6191590885e+02 0.0000000000e+00 5.8728494554e-05
6.9486347052e-01 4.2555479016e+00 4.3951081173e+00 2.7547503168e+02 1.6183288148e+02 0.0000000000e+00 5.8746841954e-05
6.9492222864e-01 4.2546036518e+00 4.4006384180e+00 2.7524719328e+02 1.6173492046e+02 0.0000000000e+00 5.8759879994e-05
6.9498099028e-01 4.2544615197e+00 4.4061584930e+00 2.7501896055e+02 1.6160620990e+02 0.0000000000e+00 5.8761843030e-05
6.9503975232e-01 4.2542083814e+00 4.4116696511e+00 2.7479041819e+02 1.6148152227e+02 0.0000000000e+00 5.8765339539e-05
6.9509852096e-01 4.2533609106e+00 4.4171750027e+00 2.7456167281e+02 1.6137924725e+02 0.0000000000e+00 5.8777048375e-05
6.9515730642e-01 4.2522690695e+00 4.4226774545e+00 2.7433283356e+02 1.6128614457e+02 0.0000000000e+00 5.8792140365e-05
6.9521610524e-01 4.2515738638e+00 4.4281785143e+00 2.7410395128e+02 1.6117793085e+02 0.0000000000e+00 5.8801753894e-05
6.9527490993e-01 4.2508853968e+00 4.4336797749e+00 2.7387511583e+02 1.6106945393e+02 0.0000000000e+00 5.8811277337e-05
6.9533372780e-01 4.2503527554e+00 4.4391826400e+00 2.7364638495e+02 1.6095510226e+02 0.0000000000e+00 5.8818647389e-05
6.9539254722e-01 4.2495339237e+00 4.4446894188e+00 2.7341786019e+02 1.6085167521e+02 0.0000000000e+00 5.8829981002e-05
6.9545138776e-01 4.2483960466e+00 4.4502044452e+00 2.7318967248e+02 1.6076047847e+02 0.0000000000e+00 5.8845737840e-05
6.9551023870e-01 4.2477372568e+00 4.4557310774e+00 2.7296193363e+02 1.6065137574e+02 0.0000000000e+00 5.8854864340e-05
6.9556909749e-01 4.2470963176e+00 4.4612703618e+00 2.7273468290e+02 1.6054185172e+02 0.0000000000e+00 5.8863746264e-05
6.9562796619e-01 4.2465791996e+00 4.4668150999e+00 2.7250770853e+02 1.6042777947e+02 0.0000000000e+00 5.8870914270e-05
6.9568683932e-01 4.2457241773e+00 4.4723579977e+00 2.7228072310e+02 1.6032643180e+02 0.0000000000e+00 5.8882769949e-05
6.9574573173e-01 4.2446462255e+00 4.4778975433e+00 2.7205361839e+02 1.6023338810e+02 0.0000000000e+00 5.8897723560e-05
6.9580463476e-01 4.2439869479e+00 4.4834330874e+00 2.7182635574e+02 1.6012440606e+02 0.0000000000e+00 5.8906872963e-05
6.9586354547e-01 4.2433550971e+00 4.4889643930e+00 2.7159896243e+02 1.6001427892e+02 0.0000000000e+00 5.8915644408e-05
6.9592246605e-01 4.2427695859e+00 4.4944924366e+00 2.7137145961e+02 1.5990230799e+02 0.0000000000e+00 5.8923774892e-05
6.9598139302e-01 4.2418127537e+00 4.5000180791e+00 2.7114389679e+02 1.5980425854e+02 0.0000000000e+00 5.8937066419e-05
6.9604034019e-01 4.2407725478e+00 4.5055428959e+00 2.7091631079e+02 1.5970929102e+02 0.0000000000e+00 5.8951522908e-05
6.9609929607e-01 4.2400746220e+00 4.5110670914e+00 2.7068871929e+02 1.5960138878e+02 0.0000000000e+00 5.8961226461e-05
6.9615826264e-01 4.2394453427e+00 4.5165911910e+00 2.7046115911e+02 1.5949088692e+02 0.0000000000e+00 5.8969978332e-05
6.9621723603e-01 4.2387792863e+00 4.5221152140e+00 2.7023364078e+02 1.5938175978e+02 0.0000000000e+00 5.8979244521e-05
6.9627622113e-01 4.2376972186e+00 4.5276402363e+00 2.7000619026e+02 1.5928827399e+02 0.0000000000e+00 5.8994304478e-05
6.9633522464e-01 4.2367572438e+00 4.5331668071e+00 2.6977881266e+02 1.5918944439e+02 0.0000000000e+00 5.9007393064e-05
6.9639423591e-01 4.2358976436e+00 4.5386952384e+00 2.6955154156e+02 1.5908761509e+02 0.0000000000e+00 5.9019367567e-05
6.9645326337e-01 4.2350270794e+00 4.5442265979e+00 2.6932441373e+02 1.5898624063e+02 0.0000000000e+00 5.9031499755e-05
6.9651229891e-01 4.2344817022e+00 4.5497611415e+00 2.6909744876e+02 1.5887271907e+02 0.0000000000e+00 5.9039102677e-05
6.9657134158e-01 4.2337260757e+00 4.5552997238e+00 2.6887068141e+02 1.5876716904e+02 0.0000000000e+00 5.9049639851e-05
6.9663039819e-01 4.2329954061e+00 4.5608417742e+00 2.6864407408e+02 1.5866074039e+02 0.0000000000e+00 5.9059832581e-05
6.9668946124e-01 4.2322701711e+00 4.5663847584e+00 2.6841755088e+02 1.5855412109e+02 0.0000000000e+00 5.9069952979e-05
6.9674853810e-01 4.2316532262e+00 4.5719267733e+00 2.6819103344e+02 1.5844341390e+02 0.0000000000e+00 5.9078564957e-05
6.9680761837e-01 4.2308507899e+00 4.5774677111e+00 2.6796450904e+02 1.5833961202e+02 0.0000000000e+00 5.9089769981e-05
6.9686671764e-01 4.2297065604e+00 4.5830089101e+00 2.6773801341e+02 1.5824857445e+02 0.0000000000e+00 5.9105755076e-05
6.9692582988e-01 4.2289528483e+00 4.5885500571e+00 2.6751153425e+02 1.5814289248e+02 0.0000000000e+00 5.9116289296e-05
6.9698495022e-01 4.2282333033e+00 4.5940913047e+00 2.6728509715e+02 1.5803592067e+02 0.0000000000e+00 5.9126349486e-05
6.9704408258e-01 4.2276568587e+00 4.5996326234e+00 2.6705870205e+02 1.5792359158e+02 0.0000000000e+00 5.9134411414e-05
6.9710321904e-01 4.2267711352e+00 4.6051742905e+00 2.6683236371e+02 1.5782281272e+02 0.0000000000e+00 5.9146803081e-05
6.9716237619e-01 4.2255907032e+00 4.6107172246e+00 2.6660608275e+02 1.5773302568e+02 0.0000000000e+00 5.9163325925e-05
6.9722154569e-01 4.2248850217e+00 4.6162606288e+00 2.6637983673e+02 1.5762549475e+02 0.0000000000e+00 5.9173207961e-05
6.9728072260e-01 4.2241850893e+00 4.6218042208e+00 2.6615364190e+02 1.5751774382e+02 0.0000000000e+00 5.9183012751e-05
6.9733991172e-01 4.2235564142e+00 4.6273476576e+00 2.6592748024e+02 1.5740732108e+02 0.0000000000e+00 5.9191822124e-05
6.9739910625e-01 4.2225994309e+00 4.6328912821e+00 2.6570136426e+02 1.5730912238e+02 0.0000000000e+00 5.9205236985e-05
6.9745832219e-01 4.2214956004e+00 4.6384358803e+00 2.6547529565e+02 1.5721637589e+02 0.0000000000e+00 5.9220717884e-05
6.9751754768e-01 4.2207873698e+00 4.6439812827e+00 2.6524927556e+02 1.5710888296e+02 0.0000000000e+00 5.9230654874e-05
6.9757678350e-01 4.2200850807e+00 4.6495279428e+00 2.6502333626e+02 1.5700118078e+02 0.0000000000e+00 5.9240511796e-05
6.9763602871e-01 4.2193970580e+00 4.6550759930e+00 2.6479748470e+02 1.5689296425e+02 0.0000000000e+00 5.9250171663e-05
6.9769528384e-01 4.2183713969e+00 4.6606263562e+00 2.6457175399e+02 1.5679733308e+02 0.0000000000e+00 5.9264577838e-05
6.9775455786e-01 4.2173949047e+00 4.6661805086e+00 2.6434618318e+02 1.5669992326e+02 0.0000000000e+00 5.9278299910e-05
6.9781384044e-01 4.2166879293e+00 4.6717402726e+00 2.6412084147e+02 1.5659259465e+02 0.0000000000e+00 5.9288238587e-05
6.9787313434e-01 4.2159953317e+00 4.6773066008e+00 2.6389575748e+02 1.5648484920e+02 0.0000000000e+00 5.9297978374e-05
6.9793243640e-01 4.2152850215e+00 4.6828754288e+00 2.6367081949e+02 1.5637781203e+02 0.0000000000e+00 5.9307970570e-05
6.9799175028e-01 4.2142574957e+00 4.6884428834e+00 2.6344587731e+02 1.5628249910e+02 0.0000000000e+00 5.9322431118e-05
6.9805108126e-01 4.2135472630e+00 4.6940080039e+00 2.6322085094e+02 1.5617532836e+02 0.0000000000e+00 5.9332430467e-05
6.9811041514e-01 4.2130053716e+00 4.6995695657e+00 2.6299571917e+02 1.5606182284e+02 0.0000000000e+00 5.9340062010e-05
6.9816976139e-01 4.2121424250e+00 4.7051278965e+00 2.6277049088e+02 1.5596011742e+02 0.0000000000e+00 5.9352219078e-05
6.9822911958e-01 4.2109860022e+00 4.7106839389e+00 2.6254518723e+02 1.5586918782e+02 0.0000000000e+00 5.9368518412e-05
6.9828849842e-01 4.2097622909e+00 4.7162384969e+00 2.6231984679e+02 1.5578067636e+02 0.0000000000e+00 5.9385775900e-05
6.9834789113e-01 4.2089751462e+00 4.7217921922e+00 2.6209446854e+02 1.5567594215e+02 0.0000000000e+00 5.9396881976e-05
6.9840729219e-01 4.2082112554e+00 4.7273451639e+00 2.6186910401e+02 1.5557031724e+02 0.0000000000e+00 5.9407663928e-05
6.9846670646e-01 4.2075704100e+00 4.7328979248e+00 2.6164376170e+02 1.5546012080e+02 0.0000000000e+00 5.9416712173e-05
6.9852612561e-01 4.2066379491e+00 4.7384508483e+00 2.6141846619e+02 1.5536068789e+02 0.0000000000e+00 5.9429882730e-05
6.9858556622e-01 4.2054528601e+00 4.7440052052e+00 2.6119323683e+02 1.5527057699e+02 0.0000000000e+00 5.9446629963e-05
6.9864501887e-01 4.2046701012e+00 4.7495611457e+00 2.6096808825e+02 1.5516561465e+02 0.0000000000e+00 5.9457696795e-05
6.9870448162e-01 4.2038192233e+00 4.7551197612e+00 2.6074307831e+02 1.5506320828e+02 0.0000000000e+00 5.9469731385e-05
6.9876395834e-01 4.2031689534e+00 4.7606815859e+00 2.6051822789e+02 1.5495345939e+02 0.0000000000e+00 5.9478931913e-05
6.9882343948e-01 4.2022116116e+00 4.7662475466e+00 2.6029358289e+02 1.5485511378e+02 0.0000000000e+00 5.9492482318e-05
6.9888294330e-01 4.2010354173e+00 4.7718194904e+00 2.6006918242e+02 1.5476493090e+02 0.0000000000e+00 5.9509138860e-05
6.9894245776e-01 4.2002836750e+00 4.7773986481e+00 2.5984506761e+02 1.5465923716e+02 0.0000000000e+00 5.9519789459e-05
6.9900198288e-01 4.1995403217e+00 4.7829859311e+00 2.5962127480e+02 1.5455338853e+02 0.0000000000e+00 5.9530324952e-05
6.9906151841e-01 4.1987954294e+00 4.7885776283e+00 2.5939769131e+02 1.5444768367e+02 0.0000000000e+00 5.9540886000e-05
6.9912106465e-01 4.1977264160e+00 4.7941685196e+00 2.5917413231e+02 1.5435387316e+02 0.0000000000e+00 5.9556048972e-05
6.9918063051e-01 4.1967089332e+00 4.7997574370e+00 2.5895049822e+02 1.5425807600e+02 0.0000000000e+00 5.9570488204e-05
6.9924020563e-01 4.1959737221e+00 4.8053432625e+00 2.5872675633e+02 1.5415179734e+02 0.0000000000e+00 5.9580926040e-05
6.9929979236e-01 4.1952251819e+00 4.8109256154e+00 2.5850291140e+02 1.5404590946e+02 0.0000000000e+00 5.9591556868e-05
6.9935938874e-01 4.1944202924e+00 4.8165049284e+00 2.5827897062e+02 1.5394199473e+02 0.0000000000e+00 5.9602992207e-05
6.9941899834e-01 4.1933248109e+00 4.8220818450e+00 2.5805496483e+02 1.5384866214e+02 0.0000000000e+00 5.9618563139e-05
6.9947862587e-01 4.1924280046e+00 4.8276573206e+00 2.5783090492e+02 1.5374796218e+02 0.0000000000e+00 5.9631316202e-05
6.9953826098e-01 4.1917119775e+00 4.8332312584e+00 2.5760683172e+02 1.5364058474e+02 0.0000000000e+00 5.9641502408e-05
6.9959790887e-01 4.1913099648e+00 4.8388041090e+00 2.5738274809e+02 1.5352166164e+02 0.0000000000e+00 5.9647222969e-05
6.9965755542e-01 4.1904231223e+00 4.8443760126e+00 2.5715868154e+02 1.5342047452e+02 0.0000000000e+00 5.9659846441e-05
6.9971722857e-01 4.1886427374e+00 4.8499494551e+00 2.5693466791e+02 1.5335198298e+02 0.0000000000e+00 5.9685204891e-05
6.9977692583e-01 4.1876605541e+00 4.8555239710e+00 2.5671067874e+02 1.5325423075e+02 0.0000000000e+00 5.9699203594e-05
6.9983662697e-01 4.1869842388e+00 4.8610992307e+00 2.5648676088e+02 1.5314528683e+02 0.0000000000e+00 5.9708846687e-05
6.9989634353e-01 4.1862432605e+00 4.8666757030e+00 2.5626293195e+02 1.5303872470e+02 0.0000000000e+00 5.9719415343e-05
6.9995606580e-01 4.1852472625e+00 4.8722541644e+00 2.5603921371e+02 1.5294150958e+02 0.0000000000e+00 5.9733627268e-05
7.0001581078e-01 4.1839895354e+00 4.8778367087e+00 2.5581565629e+02 1.5285390542e+02 0.0000000000e+00 5.9751583479e-05
7.0007556897e-01 4.1832119756e+00 4.8834246763e+00 2.5559230512e+02 1.5274883666e+02 0.0000000000e+00 5.9762689880e-05
7.0013533616e-01 4.1824043685e+00 4.8890191472e+00 2.5536920942e+02 1.5264497818e+02 0.0000000000e+00 5.9774229839e-05
7.0019511743e-01 4.1816854664e+00 4.8946168254e+00 2.5514627519e+02 1.5253794028e+02 0.0000000000e+00 5.9784506034e-05
7.0025490517e-01 4.1807032089e+00 4.9002134094e+00 2.5492335329e+02 1.5244047505e+02 0.0000000000e+00 5.9798552422e-05
7.0031471453e-01 4.1796281882e+00 4.9058081105e+00 2.5470037812e+02 1.5234631327e+02 0.0000000000e+00 5.9813932901e-05
7.0037453304e-01 4.1788864443e+00 4.9114002916e+00 2.5447732635e+02 1.5223991471e+02 0.0000000000e+00 5.9824549754e-05
7.0043436363e-01 4.1783873968e+00 4.9169897480e+00 2.5425420176e+02 1.5212459833e+02 0.0000000000e+00 5.9831694925e-05
7.0049419643e-01 4.1776020154e+00 4.9225770218e+00 2.5403100295e+02 1.5201962873e+02 0.0000000000e+00 5.9842943171e-05
7.0055404952e-01 4.1758725534e+00 4.9281635618e+00 2.5380782024e+02 1.5194897414e+02 0.0000000000e+00 5.9867727476e-05
7.0061393188e-01 4.1746955477e+00 4.9337505666e+00 2.5358461910e+02 1.5185815121e+02 0.0000000000e+00 5.9884606468e-05
7.0067381873e-01 4.1740502760e+00 4.9393370947e+00 2.5336143858e+02 1.5174795572e+02 0.0000000000e+00 5.9893864105e-05
7.0073371961e-01 4.1731837259e+00 4.9449240287e+00 2.5313831859e+02 1.5164580283e+02 0.0000000000e+00 5.9906300901e-05
7.0079363134e-01 4.1722411443e+00 4.9505118805e+00 2.5291526628e+02 1.5154640967e+02 0.0000000000e+00 5.9919834773e-05
7.0085355928e-01 4.1710744366e+00 4.9561021892e+00 2.5269232314e+02 1.5145517479e+02 0.0000000000e+00 5.9936595186e-05
7.0091350453e-01 4.1702261718e+00 4.9616957023e+00 2.5246951297e+02 1.5135241026e+02 0.0000000000e+00 5.9948786877e-05
7.0097345685e-01 4.1694562731e+00 4.9672932743e+00 2.5224688724e+02 1.5124687173e+02 0.0000000000e+00 5.9959856544e-05
7.0103342424e-01 4.1689234881e+00 4.9728956250e+00 2.5202448504e+02 1.5113283187e+02 0.0000000000e+00 5.9967519365e-05
7.0109339189e-01 4.1681314590e+00 4.9785048508e+00 2.5180239164e+02 1.5102834095e+02 0.0000000000e+00 5.9978914402e-05
7.0115338207e-01 4.1665528137e+00 4.9841247573e+00 2.5158068905e+02 1.5095253816e+02 0.0000000000e+00 6.0001639527e-05
7.0121339517e-01 4.1653202156e+00 4.9897545073e+00 2.5135930763e+02 1.5086433612e+02 0.0000000000e+00 6.0019395163e-05
7.0127342086e-01 4.1644858660e+00 4.9953861306e+00 2.5113806279e+02 1.5076174519e+02 0.0000000000e+00 6.0031419975e-05
7.0133345801e-01 4.1637678621e+00 5.0010147364e+00 2.5091673603e+02 1.5065485418e+02 0.0000000000e+00 6.0041771847e-05
7.0139350440e-01 4.1626946606e+00 5.0066386521e+00 2.5069526654e+02 1.5056068663e+02 0.0000000000e+00 6.0057251464e-05
7.0145357251e-01 4.1615001733e+00 5.0122579365e+00 2.5047363368e+02 1.5047075769e+02 0.0000000000e+00 6.0074489869e-05
7.0151365338e-01 4.1607746064e+00 5.0178726306e+00 2.5025182923e+02 1.5036372605e+02 0.0000000000e+00 6.0084965818e-05
7.0157374245e-01 4.1602002826e+00 5.0234826510e+00 2.5002988358e+02 1.5025110968e+02 0.0000000000e+00 6.0093260664e-05
7.0163383990e-01 4.1595257019e+00 5.0290888219e+00 2.4980782041e+02 1.5014201036e+02 0.0000000000e+00 6.0103006428e-05
7.0169394846e-01 4.1580432185e+00 5.0346924355e+00 2.4958570102e+02 1.5006199305e+02 0.0000000000e+00 6.0124435188e-05
7.0175408877e-01 4.1565520888e+00 5.0402957892e+00 2.4936354818e+02 1.4998221053e+02 0.0000000000e+00 6.0146004347e-05
7.0181424047e-01 4.1557269454e+00 5.0458981903e+00 2.4914137693e+02 1.4987833669e+02 0.0000000000e+00 6.0157946680e-05
7.0187440467e-01 4.1549180805e+00 5.0515003386e+00 2.4891923744e+02 1.4977385391e+02 0.0000000000e+00 6.0169658019e-05
7.0193457978e-01 4.1539744468e+00 5.0571027289e+00 2.4869714356e+02 1.4967421366e+02 0.0000000000e+00 6.0183326402e-05
7.0199477132e-01 4.1528440410e+00 5.0627065678e+00 2.4847512077e+02 1.4958129797e+02 0.0000000000e+00 6.0199708327e-05
7.0205497920e-01 4.1521769296e+00 5.0683122016e+00 2.4825318415e+02 1.4947170386e+02 0.0000000000e+00 6.0209380342e-05
7.0211519008e-01 4.1514791046e+00 5.0739201613e+00 2.4803138137e+02 1.4936326013e+02 0.0000000000e+00 6.0219500978e-05
7.0217541820e-01 4.1502785098e+00 5.0795320168e+00 2.4780974593e+02 1.4927296165e+02 0.0000000000e+00 6.0236921308e-05
7.0223566392e-01 4.1488919114e+00 5.0851487616e+00 2.4758828651e+02 1.4918940514e+02 0.0000000000e+00 6.0257053049e-05
7.0229593231e-01 4.1476160198e+00 5.0907708146e+00 2.4736701167e+02 1.4910192415e+02 0.0000000000e+00 6.0275589352e-05
7.0235621510e-01 4.1468098123e+00 5.0963968389e+00 2.4714589681e+02 1.4899760779e+02 0.0000000000e+00 6.0287307910e-05
7.0241650692e-01 4.1459500159e+00 5.1020257335e+00 2.4692491860e+02 1.4889525782e+02 0.0000000000e+00 6.0299810427e-05
7.0247681472e-01 4.1453807571e+00 5.1076556857e+00 2.4670401857e+02 1.4878248406e+02 0.0000000000e+00 6.0308091018e-05
7.0253712311e-01 4.1446128214e+00 5.1132864032e+00 2.4648320996e+02 1.4867686114e+02 0.0000000000e+00 6.0319265219e-05
7.0259745325e-01 4.1431069405e+00 5.1189211511e+00 2.4626256438e+02 1.4859776004e+02 0.0000000000e+00 6.0341189255e-05
7.0265780548e-01 4.1417434767e+00 5.1245621265e+00 2.4604210660e+02 1.4851360785e+02 0.0000000000e+00 6.0361053602e-05
7.0271817536e-01 4.1407991187e+00 5.1302059002e+00 2.4582177854e+02 1.4841445546e+02 0.0000000000e+00 6.0374819651e-05
7.0277855512e-01 4.1400578608e+00 5.1358480377e+00 2.4560140909e+02 1.4830795689e+02 0.0000000000e+00 6.0385629479e-05
7.0283894662e-01 4.1389407507e+00 5.1414867075e+00 2.4538093224e+02 1.4821481329e+02 0.0000000000e+00 6.0401927706e-05
7.0289935898e-01 4.1382481084e+00 5.1471212447e+00 2.4516029281e+02 1.4810632808e+02 0.0000000000e+00 6.0412037522e-05
7.0295977069e-01 4.1374930182e+00 5.1527505670e+00 2.4493949469e+02 1.4799994442e+02 0.0000000000e+00 6.0423062686e-05
7.0302020510e-01 4.1358875571e+00 5.1583761462e+00 2.4471859068e+02 1.4792386598e+02 0.0000000000e+00 6.0446517598e-05
7.0308066373e-01 4.1347212804e+00 5.1639998562e+00 2.4449759216e+02 1.4783196713e+02 0.0000000000e+00 6.0463567686e-05
7.0314113224e-01 4.1336858769e+00 5.1696214337e+00 2.4427654767e+02 1.4773531114e+02 0.0000000000e+00 6.0478712569e-05
7.0320162115e-01 4.1326314327e+00 5.1752425670e+00 2.4405550392e+02 1.4763928740e+02 0.0000000000e+00 6.0494143761e-05
7.0326212053e-01 4.1321163293e+00 5.1808640015e+00 2.4383449857e+02 1.4752397993e+02 0.0000000000e+00 6.0501684870e-05
7.0332262452e-01 4.1314427145e+00 5.1864865813e+00 2.4361359950e+02 1.4741436366e+02 0.0000000000e+00 6.0511549421e-05
7.0338314363e-01 4.1297025818e+00 5.1921133424e+00 2.4339288376e+02 1.4734286486e+02 0.0000000000e+00 6.0537047172e-05
7.0344369862e-01 4.1281613367e+00 5.1977475181e+00 2.4317242619e+02 1.4726436685e+02 0.0000000000e+00 6.0559648621e-05
7.0350426292e-01 4.1274611179e+00 5.2033926374e+00 2.4295240975e+02 1.4715608628e+02 0.0000000000e+00 6.0569922492e-05
7.0356483846e-01 4.1265215526e+00 5.2090573056e+00 2.4273311846e+02 1.4705673735e+02 0.0000000000e+00 6.0583713623e-05
7.0362543035e-01 4.1261085238e+00 5.2147447213e+00 2.4251460087e+02 1.4693905860e+02 0.0000000000e+00 6.0589778131e-05
7.0368601802e-01 4.1251915382e+00 5.2204411709e+00 2.4229653555e+02 1.4683956691e+02 0.0000000000e+00 6.0603246586e-05
7.0374663684e-01 4.1231917019e+00 5.2261341571e+00 2.4207840330e+02 1.4677852790e+02 0.0000000000e+00 6.0632640458e-05
7.0380728330e-01 4.1220786704e+00 5.2318191424e+00 2.4185991833e+02 1.4668565163e+02 0.0000000000e+00 6.0649012304e-05
7.0386793487e-01 4.1214279117e+00 5.2374915952e+00 2.4164101221e+02 1.4657602740e+02 0.0000000000e+00 6.0658588566e-05
7.0392860048e-01 4.1208723148e+00 5.2431516172e+00 2.4142167886e+02 1.4646272708e+02 0.0000000000e+00 6.0666766864e-05
7.0398926840e-01 4.1198582234e+00 5.2488006459e+00 2.4120197553e+02 1.4636545874e+02 0.0000000000e+00 6.0681699817e-05
7.0404996388e-01 4.1180395738e+00 5.2544418115e+00 2.4098200321e+02 1.4629655622e+02 0.0000000000e+00 6.0708498673e-05
7.0411068540e-01 4.1169127553e+00 5.2600778535e+00 2.4076181415e+02 1.4620288822e+02 0.0000000000e+00 6.0725114877e-05
7.0417141411e-01 4.1161673641e+00 5.2657092405e+00 2.4054149231e+02 1.4609554899e+02 0.0000000000e+00 6.0736111506e-05
7.0423215762e-01 4.1154895876e+00 5.2713377542e+00 2.4032109135e+02 1.4598572432e+02 0.0000000000e+00 6.0746114084e-05
7.0429290633e-01 4.1144236677e+00 5.2769645054e+00 2.4010068047e+02 1.4588961897e+02 0.0000000000e+00 6.0761851524e-05
7.0435368133e-01 4.1127308603e+00 5.2825925618e+00 2.3988031344e+02 1.4581571320e+02 0.0000000000e+00 6.0786861210e-05
7.0441448006e-01 4.1115371953e+00 5.2882227402e+00 2.3966000981e+02 1.4572409200e+02 0.0000000000e+00 6.0804508904e-05
7.0447529034e-01 4.1108466896e+00 5.2938557433e+00 2.3943984033e+02 1.4561467406e+02 0.0000000000e+00 6.0814722337e-05
7.0453610950e-01 4.1101117212e+00 5.2994933319e+00 2.3921988426e+02 1.4550692322e+02 0.0000000000e+00 6.0825597199e-05
7.0459694154e-01 4.1089752060e+00 5.3051376529e+00 2.3900020756e+02 1.4541351285e+02 0.0000000000e+00 6.0842421155e-05
7.0465779434e-01 4.1073352790e+00 5.3107915032e+00 2.3878087458e+02 1.4533807101e+02 0.0000000000e+00 6.0866713579e-05
7.0471867497e-01 4.1060929098e+00 5.3164564223e+00 2.3856192263e+02 1.4524873637e+02 0.0000000000e+00 6.0885129853e-05
7.0477956460e-01 4.1054631076e+00 5.3221325342e+00 2.3834339027e+02 1.4513794426e+02 0.0000000000e+00 6.0894469990e-05
7.0484046391e-01 4.1047007475e+00 5.3278194210e+00 2.3812527265e+02 1.4503205429e+02 0.0000000000e+00 6.0905779832e-05
7.0490137616e-01 4.1035010984e+00 5.3335132103e+00 2.3790742543e+02 1.4494173373e+02 0.0000000000e+00 6.0923585496e-05
7.0496231108e-01 4.1019607579e+00 5.3392081014e+00 2.3768965051e+02 1.4486343516e+02 0.0000000000e+00 6.0946463108e-05
7.0502326909e-01 4.1008809076e+00 5.3449019324e+00 2.3747182911e+02 1.4476879143e+02 0.0000000000e+00 6.0962511625e-05
7.0508423610e-01 4.1004273386e+00 5.3505932936e+00 2.3725393679e+02 1.4465195771e+02 0.0000000000e+00 6.0969254995e-05
7.0514520760e-01 4.0993832376e+00 5.3562822333e+00 2.3703600304e+02 1.4455589372e+02 0.0000000000e+00 6.0984783688e-05
7.0520620567e-01 4.0976097118e+00 5.3619710899e+00 2.3681806985e+02 1.4448549673e+02 0.0000000000e+00 6.1011179097e-05
7.0526722996e-01 4.0963696298e+00 5.3676605933e+00 2.3660013698e+02 1.4439623274e+02 0.0000000000e+00 6.1029648834e-05
7.0532826496e-01 4.0959957869e+00 5.3733499834e+00 2.3638223045e+02 1.4427641211e+02 0.0000000000e+00 6.1035219030e-05
7.0538930040e-01 4.0951599756e+00 5.3790394457e+00 2.3616439189e+02 1.4417287316e+02 0.0000000000e+00 6.1047676156e-05
7.0545036032e-01 4.0932099698e+00 5.3847317011e+00 2.3594664325e+02 1.4410856332e+02 0.0000000000e+00 6.1076759278e-05
7.0551145391e-01 4.0918972268e+00 5.3904272665e+00 2.3572896712e+02 1.4402180337e+02 0.0000000000e+00 6.1096353634e-05
7.0557255302e-01 4.0914645300e+00 5.3961248414e+00 2.3551140246e+02 1.4390409640e+02 0.0000000000e+00 6.1102814938e-05
7.0563365954e-01 4.0907684156e+00 5.4018251992e+00 2.3529402055e+02 1.4379573508e+02 0.0000000000e+00 6.1113212629e-05
7.0569477945e-01 4.0890497197e+00 5.4075325636e+00 2.3507690713e+02 1.4372343407e+02 0.0000000000e+00 6.1138899533e-05
7.0575593734e-01 4.0874224647e+00 5.4132498410e+00 2.3486007563e+02 1.4364803104e+02 0.0000000000e+00 6.1163239708e-05
7.0581710593e-01 4.0869946092e+00 5.4189709352e+00 2.3464341609e+02 1.4353053926e+02 0.0000000000e+00 6.1169642709e-05
7.0587827663e-01 4.0862611460e+00 5.4246891476e+00 2.3442672165e+02 1.4342372726e+02 0.0000000000e+00 6.1180622350e-05
7.0593946717e-01 4.0846462623e+00 5.4304030811e+00 2.3420989164e+02 1.4334772010e+02 0.0000000000e+00 6.1204810392e-05
7.0600068625e-01 4.0830570589e+00 5.4361119888e+00 2.3399286998e+02 1.4327063436e+02 0.0000000000e+00 6.1228632467e-05
7.0606192444e-01 4.0824712357e+00 5.4418144842e+00 2.3377560573e+02 1.4315814628e+02 0.0000000000e+00 6.1237418605e-05
7.0612316109e-01 4.0817021775e+00 5.4475093393e+00 2.3355812035e+02 1.4305191204e+02 0.0000000000e+00 6.1248956717e-05
7.0618442235e-01 4.0800574208e+00 5.4531983013e+00 2.3334046118e+02 1.4297621155e+02 0.0000000000e+00 6.1273647455e-05
7.0624570838e-01 4.0787461503e+00 5.4588831439e+00 2.3312264308e+02 1.4288866878e+02 0.0000000000e+00 6.1293346236e-05
7.0630700904e-01 4.0780204611e+00 5.4645640526e+00 2.3290469324e+02 1.4278048349e+02 0.0000000000e+00 6.1304253469e-05
7.0636831689e-01 4.0771214965e+00 5.4702418972e+00 2.3268663630e+02 1.4267825750e+02 0.0000000000e+00 6.1317770445e-05
7.0642964459e-01 4.0753948952e+00 5.4759181027e+00 2.3246856951e+02 1.4260493491e+02 0.0000000000e+00 6.1343748625e-05
7.0649100439e-01 4.0745185820e+00 5.4815944802e+00 2.3225047107e+02 1.4250178665e+02 0.0000000000e+00 6.1356941923e-05
7.0655235847e-01 4.0737979621e+00 5.4872694966e+00 2.3203238930e+02 1.4239316202e+02 0.0000000000e+00 6.1367795440e-05
7.0661373998e-01 4.0717759888e+00 5.4929468752e+00 2.3181440122e+02 1.4233003108e+02 0.0000000000e+00 6.1398269622e-05
7.0667515501e-01 4.0705054470e+00 5.4986273598e+00 2.3159649158e+02 1.4224062256e+02 0.0000000000e+00 6.1417434088e-05
7.0673657484e-01 4.0700214734e+00 5.5043112318e+00 2.3137873673e+02 1.4212378131e+02 0.0000000000e+00 6.1424737346e-05
7.0679800448e-01 4.0692393321e+00 5.5099993927e+00 2.3116120066e+02 1.4201745203e+02 0.0000000000e+00 6.1436543686e-05
7.0685944793e-01 4.0673236145e+00 5.5156955143e+00 2.3094395507e+02 1.4195081149e+02 0.0000000000e+00 6.1465480423e-05
7.0692093544e-01 4.0661200016e+00 5.5214018085e+00 2.3072704071e+02 1.4185946346e+02 0.0000000000e+00 6.1483674831e-05
7.0698241528e-01 4.0655596226e+00 5.5271192779e+00 2.3051055760e+02 1.4174589663e+02 0.0000000000e+00 6.1492149472e-05
7.0704391974e-01 4.0638898165e+00 5.5328503039e+00 2.3029455613e+02 1.4167125988e+02 0.0000000000e+00 6.1517415897e-05
7.0710545011e-01 4.0625689641e+00 5.5385903445e+00 2.3007884342e+02 1.4158457706e+02 0.0000000000e+00 6.1537416894e-05
7.0716699458e-01 4.0618416788e+00 5.5443299741e+00 2.2986317100e+02 1.4147718521e+02 0.0000000000e+00 6.1548435357e-05
7.0722854698e-01 4.0608651145e+00 5.5500659358e+00 2.2964739358e+02 1.4137836834e+02 0.0000000000e+00 6.1563236638e-05
7.0729012105e-01 4.0591572046e+00 5.5557982177e+00 2.2943150962e+02 1.4130489290e+02 0.0000000000e+00 6.1589139666e-05
7.0735172526e-01 4.0583682009e+00 5.5615277873e+00 2.2921549455e+02 1.4119929686e+02 0.0000000000e+00 6.1601113458e-05
7.0741332328e-01 4.0576372999e+00 5.5672535575e+00 2.2899936270e+02 1.4109156744e+02 0.0000000000e+00 6.1612209649e-05
7.0747494968e-01 4.0555610113e+00 5.5729774732e+00 2.2878323916e+02 1.4103057415e+02 0.0000000000e+00 6.1643752691e-05
7.0753661078e-01 4.0546012680e+00 5.5787019717e+00 2.2856706060e+02 1.4093066463e+02 0.0000000000e+00 6.1658344057e-05
7.0759826637e-01 4.0539723257e+00 5.5844242848e+00 2.2835087645e+02 1.4081921268e+02 0.0000000000e+00 6.1667909871e-05
7.0765994660e-01 4.0523473408e+00 5.5901478170e+00 2.2813475480e+02 1.4074234981e+02 0.0000000000e+00 6.1692638605e-05
7.0772165165e-01 4.0511694619e+00 5.5958730340e+00 2.2791868458e+02 1.4064993252e+02 0.0000000000e+00 6.1710575761e-05
7.0778336775e-01 4.0502486684e+00 5.6015997353e+00 2.2770270338e+02 1.4054859468e+02 0.0000000000e+00 6.1724605196e-05
7.0784510086e-01 4.0485960823e+00 5.6073299228e+00 2.2748684779e+02 1.4047267446e+02 0.0000000000e+00 6.1749800405e-05
7.0790686735e-01 4.0476000252e+00 5.6130644532e+00 2.2727110194e+02 1.4037398738e+02 0.0000000000e+00 6.1764996156e-05
7.0796863085e-01 4.0469473145e+00 5.6188006931e+00 2.2705547330e+02 1.4026342306e+02 0.0000000000e+00 6.1774957905e-05
7.0803041727e-01 4.0450031689e+00 5.6245391611e+00 2.2683995833e+02 1.4019763944e+02 0.0000000000e+00 6.1804648738e-05
7.0809224015e-01 4.0438751933e+00 5.6302787431e+00 2.2662447001e+02 1.4010352643e+02 0.0000000000e+00 6.1821888176e-05
7.0815406105e-01 4.0432184074e+00 5.6360167801e+00 2.2640895782e+02 1.3999302969e+02 0.0000000000e+00 6.1831930608e-05
7.0821590401e-01 4.0415601776e+00 5.6417552530e+00 2.2619349791e+02 1.3991719037e+02 0.0000000000e+00 6.1857299907e-05
7.0827777565e-01 4.0404794151e+00 5.6474946859e+00 2.2597805323e+02 1.3982131204e+02 0.0000000000e+00 6.1873845728e-05
7.0833965170e-01 4.0395098661e+00 5.6532346650e+00 2.2576266297e+02 1.3972156923e+02 0.0000000000e+00 6.1888696473e-05
7.0840155304e-01 4.0377664013e+00 5.6589770511e+00 2.2554736571e+02 1.3964859733e+02 0.0000000000e+00 6.1915419356e-05
7.0846348254e-01 4.0367436474e+00 5.6647223856e+00 2.2533215714e+02 1.3955069780e+02 0.0000000000e+00 6.1931106316e-05
7.0852541525e-01 4.0361694973e+00 5.6704699792e+00 2.2511709258e+02 1.3943733825e+02 0.0000000000e+00 6.1939916093e-05
7.0858736237e-01 4.0343106443e+00 5.6762237520e+00 2.2490225956e+02 1.3936845684e+02 0.0000000000e+00 6.1968455591e-05
7.0864935216e-01 4.0330508332e+00 5.6819849122e+00 2.2468762257e+02 1.3927894283e+02 0.0000000000e+00 6.1987812786e-05
7.0871133800e-01 4.0323833884e+00 5.6877495716e+00 2.2447314732e+02 1.3916902592e+02 0.0000000000e+00 6.1998073080e-05
7.0877334831e-01 4.0309682725e+00 5.6935135670e+00 2.2425871983e+02 1.3908489516e+02 0.0000000000e+00 6.2019838187e-05
7.0883537767e-01 4.0298789140e+00 5.6992763595e+00 2.2404421868e+02 1.3898942342e+02 0.0000000000e+00 6.2036603415e-05
7.0889742152e-01 4.0281096246e+00 5.7050367971e+00 2.2382966945e+02 1.3891731501e+02 0.0000000000e+00 6.2063852104e-05
7.0895950538e-01 4.0269304410e+00 5.7107962334e+00 2.2361505496e+02 1.3882475637e+02 0.0000000000e+00 6.2082025916e-05
7.0902158557e-01 4.0262609972e+00 5.7165530936e+00 2.2340035749e+02 1.3871452797e+02 0.0000000000e+00 6.2092348254e-05
7.0908369007e-01 4.0245484328e+00 5.7223084821e+00 2.2318567837e+02 1.3864019908e+02 0.0000000000e+00 6.2118770384e-05
7.0914582311e-01 4.0235155810e+00 5.7280642367e+00 2.2297096133e+02 1.3854237472e+02 0.0000000000e+00 6.2134716510e-05
7.0920795951e-01 4.0225172488e+00 5.7338184550e+00 2.2275623632e+02 1.3844330710e+02 0.0000000000e+00 6.2150137473e-05
7.0927012338e-01 4.0210391107e+00 5.7395733300e+00 2.2254153255e+02 1.3836071126e+02 0.0000000000e+00 6.2172983928e-05
7.0933230548e-01 4.0198605362e+00 5.7453287040e+00 2.2232684580e+02 1.3826776066e+02 0.0000000000e+00 6.2191212295e-05
7.0939450581e-01 4.0184169535e+00 5.7510854427e+00 2.2211221392e+02 1.3818390208e+02 0.0000000000e+00 6.2213553967e-05
7.0945673258e-01 4.0172794618e+00 5.7568437925e+00 2.2189763225e+02 1.3808949213e+02 0.0000000000e+00 6.2231169720e-05
7.0951896815e-01 4.0162315169e+00 5.7626031907e+00 2.2168311491e+02 1.3799199198e+02 0.0000000000e+00 6.2247407539e-05
7.0958122740e-01 4.0147224238e+00 5.7683648259e+00 2.2146868208e+02 1.3791033271e+02 0.0000000000e+00 6.2270805702e-05
7.0964350976e-01 4.0136422225e+00 5.7741283149e+00 2.2125431490e+02 1.3781392475e+02 0.0000000000e+00 6.2287564796e-05
7.0970580253e-01 4.0122886015e+00 5.7798939754e+00 2.2104004954e+02 1.3772691317e+02 0.0000000000e+00 6.2308578677e-05
7.0976812692e-01 4.0109245105e+00 5.7856629440e+00 2.2082589393e+02 1.3764027056e+02 0.0000000000e+00 6.2329769444e-05
7.0983046207e-01 4.0099886966e+00 5.7914346109e+00 2.2061185613e+02 1.3753895137e+02 0.0000000000e+00 6.2344315388e-05
7.0989281555e-01 4.0085484225e+00 5.7972105074e+00 2.2039798754e+02 1.3745498639e+02 0.0000000000e+00 6.2366715741e-05
7.0995519550e-01 4.0074028013e+00 5.8029905407e+00 2.2018427236e+02 1.3736095626e+02 0.0000000000e+00 6.2384544902e-05
7.1001758464e-01 4.0058371912e+00 5.8087758187e+00 2.1997075664e+02 1.3728138847e+02 0.0000000000e+00 6.2408926790e-05
7.1008001335e-01 4.0045399095e+00 5.8145678438e+00 2.1975745585e+02 1.3719269930e+02 0.0000000000e+00 6.2429144334e-05
7.1014244293e-01 4.0037749227e+00 5.8203666812e+00 2.1954440244e+02 1.3708587938e+02 0.0000000000e+00 6.2441072444e-05
7.1020489550e-01 4.0022619594e+00 5.8261725783e+00 2.1933159472e+02 1.3700477189e+02 0.0000000000e+00 6.2464676859e-05
7.1026737228e-01 4.0012044012e+00 5.8319800032e+00 2.1911885992e+02 1.3690806439e+02 0.0000000000e+00 6.2481186896e-05
7.1032985787e-01 3.9995740733e+00 5.8377855229e+00 2.1890610294e+02 1.3683088432e+02 0.0000000000e+00 6.2506655813e-05
7.1039238559e-01 3.9983394884e+00 5.8435889658e+00 2.1869325504e+02 1.3674004901e+02 0.0000000000e+00 6.2525956268e-05
7.1045490978e-01 3.9975712175e+00 5.8493886003e+00 2.1848029203e+02 1.3663314556e+02 0.0000000000e+00 6.2537972783e-05
7.1051746154e-01 3.9960460544e+00 5.8551848005e+00 2.1826725810e+02 1.3655201613e+02 0.0000000000e+00 6.2561841530e-05
7.1058003347e-01 3.9955693053e+00 5.8609789151e+00 2.1805410634e+02 1.3643494186e+02 0.0000000000e+00 6.2569306374e-05
7.1064260015e-01 3.9944398824e+00 5.8667695240e+00 2.1784090114e+02 1.3634007993e+02 0.0000000000e+00 6.2586997766e-05
7.1070520746e-01 3.9924996963e+00 5.8725594900e+00 2.1762767652e+02 1.3627281971e+02 0.0000000000e+00 6.2617412403e-05
7.1076783497e-01 3.9912097993e+00 5.8783492671e+00 2.1741441184e+02 1.3618327698e+02 0.0000000000e+00 6.2637649378e-05
7.1083048276e-01 3.9899307635e+00 5.8841379727e+00 2.1720115074e+02 1.3609330814e+02 0.0000000000e+00 6.2657728872e-05
7.1089315043e-01 3.9882443801e+00 5.8899268370e+00 2.1698790415e+02 1.3601718166e+02 0.0000000000e+00 6.2684222975e-05
7.1095585121e-01 3.9863784420e+00 5.8957175305e+00 2.1677469378e+02 1.3594713657e+02 0.0000000000e+00 6.2713564112e-05
7.1101857756e-01 3.9851453764e+00 5.9015089977e+00 2.1656151441e+02 1.3585546696e+02 0.0000000000e+00 6.2732968658e-05
7.1108131714e-01 3.9828601388e+00 5.9073034156e+00 2.1634843648e+02 1.3579966967e+02 0.0000000000e+00 6.2768962827e-05
7.1114411549e-01 3.9816702364e+00 5.9131020365e+00 2.1613543834e+02 1.3570651605e+02 0.0000000000e+00 6.2787721022e-05
7.1120689259e-01 3.9819875321e+00 5.9189013634e+00 2.1592254697e+02 1.3556204360e+02 0.0000000000e+00 6.2782717924e-05
7.1126968092e-01 3.9803629565e+00 5.9247048410e+00 2.1570986964e+02 1.3548379381e+02 0.0000000000e+00 6.2808342539e-05
7.1133250927e-01 3.9789533042e+00 5.9305137404e+00 2.1549734162e+02 1.3539826001e+02 0.0000000000e+00 6.2830594100e-05
7.1139534211e-01 3.9776843346e+00 5.9363283928e+00 2.1528501808e+02 1.3530800836e+02 0.0000000000e+00 6.2850638454e-05
7.1145821055e-01 3.9765327749e+00 5.9421492619e+00 2.1507291516e+02 1.3521384541e+02 0.0000000000e+00 6.2868839300e-05
7.1152107979e-01 3.9753337634e+00 5.9479759057e+00 2.1486103137e+02 1.3512137858e+02 0.0000000000e+00 6.2887801346e-05
7.1158398615e-01 3.9736562872e+00 5.9538090256e+00 2.1464936445e+02 1.3504525111e+02 0.0000000000e+00 6.2914349388e-05
7.1164690849e-01 3.9725524056e+00 5.9596469844e+00 2.1443786075e+02 1.3494967395e+02 0.0000000000e+00 6.2931831849e-05
7.1170984981e-01 3.9714082344e+00 5.9654894232e+00 2.1422653823e+02 1.3485552579e+02 0.0000000000e+00 6.2949962645e-05
7.1177280841e-01 3.9700982690e+00 5.9713368949e+00 2.1401539147e+02 1.3476706178e+02 0.0000000000e+00 6.2970733483e-05
7.1183579128e-01 3.9685430406e+00 5.9771887596e+00 2.1380437967e+02 1.3468694775e+02 0.0000000000e+00 6.2995411022e-05
7.1189879923e-01 3.9673015892e+00 5.9830410096e+00 2.1359338964e+02 1.3459613848e+02 0.0000000000e+00 6.3015123599e-05
7.1196182153e-01 3.9660349079e+00 5.9888912574e+00 2.1338234110e+02 1.3450609113e+02 0.0000000000e+00 6.3035249513e-05
7.1202486973e-01 3.9648481275e+00 5.9947383331e+00 2.1317118188e+02 1.3441320766e+02 0.0000000000e+00 6.3054117575e-05
7.1208792976e-01 3.9634428575e+00 6.0005812429e+00 2.1295989777e+02 1.3432759436e+02 0.0000000000e+00 6.3076473912e-05
7.1215102268e-01 3.9619465204e+00 6.0064202122e+00 2.1274847880e+02 1.3424492084e+02 0.0000000000e+00 6.3100296462e-05
7.1221413036e-01 3.9606975793e+00 6.0122552224e+00 2.1253691989e+02 1.3415371638e+02 0.0000000000e+00 6.3120194105e-05
7.1227726307e-01 3.9594151099e+00 6.0180863362e+00 2.1232524552e+02 1.3406351672e+02 0.0000000000e+00 6.3140638974e-05
7.1234041163e-01 3.9581467356e+00 6.0239144054e+00 2.1211347416e+02 1.3397272027e+02 0.0000000000e+00 6.3160872170e-05
7.1240358481e-01 3.9566460596e+00 6.0297402553e+00 2.1190164500e+02 1.3388968953e+02 0.0000000000e+00 6.3184827814e-05
7.1246678129e-01 3.9552666634e+00 6.0355651875e+00 2.1168977233e+02 1.3380246539e+02 0.0000000000e+00 6.3206863475e-05
7.1252999854e-01 3.9539450429e+00 6.0413892261e+00 2.1147789124e+02 1.3371322119e+02 0.0000000000e+00 6.3227990598e-05
7.1259323727e-01 3.9527664668e+00 6.0472130524e+00 2.1126601675e+02 1.3361908585e+02 0.0000000000e+00 6.3246842964e-05
7.1265649223e-01 3.9513991139e+00 6.0530373810e+00 2.1105418417e+02 1.3353129998e+02 0.0000000000e+00 6.3268729074e-05
7.1271977473e-01 3.9498473738e+00 6.0588640187e+00 2.1084243202e+02 1.3344973366e+02 0.0000000000e+00 6.3293584876e-05
7.1278307940e-01 3.9485442484e+00 6.0646938616e+00 2.1063079806e+02 1.3335978072e+02 0.0000000000e+00 6.3314473455e-05
7.1284640368e-01 3.9472017837e+00 6.0705289234e+00 2.1041935263e+02 1.3327121601e+02 0.0000000000e+00 6.3336007050e-05
7.1290975141e-01 3.9462030002e+00 6.0763697992e+00 2.1020812696e+02 1.3317113118e+02 0.0000000000e+00 6.3352037386e-05
7.1297310775e-01 3.9445588007e+00 6.0822188875e+00 2.0999719328e+02 1.3309295405e+02 0.0000000000e+00 6.3378444240e-05
7.1303650830e-01 3.9429724182e+00 6.0880782316e+00 2.0978657104e+02 1.3301295874e+02 0.0000000000e+00 6.3403943392e-05
7.1309991564e-01 3.9417783441e+00 6.0939474825e+00 2.0957627233e+02 1.3291987400e+02 0.0000000000e+00 6.3423150207e-05
7.1316335460e-01 3.9403232629e+00 6.0998250119e+00 2.0936624699e+02 1.3283570473e+02 0.0000000000e+00 6.3446571085e-05
7.1322680878e-01 3.9391147630e+00 6.1057046768e+00 2.0915631882e+02 1.3274322494e+02 0.0000000000e+00 6.3466036163e-05
7.1329028667e-01 3.9375582707e+00 6.1115830730e+00 2.0894637451e+02 1.3266240151e+02 0.0000000000e+00 6.3491123893e-05
7.1335379103e-01 3.9362238550e+00 6.1174599726e+00 2.0873636891e+02 1.3257399515e+02 0.0000000000e+00 6.3512647961e-05
7.1341731197e-01 3.9348699164e+00 6.1233349822e+00 2.0852632419e+02 1.3248616131e+02 0.0000000000e+00 6.3534501854e-05
7.1348086003e-01 3.9337266701e+00 6.1292091541e+00 2.0831623473e+02 1.3239114725e+02 0.0000000000e+00 6.3552966682e-05
7.1354441790e-01 3.9323761317e+00 6.1350824825e+00 2.0810614739e+02 1.3230305318e+02 0.0000000000e+00 6.3574793363e-05
7.1360800962e-01 3.9310104024e+00 6.1409560101e+00 2.0789605787e+02 1.3221540812e+02 0.0000000000e+00 6.3596880803e-05
7.1367161166e-01 3.9294185819e+00 6.1468301377e+00 2.0768598528e+02 1.3213531528e+02 0.0000000000e+00 6.3622644110e-05
7.1373525491e-01 3.9278178268e+00 6.1527060375e+00 2.0747594508e+02 1.3205547853e+02 0.0000000000e+00 6.3648573081e-05
7.1379890881e-01 3.9267860677e+00 6.1585825373e+00 2.0726593151e+02 1.3195647021e+02 0.0000000000e+00 6.3665296681e-05
7.1386258550e-01 3.9252358031e+00 6.1644603041e+00 2.0705597456e+02 1.3187486367e+02 0.0000000000e+00 6.3690441171e-05
7.1392628969e-01 3.9238190101e+00 6.1703387278e+00 2.0684603512e+02 1.3178872075e+02 0.0000000000e+00 6.3713438198e-05
7.1399001238e-01 3.9225159288e+00 6.1762176589e+00 2.0663612555e+02 1.3169871665e+02 0.0000000000e+00 6.3734604151e-05
7.1405375890e-01 3.9215059527e+00 6.1820959202e+00 2.0642621065e+02 1.3159881251e+02 0.0000000000e+00 6.3751018872e-05
7.1411751441e-01 3.9197864264e+00 6.1879744635e+00 2.0621632802e+02 1.3152268107e+02 0.0000000000e+00 6.3778985078e-05
7.1418131687e-01 3.9179370573e+00 6.1938548468e+00 2.0600647193e+02 1.3145085597e+02 0.0000000000e+00 6.3809090434e-05
7.1424513260e-01 3.9168390703e+00 6.1997358639e+00 2.0579663882e+02 1.3135377477e+02 0.0000000000e+00 6.3826977701e-05
7.1430897083e-01 3.9153943652e+00 6.2056188243e+00 2.0558688817e+02 1.3126831488e+02 0.0000000000e+00 6.3850528626e-05
7.1437283365e-01 3.9143551422e+00 6.2115034741e+00 2.0537720536e+02 1.3116924621e+02 0.0000000000e+00 6.3867480318e-05
7.1443670579e-01 3.9127651500e+00 6.2173909049e+00 2.0516763950e+02 1.3108864935e+02 0.0000000000e+00 6.3893433522e-05
7.1450062052e-01 3.9111868525e+00 6.2232820692e+00 2.0495818480e+02 1.3100766630e+02 0.0000000000e+00 6.3919216705e-05
7.1456454422e-01 3.9098598599e+00 6.2291761700e+00 2.0474884340e+02 1.3091827504e+02 0.0000000000e+00 6.3940910661e-05
7.1462850234e-01 3.9083252271e+00 6.2350740013e+00 2.0453963032e+02 1.3083585579e+02 0.0000000000e+00 6.3966017533e-05
7.1469247625e-01 3.9073605182e+00 6.2409737554e+00 2.0433049894e+02 1.3073435250e+02 0.0000000000e+00 6.3981810440e-05
7.1475646596e-01 3.9056047641e+00 6.2468759072e+00 2.0412146740e+02 1.3065932149e+02 0.0000000000e+00 6.4010573291e-05
7.1482049740e-01 3.9039891938e+00 6.2527802994e+00 2.0391248165e+02 1.3057956332e+02 0.0000000000e+00 6.4037062499e-05
7.1488454009e-01 3.9027136831e+00 6.2586855605e+00 2.0370353388e+02 1.3048839245e+02 0.0000000000e+00 6.4057991516e-05
7.1494861338e-01 3.9014264364e+00 6.2645918335e+00 2.0349463461e+02 1.3039758530e+02 0.0000000000e+00 6.4079126975e-05
7.1501269834e-01 3.9003303544e+00 6.2704981615e+00 2.0328576914e+02 1.3030035322e+02 0.0000000000e+00 6.4097134675e-05
7.1507680765e-01 3.8982797107e+00 6.2764065585e+00 2.0307697840e+02 1.3023499689e+02 0.0000000000e+00 6.4130852210e-05
7.1514096005e-01 3.8966983297e+00 6.2823177793e+00 2.0286823997e+02 1.3015392957e+02 0.0000000000e+00 6.4156878170e-05
7.1520512141e-01 3.8956712343e+00 6.2882307659e+00 2.0265958145e+02 1.3005434061e+02 0.0000000000e+00 6.4173793157e-05
7.1526930763e-01 3.8942381807e+00 6.2941464607e+00 2.0245103431e+02 1.2996831788e+02 0.0000000000e+00 6.4197408683e-05
7.1533351623e-01 3.8929678158e+00 6.3000645998e+00 2.0224256829e+02 1.2987685608e+02 0.0000000000e+00 6.4218357774e-05
7.1539774435e-01 3.8912953465e+00 6.3059853529e+00 2.0203419200e+02 1.2979880349e+02 0.0000000000e+00 6.4245958670e-05
7.1546200814e-01 3.8896624885e+00 6.3119097241e+00 2.0182589962e+02 1.2971941667e+02 0.0000000000e+00 6.4272928755e-05
7.1552629020e-01 3.8888276884e+00 6.3178366223e+00 2.0161769372e+02 1.2961341430e+02 0.0000000000e+00 6.4286725983e-05
7.1559058160e-01 3.8871021259e+00 6.3237668022e+00 2.0140962246e+02 1.2953713070e+02 0.0000000000e+00 6.4315264148e-05
7.1565492073e-01 3.8852855810e+00 6.3296995000e+00 2.0120161465e+02 1.2946385179e+02 0.0000000000e+00 6.4345334412e-05
7.1571927226e-01 3.8843563845e+00 6.3356318289e+00 2.0099358056e+02 1.2936092924e+02 0.0000000000e+00 6.4360726785e-05
7.1578364219e-01 3.8825219462e+00 6.3415622562e+00 2.0078553035e+02 1.2928808461e+02 0.0000000000e+00 6.4391136345e-05
7.1584805454e-01 3.8810565720e+00 6.3474924623e+00 2.0057742695e+02 1.2920284930e+02 0.0000000000e+00 6.4415448568e-05
7.1591247308e-01 3.8801259521e+00 6.3534207036e+00 2.0036925186e+02 1.2909970858e+02 0.0000000000e+00 6.4430898143e-05
7.1597691633e-01 3.8781867076e+00 6.3593475163e+00 2.0016108338e+02 1.2903007157e+02 0.0000000000e+00 6.4463116102e-05
7.1604139932e-01 3.8765011568e+00 6.3652753979e+00 1.9995288869e+02 1.2895190831e+02 0.0000000000e+00 6.4491145466e-05
7.1610589862e-01 3.8756309410e+00 6.3712022070e+00 1.9974468441e+02 1.2884655909e+02 0.0000000000e+00 6.4505626002e-05
7.1617041057e-01 3.8740169276e+00 6.3771293984e+00 1.9953653312e+02 1.2876591458e+02 0.0000000000e+00 6.4532500677e-05
7.1623496363e-01 3.8721358469e+00 6.3830595655e+00 1.9932844707e+02 1.2869412060e+02 0.0000000000e+00 6.4563850517e-05
7.1629953827e-01 3.8711062650e+00 6.3889922020e+00 1.9912044124e+02 1.2859401655e+02 0.0000000000e+00 6.4581022293e-05
7.1636412567e-01 3.8693875771e+00 6.3949293671e+00 1.9891260844e+02 1.2851685472e+02 0.0000000000e+00 6.4609707614e-05
7.1642875768e-01 3.8678953869e+00 6.4008735453e+00 1.9870498408e+02 1.2843223782e+02 0.0000000000e+00 6.4634633307e-05
7.1649339494e-01 3.8668756781e+00 6.4068264395e+00 1.9849767178e+02 1.2833207497e+02 0.0000000000e+00 6.4651677688e-05
7.1655806104e-01 3.8648006163e+00 6.4127934070e+00 1.9829081074e+02 1.2826716720e+02 0.0000000000e+00 6.4686390016e-05
7.1662276772e-01 3.8632350662e+00 6.4187745177e+00 1.9808432383e+02 1.2818552355e+02 0.0000000000e+00 6.4712603742e-05
7.1668748625e-01 3.8624011595e+00 6.4247586095e+00 1.9787799489e+02 1.2807964963e+02 0.0000000000e+00 6.4726575432e-05
7.1675222087e-01 3.8608652245e+00 6.4307391157e+00 1.9767158712e+02 1.2799694863e+02 0.0000000000e+00 6.4752325052e-05
7.1681699090e-01 3.8589288636e+00 6.4367150214e+00 1.9746501747e+02 1.2792735008e+02 0.0000000000e+00 6.4784816937e-05
7.1688179050e-01 3.8576615382e+00 6.4426854087e+00 1.9725824625e+02 1.2783537662e+02 0.0000000000e+00 6.4806100152e-05
7.1694660310e-01 3.8564189798e+00 6.4486496371e+00 1.9705129921e+02 1.2774240833e+02 0.0000000000e+00 6.4826981018e-05
7.1701144446e-01 3.8546173356e+00 6.4546094390e+00 1.9684422928e+02 1.2766781508e+02 0.0000000000e+00 6.4857281083e-05
7.1707631766e-01 3.8531073816e+00 6.4605667047e+00 1.9663705977e+02 1.2758342832e+02 0.0000000000e+00 6.4882697324e-05
7.1714120986e-01 3.8518282273e+00 6.4665217945e+00 1.9642981699e+02 1.2749128816e+02 0.0000000000e+00 6.4904244231e-05
7.1720612615e-01 3.8500199254e+00 6.4724755935e+00 1.9622255871e+02 1.2741658648e+02 0.0000000000e+00 6.4934728869e-05
7.1727107932e-01 3.8483521965e+00 6.4784301889e+00 1.9601529287e+02 1.2733715813e+02 0.0000000000e+00 6.4962869102e-05
7.1733605189e-01 3.8475328542e+00 6.4843846596e+00 1.9580804016e+02 1.2722960893e+02 0.0000000000e+00 6.4976703118e-05
7.1740103272e-01 3.8460461615e+00 6.4903402074e+00 1.9560087036e+02 1.2714412551e+02 0.0000000000e+00 6.5001819922e-05
7.1746605553e-01 3.8438353794e+00 6.4963000265e+00 1.9539381522e+02 1.2708258545e+02 0.0000000000e+00 6.5039205722e-05
7.1753111113e-01 3.8423182462e+00 6.5022653385e+00 1.9518690222e+02 1.2699813610e+02 0.0000000000e+00 6.5064886347e-05
7.1759618530e-01 3.8413701803e+00 6.5082363210e+00 1.9498019723e+02 1.2689495420e+02 0.0000000000e+00 6.5080944628e-05
7.1766127302e-01 3.8399620463e+00 6.5142138545e+00 1.9477374330e+02 1.2680707580e+02 0.0000000000e+00 6.5104810149e-05
7.1772639492e-01 3.8378484305e+00 6.5202005617e+00 1.9456756609e+02 1.2674260697e+02 0.0000000000e+00 6.5140665279e-05
7.1779155435e-01 3.8362790760e+00 6.5261978987e+00 1.9436168522e+02 1.2666028811e+02 0.0000000000e+00 6.5167313183e-05
7.1785672955e-01 3.8351946311e+00 6.5322069988e+00 1.9415615846e+02 1.2656212861e+02 0.0000000000e+00 6.5185739982e-05
7.1792192583e-01 3.8338697644e+00 6.5382251802e+00 1.9395092168e+02 1.2647203322e+02 0.0000000000e+00 6.5208266155e-05
7.1798714608e-01 3.8319347339e+00 6.5442447683e+00 1.9374577196e+02 1.2640205628e+02 0.0000000000e+00 6.5241194687e-05
7.1805240822e-01 3.8301332532e+00 6.5502620525e+00 1.9354053103e+02 1.2632754413e+02 0.0000000000e+00 6.5271880499e-05
7.1811768984e-01 3.8290980105e+00 6.5562740641e+00 1.9333510813e+02 1.2622757866e+02 0.0000000000e+00 6.5289527537e-05
7.1818298728e-01 3.8276679494e+00 6.5622792979e+00 1.9312950003e+02 1.2614044804e+02 0.0000000000e+00 6.5313920462e-05
7.1824831768e-01 3.8258239261e+00 6.5682792402e+00 1.9292371260e+02 1.2606677433e+02 0.0000000000e+00 6.5345401364e-05
7.1831367808e-01 3.8241579868e+00 6.5742745871e+00 1.9271776690e+02 1.2598705883e+02 0.0000000000e+00 6.5373868146e-05
7.1837906542e-01 3.8230076048e+00 6.5802656973e+00 1.9251167543e+02 1.2589019911e+02 0.0000000000e+00 6.5393539811e-05
7.1844446516e-01 3.8215345153e+00 6.5862530659e+00 1.9230548899e+02 1.2580384151e+02 0.0000000000e+00 6.5418747103e-05
7.1850990291e-01 3.8199089189e+00 6.5922385926e+00 1.9209923734e+02 1.2572239379e+02 0.0000000000e+00 6.5446586635e-05
7.1857535833e-01 3.8181303409e+00 6.5982231149e+00 1.9189295160e+02 1.2564588848e+02 0.0000000000e+00 6.5477073248e-05
7.1864085706e-01 3.8163453286e+00 6.6042078806e+00 1.9168665886e+02 1.2556951898e+02 0.0000000000e+00 6.5507698721e-05
7.1870637373e-01 3.8151698568e+00 6.6101926255e+00 1.9148037523e+02 1.2547303424e+02 0.0000000000e+00 6.5527881952e-05
7.1877191282e-01 3.8136320912e+00 6.6161791059e+00 1.9127417618e+02 1.2538845620e+02 0.0000000000e+00 6.5554304668e-05
7.1883748234e-01 3.8118517918e+00 6.6221696279e+00 1.9106810321e+02 1.2531186523e+02 0.0000000000e+00 6.5584921359e-05
7.1890308266e-01 3.8101827781e+00 6.6281664993e+00 1.9086221846e+02 1.2523166839e+02 0.0000000000e+00 6.5613650200e-05
7.1896870964e-01 3.8090151325e+00 6.6341707805e+00 1.9065658739e+02 1.2513509448e+02 0.0000000000e+00 6.5633763927e-05
7.1903435019e-01 3.8075196587e+00 6.6401862172e+00 1.9045134118e+02 1.2504947988e+02 0.0000000000e+00 6.5659542803e-05
7.1910002873e-01 3.8057396479e+00 6.6462198083e+00 1.9024662888e+02 1.2497349167e+02 0.0000000000e+00 6.5690252915e-05
7.1916573070e-01 3.8041970631e+00 6.6522746078e+00 1.9004251542e+02 1.2489003084e+02 0.0000000000e+00 6.5716890017e-05
7.1923146251e-01 3.8023315218e+00 6.6583432067e+00 1.8983883397e+02 1.2481738696e+02 0.0000000000e+00 6.5749132754e-05
7.1929722896e-01 3.8009490036e+00 6.6644110432e+00 1.8963517000e+02 1.2472883076e+02 0.0000000000e+00 6.5773047668e-05
7.1936300860e-01 3.7996843905e+00 6.6704717151e+00 1.8943129094e+02 1.2463620098e+02 0.0000000000e+00 6.5794938292e-05
7.1942881884e-01 3.7981809630e+00 6.6765230615e+00 1.8922713114e+02 1.2455115553e+02 0.0000000000e+00 6.5820981789e-05
7.1949465057e-01 3.7965144950e+00 6.6825655144e+00 1.8902269005e+02 1.2447120267e+02 0.0000000000e+00 6.5849873702e-05
7.1956051859e-01 3.7944681858e+00 6.6886007292e+00 1.8881802446e+02 1.2440348371e+02 0.0000000000e+00 6.5885385713e-05
7.1962642134e-01 3.7928072930e+00 6.6946310184e+00 1.8861318348e+02 1.2432294137e+02 0.0000000000e+00 6.5914237316e-05
7.1969234706e-01 3.7918756832e+00 6.7006570227e+00 1.8840820514e+02 1.2421834263e+02 0.0000000000e+00 6.5930431502e-05
7.1975828220e-01 3.7904309019e+00 6.7066798345e+00 1.8820314883e+02 1.2413044433e+02 0.0000000000e+00 6.5955561905e-05
7.1982425818e-01 3.7883692692e+00 6.7127022497e+00 1.8799807613e+02 1.2406266573e+02 0.0000000000e+00 6.5991454959e-05
7.1989026511e-01 3.7867749933e+00 6.7187247531e+00 1.8779298813e+02 1.2397950001e+02 0.0000000000e+00 6.6019238122e-05
7.1995629666e-01 3.7849208592e+00 6.7247489117e+00 1.8758795713e+02 1.2390480813e+02 0.0000000000e+00 6.6051579227e-05
7.2002236827e-01 3.7833962244e+00 6.7307766506e+00 1.8738301941e+02 1.2381932019e+02 0.0000000000e+00 6.6078196724e-05
7.2008845305e-01 3.7823265456e+00 6.7368084632e+00 1.8717823203e+02 1.2371897942e+02 0.0000000000e+00 6.6096884282e-05
7.2015456204e-01 3.7805797602e+00 6.7428473207e+00 1.8697367999e+02 1.2364087776e+02 0.0000000000e+00 6.6127423798e-05
7.2022070790e-01 3.7787759961e+00 6.7488957436e+00 1.8676938957e+02 1.2356474012e+02 0.0000000000e+00 6.6158989116e-05
7.2028688002e-01 3.7772523321e+00 6.7549544193e+00 1.8656538349e+02 1.2347956072e+02 0.0000000000e+00 6.6185676258e-05
7.2035307925e-01 3.7757859674e+00 6.7610207449e+00 1.8636161238e+02 1.2339259560e+02 0.0000000000e+00 6.6211380137e-05
7.2041930278e-01 3.7738240360e+00 6.7670897577e+00 1.8615795357e+02 1.2332182939e+02 0.0000000000e+00 6.6245802034e-05
7.2048557086e-01 3.7719173318e+00 6.7731584500e+00 1.8595427824e+02 1.2324917401e+02 0.0000000000e+00 6.6279289286e-05
7.2055186135e-01 3.7706720638e+00 6.7792255409e+00 1.8575053854e+02 1.2315479535e+02 0.0000000000e+00 6.6301178085e-05
7.2061817321e-01 3.7695759651e+00 6.7852899921e+00 1.8554673930e+02 1.2305544511e+02 0.0000000000e+00 6.6320456813e-05
7.2068450227e-01 3.7678326215e+00 6.7913526507e+00 1.8534291384e+02 1.2297714127e+02 0.0000000000e+00 6.6351142716e-05
7.2075087550e-01 3.7657977638e+00 6.7974158398e+00 1.8513907548e+02 1.2290827010e+02 0.0000000000e+00 6.6386995712e-05
7.2081727626e-01 3.7642931617e+00 6.8034791810e+00 1.8493522897e+02 1.2282201533e+02 0.0000000000e+00 6.6413530843e-05
7.2088370256e-01 3.7627591273e+00 6.8095432932e+00 1.8473141580e+02 1.2273667377e+02 0.0000000000e+00 6.6440606891e-05
7.2095015747e-01 3.7611595461e+00 6.8156088017e+00 1.8452764881e+02 1.2265343077e+02 0.0000000000e+00 6.6468863374e-05
7.2101664029e-01 3.7591126476e+00 6.8216771563e+00 1.8432395896e+02 1.2258475353e+02 0.0000000000e+00 6.6505056762e-05
7.2108316759e-01 3.7572816421e+00 6.8277494551e+00 1.8412035391e+02 1.2250901812e+02 0.0000000000e+00 6.6537466130e-05
7.2114971522e-01 3.7562090524e+00 6.8338246107e+00 1.8391684175e+02 1.2240855021e+02 0.0000000000e+00 6.6556465977e-05
7.2121628052e-01 3.7549228622e+00 6.8399026218e+00 1.8371345244e+02 1.2231506424e+02 0.0000000000e+00 6.6579263856e-05
7.2128287375e-01 3.7532018250e+00 6.8459839523e+00 1.8351017343e+02 1.2223574829e+02 0.0000000000e+00 6.6609793892e-05
7.2134950011e-01 3.7512073136e+00 6.8520692828e+00 1.8330699664e+02 1.2216533326e+02 0.0000000000e+00 6.6645210221e-05
7.2141616417e-01 3.7495137081e+00 6.8581581409e+00 1.8310390489e+02 1.2208510166e+02 0.0000000000e+00 6.6675312977e-05
7.2148285073e-01 3.7480602654e+00 6.8642497095e+00 1.8290089438e+02 1.2199703408e+02 0.0000000000e+00 6.6701168684e-05
7.2154956651e-01 3.7465774199e+00 6.8703429571e+00 1.8269794520e+02 1.2190989583e+02 0.0000000000e+00 6.6727568118e-05
7.2161630587e-01 3.7447994852e+00 6.8764369743e+00 1.8249502364e+02 1.2183230662e+02 0.0000000000e+00 6.6759248656e-05
7.2168308500e-01 3.7429340347e+00 6.8825315366e+00 1.8229209613e+02 1.2175748653e+02 0.0000000000e+00 6.6792520969e-05
7.2174989091e-01 3.7412266074e+00 6.8886262271e+00 1.8208915916e+02 1.2167744584e+02 0.0000000000e+00 6.6823003852e-05
7.2181673101e-01 3.7394151740e+00 6.8947210671e+00 1.8188622446e+02 1.2160071562e+02 0.0000000000e+00 6.6855374001e-05
7.2188360166e-01 3.7377957747e+00 6.9008162751e+00 1.8168328770e+02 1.2151766619e+02 0.0000000000e+00 6.6884339078e-05
7.2195049969e-01 3.7364332229e+00 6.9069116259e+00 1.8148036261e+02 1.2142620501e+02 0.0000000000e+00 6.6908729551e-05
7.2201741912e-01 3.7348734021e+00 6.9130075454e+00 1.8127746918e+02 1.2134110696e+02 0.0000000000e+00 6.6936673104e-05
7.2208437304e-01 3.7331435810e+00 6.9191052043e+00 1.8107461749e+02 1.2126148751e+02 0.0000000000e+00 6.6967689449e-05
7.2215135450e-01 3.7316977506e+00 6.9252044856e+00 1.8087180935e+02 1.2117260121e+02 0.0000000000e+00 6.6993635794e-05
7.2221836031e-01 3.7299611216e+00 6.9313059073e+00 1.8066907074e+02 1.2109313264e+02 0.0000000000e+00 6.7024827296e-05
7.2228540415e-01 3.7280074315e+00 6.9374101983e+00 1.8046639851e+02 1.2102068051e+02 0.0000000000e+00 6.7059952158e-05
7.2235248021e-01 3.7262089324e+00 6.9435170439e+00 1.8026378409e+02 1.2094315386e+02 0.0000000000e+00 6.7092319443e-05
7.2241958879e-01 3.7246339859e+00 6.9496257328e+00 1.8006122256e+02 1.2085833349e+02 0.0000000000e+00 6.7120689160e-05
7.2248672159e-01 3.7231809917e+00 6.9557350087e+00 1.7985869769e+02 1.2076951006e+02 0.0000000000e+00 6.7146883419e-05
7.2255388256e-01 3.7213484173e+00 6.9618450501e+00 1.7965620652e+02 1.2069294942e+02 0.0000000000e+00 6.7179949837e-05
7.2262108149e-01 3.7195666665e+00 6.9679558491e+00 1.7945372919e+02 1.2061467456e+02 0.0000000000e+00 6.7212130448e-05
7.2268830682e-01 3.7179199687e+00 6.9740676001e+00 1.7925127753e+02 1.2053196346e+02 0.0000000000e+00 6.7241899261e-05
7.2275556529e-01 3.7164383951e+00 6.9801805333e+00 1.7904886699e+02 1.2044385508e+02 0.0000000000e+00 6.7268705525e-05
7.2282284423e-01 3.7147360053e+00 6.9862954715e+00 1.7884652604e+02 1.2036287759e+02 0.0000000000e+00 6.7299533437e-05
7.2289016436e-01 3.7127903153e+00 6.9924140353e+00 1.7864427932e+02 1.2028977140e+02 0.0000000000e+00 6.7334801798e-05
7.2295751383e-01 3.7111067100e+00 6.9985368350e+00 1.7844214305e+02 1.2020817306e+02 0.0000000000e+00 6.7365349351e-05
7.2302489505e-01 3.7095245939e+00 7.0046645069e+00 1.7824015032e+02 1.2012331083e+02 0.0000000000e+00 6.7394080744e-05
7.2309230199e-01 3.7079352990e+00 7.0107971026e+00 1.7803830424e+02 1.2003870745e+02 0.0000000000e+00 6.7422967188e-05
7.2315974099e-01 3.7060911866e+00 7.0169337433e+00 1.7783657205e+02 1.1996235595e+02 0.0000000000e+00 6.7456516154e-05
7.2322721503e-01 3.7042897920e+00 7.0230717093e+00 1.7763487474e+02 1.1988456946e+02 0.0000000000e+00 6.7489320231e-05
7.2329471963e-01 3.7025920279e+00 7.0292094381e+00 1.7743316029e+02 1.1980334246e+02 0.0000000000e+00 6.7520266374e-05
7.2336225556e-01 3.7011059204e+00 7.0353462602e+00 1.7723140802e+02 1.1971516881e+02 0.0000000000e+00 6.7547377832e-05
7.2342981438e-01 3.6993995446e+00 7.0414821563e+00 1.7702962968e+02 1.1963402949e+02 0.0000000000e+00 6.7578534566e-05
7.2349741263e-01 3.6974122850e+00 7.0476181665e+00 1.7682784117e+02 1.1956189055e+02 0.0000000000e+00 6.7614856210e-05
7.2356504410e-01 3.6957136644e+00 7.0537543411e+00 1.7662603957e+02 1.1948033290e+02 0.0000000000e+00 6.7645933290e-05
7.2363270449e-01 3.6941052846e+00 7.0598907411e+00 1.7642425325e+02 1.1939579388e+02 0.0000000000e+00 6.7675385714e-05
7.2370039487e-01 3.6924885466e+00 7.0660281289e+00 1.7622250402e+02 1.1931147639e+02 0.0000000000e+00 6.7705017049e-05
7.2376811453e-01 3.6906216811e+00 7.0721684198e+00 1.7602083404e+02 1.1923521919e+02 0.0000000000e+00 6.7739264980e-05
7.2383587340e-01 3.6887788266e+00 7.0783130399e+00 1.7581926679e+02 1.1915817880e+02 0.0000000000e+00 6.7773106427e-05
7.2390366074e-01 3.6870703770e+00 7.0844617596e+00 1.7561779680e+02 1.1907678647e+02 0.0000000000e+00 6.7804509933e-05
7.2397148242e-01 3.6855577009e+00 7.0906112108e+00 1.7541636050e+02 1.1898902062e+02 0.0000000000e+00 6.7832339171e-05
7.2403932542e-01 3.6838402124e+00 7.0967595290e+00 1.7521489442e+02 1.1890777308e+02 0.0000000000e+00 6.7863964121e-05
7.2410721035e-01 3.6818333758e+00 7.1029064715e+00 1.7501338652e+02 1.1883575970e+02 0.0000000000e+00 6.7900954358e-05
7.2417512733e-01 3.6801233320e+00 7.1090521538e+00 1.7481182487e+02 1.1875405326e+02 0.0000000000e+00 6.7932505910e-05
7.2424307536e-01 3.6785911938e+00 7.1151962089e+00 1.7461021894e+02 1.1866650148e+02 0.0000000000e+00 6.7960799890e-05
7.2431104893e-01 3.6769308221e+00 7.1213391657e+00 1.7440857560e+02 1.1858298676e+02 0.0000000000e+00 6.7991488580e-05
7.2437905834e-01 3.6748562444e+00 7.1274816484e+00 1.7420693236e+02 1.1851275314e+02 0.0000000000e+00 6.8029872021e-05
7.2444710867e-01 3.6729532826e+00 7.1336246836e+00 1.7400527245e+02 1.1843689469e+02 0.0000000000e+00 6.8065118385e-05
7.2451518857e-01 3.6712833443e+00 7.1397681346e+00 1.7380362345e+02 1.1835345242e+02 0.0000000000e+00 6.8096078824e-05
7.2458330083e-01 3.6698132334e+00 7.1459124932e+00 1.7360200861e+02 1.1826351750e+02 0.0000000000e+00 6.8123357812e-05
7.2465143529e-01 3.6681832564e+00 7.1520589056e+00 1.7340046479e+02 1.1817870909e+02 0.0000000000e+00 6.8153628793e-05
7.2471960809e-01 3.6664604821e+00 7.1582091341e+00 1.7319902364e+02 1.1809688423e+02 0.0000000000e+00 6.8185652409e-05
7.2478780659e-01 3.6647664610e+00 7.1643637099e+00 1.7299771116e+02 1.1801414428e+02 0.0000000000e+00 6.8217170905e-05
7.2485604243e-01 3.6625803202e+00 7.1705247401e+00 1.7279657386e+02 1.1794729313e+02 0.0000000000e+00 6.8257888740e-05
7.2492432237e-01 3.6607964803e+00 7.1766926446e+00 1.7259561145e+02 1.1786752718e+02 0.0000000000e+00 6.8291149576e-05
7.2499262473e-01 3.6590672488e+00 7.1828674219e+00 1.7239484941e+02 1.1778606246e+02 0.0000000000e+00 6.8323423157e-05
7.2506096922e-01 3.6571182900e+00 7.1890486307e+00 1.7219426140e+02 1.1771171162e+02 0.0000000000e+00 6.8359834212e-05
7.2512934440e-01 3.6553452983e+00 7.1952332009e+00 1.7199376512e+02 1.1763168120e+02 0.0000000000e+00 6.8392991522e-05
7.2519775520e-01 3.6537721079e+00 7.2014174148e+00 1.7179326759e+02 1.1754514411e+02 0.0000000000e+00 6.8422439226e-05
7.2526618928e-01 3.6520434002e+00 7.2076002427e+00 1.7159272917e+02 1.1746350629e+02 0.0000000000e+00 6.8454827231e-05
7.2533466485e-01 3.6501093305e+00 7.2137819454e+00 1.7139215123e+02 1.1738836820e+02 0.0000000000e+00 6.8491099132e-05
7.2540317147e-01 3.6483236239e+00 7.2199628407e+00 1.7119153476e+02 1.1730835338e+02 0.0000000000e+00 6.8524622752e-05
7.2547171410e-01 3.6464691566e+00 7.2261429360e+00 1.7099090243e+02 1.1723045986e+02 0.0000000000e+00 6.8559471989e-05
7.2554029042e-01 3.6449084537e+00 7.2323228517e+00 1.7079025053e+02 1.1714303164e+02 0.0000000000e+00 6.8588828273e-05
7.2560889176e-01 3.6434416618e+00 7.2385019936e+00 1.7058958799e+02 1.1705250407e+02 0.0000000000e+00 6.8616441048e-05
7.2567752330e-01 3.6415841353e+00 7.2446810047e+00 1.7038892972e+02 1.1697445630e+02 0.0000000000e+00 6.8651441436e-05
7.2574619464e-01 3.6392809481e+00 7.2508614588e+00 1.7018828416e+02 1.1691065254e+02 0.0000000000e+00 6.8694888788e-05
7.2581491308e-01 3.6375122636e+00 7.2570431381e+00 1.6998764080e+02 1.1682959979e+02 0.0000000000e+00 6.8728290624e-05
7.2588365122e-01 3.6358937270e+00 7.2632253034e+00 1.6978702317e+02 1.1674366464e+02 0.0000000000e+00 6.8758885372e-05
7.2595243085e-01 3.6337972734e+00 7.2694092149e+00 1.6958644861e+02 1.1667302539e+02 0.0000000000e+00 6.8798554567e-05
7.2602124833e-01 3.6319567763e+00 7.2755949564e+00 1.6938590306e+02 1.1659410718e+02 0.0000000000e+00 6.8833418292e-05
7.2609009768e-01 3.6303425826e+00 7.2817823871e+00 1.6918540896e+02 1.1650788122e+02 0.0000000000e+00 6.8864024349e-05
7.2615897638e-01 3.6287063075e+00 7.2879714224e+00 1.6898497959e+02 1.1642233159e+02 0.0000000000e+00 6.8895076871e-05
7.2622788784e-01 3.6266690975e+00 7.2941637535e+00 1.6878463800e+02 1.1634962652e+02 0.0000000000e+00 6.8933777325e-05
7.2629684393e-01 3.6250644221e+00 7.3003595726e+00 1.6858437004e+02 1.1626301661e+02 0.0000000000e+00 6.8964291634e-05
7.2636581642e-01 3.6234654404e+00 7.3065573146e+00 1.6838417067e+02 1.1617619475e+02 0.0000000000e+00 6.8994724557e-05
7.2643483338e-01 3.6213052215e+00 7.3127555973e+00 1.6818400084e+02 1.1610730838e+02 0.0000000000e+00 6.9035882012e-05
7.2650388819e-01 3.6193416169e+00 7.3189540121e+00 1.6798380442e+02 1.1603201784e+02 0.0000000000e+00 6.9073336110e-05
7.2657298005e-01 3.6174039358e+00 7.3251515598e+00 1.6778357866e+02 1.1595579429e+02 0.0000000000e+00 6.9110335599e-05
7.2664210886e-01 3.6155216582e+00 7.3313483754e+00 1.6758332558e+02 1.1587769444e+02 0.0000000000e+00 6.9146315148e-05
7.2671127268e-01 3.6138827253e+00 7.3375443921e+00 1.6738304804e+02 1.1579169882e+02 0.0000000000e+00 6.9177673710e-05
7.2678046420e-01 3.6121988356e+00 7.3437397540e+00 1.6718274532e+02 1.1570704779e+02 0.0000000000e+00 6.9209922094e-05
7.2684969253e-01 3.6101156458e+00 7.3499354944e+00 1.6698244887e+02 1.1563511065e+02 0.0000000000e+00 6.9249859154e-05
7.2691896392e-01 3.6084720913e+00 7.3561319351e+00 1.6678214650e+02 1.1554900681e+02 0.0000000000e+00 6.9281400459e-05
7.2698825533e-01 3.6068694521e+00 7.3623288134e+00 1.6658187017e+02 1.1546153277e+02 0.0000000000e+00 6.9312184242e-05
7.2705758829e-01 3.6046983258e+00 7.3685281518e+00 1.6638165187e+02 1.1539221651e+02 0.0000000000e+00 6.9353931287e-05
7.2712696319e-01 3.6027172924e+00 7.3747307014e+00 1.6618149220e+02 1.1531677253e+02 0.0000000000e+00 6.9392067074e-05
7.2719637243e-01 3.6007427601e+00 7.3809371007e+00 1.6598142595e+02 1.1524110233e+02 0.0000000000e+00 6.9430119465e-05
7.2726582343e-01 3.5988412333e+00 7.3871478306e+00 1.6578146246e+02 1.1516308425e+02 0.0000000000e+00 6.9466804394e-05
7.2733530603e-01 3.5971530131e+00 7.3933625732e+00 1.6558160103e+02 1.1507823022e+02 0.0000000000e+00 6.9499406640e-05
7.2740482224e-01 3.5954448728e+00 7.3995806284e+00 1.6538183492e+02 1.1499399989e+02 0.0000000000e+00 6.9532424734e-05
7.2747437088e-01 3.5935883851e+00 7.4058016461e+00 1.6518214538e+02 1.1491448636e+02 0.0000000000e+00 6.9568345957e-05
7.2754395894e-01 3.5918379185e+00 7.4120243465e+00 1.6498250038e+02 1.1483153202e+02 0.0000000000e+00 6.9602249788e-05
7.2761357538e-01 3.5898464650e+00 7.4182480273e+00 1.6478288915e+02 1.1475622339e+02 0.0000000000e+00 6.9640861368e-05
7.2768324066e-01 3.5878312835e+00 7.4244726484e+00 1.6458329948e+02 1.1468160462e+02 0.0000000000e+00 6.9679976633e-05
7.2775293534e-01 3.5859681049e+00 7.4306984553e+00 1.6438375128e+02 1.1460207290e+02 0.0000000000e+00 6.9716180592e-05
7.2782267302e-01 3.5838673370e+00 7.4369283598e+00 1.6418431136e+02 1.1453012620e+02 0.0000000000e+00 6.9757046367e-05
7.2789244943e-01 3.5820525984e+00 7.4431643058e+00 1.6398501076e+02 1.1444905278e+02 0.0000000000e+00 6.9792386664e-05
7.2796225779e-01 3.5802775980e+00 7.4494042286e+00 1.6378583115e+02 1.1436671226e+02 0.0000000000e+00 6.9826987756e-05
7.2803210340e-01 3.5784695075e+00 7.4556434805e+00 1.6358665791e+02 1.1428535130e+02 0.0000000000e+00 6.9862269183e-05
7.2810198233e-01 3.5768694971e+00 7.4618800274e+00 1.6338740199e+02 1.1419720661e+02 0.0000000000e+00 6.9893520075e-05
7.2817189044e-01 3.5750044449e+00 7.4681125213e+00 1.6318803948e+02 1.1411736824e+02 0.0000000000e+00 6.9929982984e-05
7.2824184230e-01 3.5726250976e+00 7.4743418625e+00 1.6298858388e+02 1.1405379758e+02 0.0000000000e+00 6.9976555941e-05
7.2831184356e-01 3.5707584511e+00 7.4805690201e+00 1.6278902638e+02 1.1397370378e+02 0.0000000000e+00 7.0013136823e-05
7.2838186857e-01 3.5689891948e+00 7.4867933426e+00 1.6258939513e+02 1.1389036661e+02 0.0000000000e+00 7.0047844462e-05
7.2845193925e-01 3.5668367517e+00 7.4930162170e+00 1.6238972444e+02 1.1381914546e+02 0.0000000000e+00 7.0090115529e-05
7.2852204880e-01 3.5649579240e+00 7.4992391973e+00 1.6219000539e+02 1.1373907410e+02 0.0000000000e+00 7.0127054885e-05
7.2859219336e-01 3.5630963207e+00 7.5054616967e+00 1.6199028088e+02 1.1365836502e+02 0.0000000000e+00 7.0163694017e-05
7.2866237619e-01 3.5614562706e+00 7.5116845043e+00 1.6179055142e+02 1.1357050257e+02 0.0000000000e+00 7.0196004389e-05
7.2873258536e-01 3.5597339554e+00 7.5179084627e+00 1.6159086159e+02 1.1348520958e+02 0.0000000000e+00 7.0229967501e-05
7.2880283613e-01 3.5575472220e+00 7.5241357274e+00 1.6139125858e+02 1.1341469874e+02 0.0000000000e+00 7.0273136068e-05
7.2887313164e-01 3.5552873272e+00 7.5303688000e+00 1.6119178387e+02 1.1334652381e+02 0.0000000000e+00 7.0317804722e-05
7.2894347173e-01 3.5535412090e+00 7.5366085416e+00 1.6099247888e+02 1.1326200360e+02 0.0000000000e+00 7.0352357071e-05
7.2901383635e-01 3.5516670333e+00 7.5428559351e+00 1.6079339981e+02 1.1318163999e+02 0.0000000000e+00 7.0389481236e-05
7.2908425070e-01 3.5494616558e+00 7.5491129943e+00 1.6059457594e+02 1.1311192478e+02 0.0000000000e+00 7.0433216144e-05
7.2915470278e-01 3.5476112087e+00 7.5553796812e+00 1.6039600651e+02 1.1303099260e+02 0.0000000000e+00 7.0469954371e-05
7.2922519061e-01 3.5457876620e+00 7.5616554421e+00 1.6019769649e+02 1.1294930193e+02 0.0000000000e+00 7.0506196036e-05
7.2929571517e-01 3.5440036727e+00 7.5679387821e+00 1.5999959019e+02 1.1286641110e+02 0.0000000000e+00 7.0541687619e-05
7.2936627398e-01 3.5423443323e+00 7.5742249933e+00 1.5980158458e+02 1.1277953919e+02 0.0000000000e+00 7.0574731463e-05
7.2943686464e-01 3.5403965744e+00 7.5805104008e+00 1.5960357865e+02 1.1270176610e+02 0.0000000000e+00 7.0613558325e-05
7.2950750110e-01 3.5379823168e+00 7.5867951628e+00 1.5940555608e+02 1.1263874562e+02 0.0000000000e+00 7.0661743790e-05
7.2957818813e-01 3.5361124423e+00 7.5930798148e+00 1.5920749171e+02 1.1255827855e+02 0.0000000000e+00 7.0699109285e-05
7.2964889932e-01 3.5342790227e+00 7.5993628614e+00 1.5900940719e+02 1.1247655192e+02 0.0000000000e+00 7.0735784695e-05
7.2971965969e-01 3.5320260773e+00 7.6056467028e+00 1.5881133479e+02 1.1240809900e+02 0.0000000000e+00 7.0780904368e-05
7.2979046112e-01 3.5301917451e+00 7.6119317674e+00 1.5861328303e+02 1.1232625200e+02 0.0000000000e+00 7.0817683019e-05
7.2986129506e-01 3.5283896485e+00 7.6182190755e+00 1.5841530338e+02 1.1224334552e+02 0.0000000000e+00 7.0853852580e-05
7.2993216883e-01 3.5264533258e+00 7.6245102553e+00 1.5821743364e+02 1.1216470134e+02 0.0000000000e+00 7.0892757369e-05
7.3000308058e-01 3.5244220669e+00 7.6308084630e+00 1.5801973942e+02 1.1208911449e+02 0.0000000000e+00 7.0933615570e-05
7.3007403606e-01 3.5227337079e+00 7.6371173003e+00 1.5782230173e+02 1.1200271921e+02 0.0000000000e+00 7.0967612295e-05
7.3014501580e-01 3.5209208158e+00 7.6434385880e+00 1.5762517033e+02 1.1192041697e+02 0.0000000000e+00 7.1004152912e-05
7.3021604437e-01 3.5187179131e+00 7.6497671658e+00 1.5742823053e+02 1.1185056206e+02 0.0000000000e+00 7.1048605252e-05
7.3028711301e-01 3.5165911040e+00 7.6560955214e+00 1.5723126938e+02 1.1177818570e+02 0.0000000000e+00 7.1091574939e-05
7.3035822752e-01 3.5144699881e+00 7.6624198524e+00 1.5703417682e+02 1.1170544730e+02 0.0000000000e+00 7.1134481400e-05
7.3042938197e-01 3.5125147675e+00 7.6687387631e+00 1.5683691545e+02 1.1162722852e+02 0.0000000000e+00 7.1174077988e-05
7.3050057567e-01 3.5106904628e+00 7.6750518699e+00 1.5663949371e+02 1.1154464868e+02 0.0000000000e+00 7.1211063080e-05
7.3057180410e-01 3.5089133607e+00 7.6813600541e+00 1.5644193274e+02 1.1146038436e+02 0.0000000000e+00 7.1247128185e-05
7.3064306993e-01 3.5067906934e+00 7.6876647034e+00 1.5624428022e+02 1.1138694456e+02 0.0000000000e+00 7.1290254212e-05
7.3071438461e-01 3.5045499101e+00 7.6939677266e+00 1.5604657592e+02 1.1131713053e+02 0.0000000000e+00 7.1335836674e-05
7.3078574160e-01 3.5026651404e+00 7.7002696760e+00 1.5584884220e+02 1.1123589892e+02 0.0000000000e+00 7.1374222193e-05
7.3085713305e-01 3.5011794071e+00 7.7065700759e+00 1.5565109036e+02 1.1114189839e+02 0.0000000000e+00 7.1404510003e-05
7.3092855062e-01 3.4993868424e+00 7.7128701345e+00 1.5545337647e+02 1.1105758199e+02 0.0000000000e+00 7.1441087042e-05
7.3100001523e-01 3.4969335295e+00 7.7191729767e+00 1.5525575051e+02 1.1099421050e+02 0.0000000000e+00 7.1491207337e-05
7.3107153304e-01 3.4946393782e+00 7.7254814511e+00 1.5505826085e+02 1.1092579525e+02 0.0000000000e+00 7.1538139690e-05
7.3114309151e-01 3.4927824671e+00 7.7317977546e+00 1.5486098978e+02 1.1084356902e+02 0.0000000000e+00 7.1576172393e-05
7.3121468538e-01 3.4909168545e+00 7.7381243596e+00 1.5466402025e+02 1.1076174734e+02 0.0000000000e+00 7.1614424067e-05
7.3128632035e-01 3.4887207407e+00 7.7444647256e+00 1.5446741836e+02 1.1069058678e+02 0.0000000000e+00 7.1659504609e-05
7.3135800439e-01 3.4866435459e+00 7.7508208530e+00 1.5427121736e+02 1.1061585112e+02 0.0000000000e+00 7.1702196313e-05
7.3142972475e-01 3.4847505853e+00 7.7571936488e+00 1.5407544393e+02 1.1053548895e+02 0.0000000000e+00 7.1741145852e-05
7.3150148668e-01 3.4830763917e+00 7.7635821020e+00 1.5388007421e+02 1.1044839167e+02 0.0000000000e+00 7.1775629325e-05
7.3157327601e-01 3.4810203488e+00 7.7699824048e+00 1.5368501498e+02 1.1037353964e+02 0.0000000000e+00 7.1818023151e-05
7.3164512273e-01 3.4786345124e+00 7.7763877190e+00 1.5349008741e+02 1.1030915066e+02 0.0000000000e+00 7.1867279850e-05
7.3171701056e-01 3.4767442735e+00 7.7827929566e+00 1.5329513461e+02 1.1022894018e+02 0.0000000000e+00 7.1906352706e-05
7.3178893543e-01 3.4750818316e+00 7.7891959154e+00 1.5310011767e+02 1.1014137587e+02 0.0000000000e+00 7.1940751935e-05
7.3186089207e-01 3.4734504311e+00 7.7955970052e+00 1.5290503999e+02 1.1005270050e+02 0.0000000000e+00 7.1974540866e-05
7.3193288452e-01 3.4713291644e+00 7.8019968303e+00 1.5270994401e+02 1.0997944647e+02 0.0000000000e+00 7.2018523211e-05
7.3200492912e-01 3.4688249357e+00 7.8083978002e+00 1.5251484577e+02 1.0991823499e+02 0.0000000000e+00 7.2070515126e-05
7.3207702555e-01 3.4667420908e+00 7.8148011554e+00 1.5231977832e+02 1.0984360411e+02 0.0000000000e+00 7.2113815637e-05
7.3214915675e-01 3.4650314250e+00 7.8212075560e+00 1.5212480319e+02 1.0975715984e+02 0.0000000000e+00 7.2149417808e-05
7.3222132438e-01 3.4629133045e+00 7.8276193084e+00 1.5192998651e+02 1.0968364867e+02 0.0000000000e+00 7.2193548616e-05
7.3229354384e-01 3.4606817884e+00 7.8340383727e+00 1.5173535289e+02 1.0961377133e+02 0.0000000000e+00 7.2240100445e-05
7.3236580458e-01 3.4587331053e+00 7.8404647327e+00 1.5154091467e+02 1.0953498728e+02 0.0000000000e+00 7.2280801203e-05
7.3243810545e-01 3.4569060589e+00 7.8468974406e+00 1.5134667019e+02 1.0945240311e+02 0.0000000000e+00 7.2319003102e-05
7.3251044259e-01 3.4549315424e+00 7.8533351112e+00 1.5115259049e+02 1.0937451917e+02 0.0000000000e+00 7.2360333897e-05
7.3258282611e-01 3.4527077948e+00 7.8597771383e+00 1.5095864318e+02 1.0930453151e+02 0.0000000000e+00 7.2406938224e-05
7.3265525647e-01 3.4507716869e+00 7.8662222086e+00 1.5076479404e+02 1.0922541950e+02 0.0000000000e+00 7.2447563237e-05
7.3272772124e-01 3.4488626809e+00 7.8726702351e+00 1.5057105900e+02 1.0914544368e+02 0.0000000000e+00 7.2487664234e-05
7.3280023179e-01 3.4468322366e+00 7.8791229325e+00 1.5037747435e+02 1.0906933093e+02 0.0000000000e+00 7.2530364938e-05
7.3287278197e-01 3.4446885312e+00 7.8855833974e+00 1.5018410732e+02 1.0899687008e+02 0.0000000000e+00 7.2575502178e-05
7.3294538280e-01 3.4425774701e+00 7.8920553516e+00 1.4999104414e+02 1.0892350676e+02 0.0000000000e+00 7.2620007006e-05
7.3301802198e-01 3.4407016647e+00 7.8985419336e+00 1.4979836891e+02 1.0884289275e+02 0.0000000000e+00 7.2659598059e-05
7.3309070199e-01 3.4389844191e+00 7.9050454841e+00 1.4960615067e+02 1.0875750835e+02 0.0000000000e+00 7.2695880393e-05
7.3316341375e-01 3.4372125679e+00 7.9115669530e+00 1.4941441600e+02 1.0867411678e+02 0.0000000000e+00 7.2733354444e-05
7.3323616870e-01 3.4350860527e+00 7.9181063300e+00 1.4922314719e+02 1.0860218995e+02 0.0000000000e+00 7.2778380560e-05
7.3330897051e-01 3.4327774610e+00 7.9246622280e+00 1.4903227823e+02 1.0853622171e+02 0.0000000000e+00 7.2827325057e-05
7.3338182335e-01 3.4306962844e+00 7.9312310538e+00 1.4884171218e+02 1.0846319511e+02 0.0000000000e+00 7.2871504580e-05
7.3345471352e-01 3.4288976312e+00 7.9378069938e+00 1.4865133130e+02 1.0838128408e+02 0.0000000000e+00 7.2909729858e-05
7.3352764281e-01 3.4267901922e+00 7.9443852179e+00 1.4846102565e+02 1.0830910074e+02 0.0000000000e+00 7.2954568554e-05
7.3360062265e-01 3.4246229589e+00 7.9509639041e+00 1.4827071114e+02 1.0823871191e+02 0.0000000000e+00 7.3000737015e-05
7.3367364429e-01 3.4226606457e+00 7.9575421449e+00 1.4808038544e+02 1.0816174956e+02 0.0000000000e+00 7.3042590511e-05
7.3374670783e-01 3.4208990113e+00 7.9641200543e+00 1.4789006818e+02 1.0807836455e+02 0.0000000000e+00 7.3080204699e-05
7.3381980470e-01 3.4188631794e+00 7.9706996660e+00 1.4769982107e+02 1.0800360626e+02 0.0000000000e+00 7.3123721799e-05
7.3389295528e-01 3.4165639816e+00 7.9772846107e+00 1.4750971447e+02 1.0793718138e+02 0.0000000000e+00 7.3172930859e-05
7.3396615056e-01 3.4146090660e+00 7.9838772766e+00 1.4731981572e+02 1.0785994302e+02 0.0000000000e+00 7.3214823473e-05
7.3403938492e-01 3.4127764091e+00 7.9904798163e+00 1.4713020777e+02 1.0777896801e+02 0.0000000000e+00 7.3254139748e-05
7.3411265884e-01 3.4108803965e+00 7.9970937010e+00 1.4694093599e+02 1.0770015283e+02 0.0000000000e+00 7.3294859666e-05
7.3418597464e-01 3.4087204437e+00 8.0037201180e+00 1.4675202238e+02 1.0762984587e+02 0.0000000000e+00 7.3341303322e-05
7.3425934144e-01 3.4066159493e+00 8.0103587874e+00 1.4656345229e+02 1.0755795082e+02 0.0000000000e+00 7.3386611147e-05
7.3433274787e-01 3.4047001676e+00 8.0170085184e+00 1.4637520591e+02 1.0748024694e+02 0.0000000000e+00 7.3427904865e-05
7.3440619725e-01 3.4029765113e+00 8.0236675923e+00 1.4618725397e+02 1.0739660815e+02 0.0000000000e+00 7.3465097149e-05
7.3447967806e-01 3.4010006925e+00 8.0303351347e+00 1.4599957618e+02 1.0732104268e+02 0.0000000000e+00 7.3507776859e-05
7.3455321281e-01 3.3987037641e+00 8.0370116332e+00 1.4581215302e+02 1.0725570920e+02 0.0000000000e+00 7.3557455240e-05
7.3462679297e-01 3.3966477048e+00 8.0436968472e+00 1.4562496634e+02 1.0718286013e+02 0.0000000000e+00 7.3601981050e-05
7.3470041677e-01 3.3948003893e+00 8.0503905368e+00 1.4543802580e+02 1.0710351797e+02 0.0000000000e+00 7.3642032324e-05
7.3477407704e-01 3.3928944338e+00 8.0570927856e+00 1.4525133778e+02 1.0702612520e+02 0.0000000000e+00 7.3683400671e-05
7.3484778357e-01 3.3907105054e+00 8.0638046713e+00 1.4506490982e+02 1.0695760489e+02 0.0000000000e+00 7.3730859536e-05
7.3492153875e-01 3.3886509724e+00 8.0705264502e+00 1.4487873602e+02 1.0688525995e+02 0.0000000000e+00 7.3775671215e-05
7.3499533491e-01 3.3867655768e+00 8.0772581513e+00 1.4469282845e+02 1.0680753153e+02 0.0000000000e+00 7.3816741764e-05
7.3506917224e-01 3.3849729263e+00 8.0839997314e+00 1.4450719808e+02 1.0672699695e+02 0.0000000000e+00 7.3855834431e-05
7.3514304658e-01 3.3828937643e+00 8.0907523841e+00 1.4432187127e+02 1.0665563370e+02 0.0000000000e+00 7.3901227003e-05
7.3521697469e-01 3.3807306069e+00 8.0975179813e+00 1.4413687478e+02 1.0658707506e+02 0.0000000000e+00 7.3948512635e-05
7.3529094361e-01 3.3788440903e+00 8.1042978663e+00 1.4395225144e+02 1.0650998359e+02 0.0000000000e+00 7.3989800453e-05
7.3536495429e-01 3.3770592145e+00 8.1110938260e+00 1.4376806590e+02 1.0642992673e+02 0.0000000000e+00 7.4028906253e-05
7.3543900142e-01 3.3751171801e+00 8.1179079972e+00 1.4358437582e+02 1.0635510425e+02 0.0000000000e+00 7.4071502309e-05
7.3551309730e-01 3.3729106591e+00 8.1247430621e+00 1.4340123152e+02 1.0628893411e+02 0.0000000000e+00 7.4119959071e-05
7.3558724134e-01 3.3709286209e+00 8.1315997773e+00 1.4321865137e+02 1.0621602196e+02 0.0000000000e+00 7.4163540114e-05
7.3566142438e-01 3.3691031068e+00 8.1384777054e+00 1.4303664690e+02 1.0613851993e+02 0.0000000000e+00 7.4203724871e-05
7.3573564879e-01 3.3673134195e+00 8.1453751330e+00 1.4285518961e+02 1.0606021167e+02 0.0000000000e+00 7.4243163274e-05
7.3580991070e-01 3.3652597640e+00 8.1522902202e+00 1.4267423230e+02 1.0599050468e+02 0.0000000000e+00 7.4288470291e-05
7.3588422573e-01 3.3631743843e+00 8.1592204853e+00 1.4249370322e+02 1.0592203001e+02 0.0000000000e+00 7.4334533817e-05
7.3595857977e-01 3.3613053428e+00 8.1661629663e+00 1.4231354164e+02 1.0584693083e+02 0.0000000000e+00 7.4375867262e-05
7.3603297746e-01 3.3595964909e+00 8.1731152459e+00 1.4213371056e+02 1.0576695069e+02 0.0000000000e+00 7.4413698394e-05
7.3610740717e-01 3.3576462916e+00 8.1800768200e+00 1.4195420506e+02 1.0569472834e+02 0.0000000000e+00 7.4456919606e-05
7.3618189130e-01 3.3554372781e+00 8.1870496382e+00 1.4177504861e+02 1.0563082905e+02 0.0000000000e+00 7.4505937462e-05
7.3625641904e-01 3.3535582984e+00 8.1940353667e+00 1.4159628265e+02 1.0555674752e+02 0.0000000000e+00 7.4547682716e-05
7.3633098667e-01 3.3518030324e+00 8.2010364971e+00 1.4141798956e+02 1.0547904232e+02 0.0000000000e+00 7.4586721710e-05
7.3640559249e-01 3.3499973539e+00 8.2080557035e+00 1.4124023474e+02 1.0540324351e+02 0.0000000000e+00 7.4626924618e-05
7.3648024052e-01 3.3479351847e+00 8.2150958679e+00 1.4106307212e+02 1.0533587446e+02 0.0000000000e+00 7.4672891261e-05
7.3655493827e-01 3.3459226243e+00 8.2221583674e+00 1.4088651920e+02 1.0526731713e+02 0.0000000000e+00 7.4717806736e-05
7.3662967613e-01 3.3441200398e+00 8.2292430737e+00 1.4071057903e+02 1.0519252999e+02 0.0000000000e+00 7.4758081955e-05
7.3670445443e-01 3.3424795345e+00 8.2363487165e+00 1.4053523513e+02 1.0511301092e+02 0.0000000000e+00 7.4794773586e-05
7.3677926568e-01 3.3405547830e+00 8.2434745870e+00 1.4036047001e+02 1.0504278416e+02 0.0000000000e+00 7.4837868630e-05
7.3685413017e-01 3.3384184618e+00 8.2506210013e+00 1.4018626204e+02 1.0497954619e+02 0.0000000000e+00 7.4885758888e-05
7.3692903720e-01 3.3366195104e+00 8.2577873704e+00 1.4001259858e+02 1.0490602700e+02 0.0000000000e+00 7.4926133837e-05
7.3700398244e-01 3.3349425311e+00 8.2649738772e+00 1.3983950591e+02 1.0482902224e+02 0.0000000000e+00 7.4963810521e-05
7.3707896482e-01 3.3331495377e+00 8.2721815090e+00 1.3966700711e+02 1.0475603144e+02 0.0000000000e+00 7.5004135630e-05
7.3715399071e-01 3.3311110283e+00 8.2794121862e+00 1.3949512858e+02 1.0469114313e+02 0.0000000000e+00 7.5050035222e-05
7.3722906489e-01 3.3292261735e+00 8.2866665563e+00 1.3932387665e+02 1.0462181704e+02 0.0000000000e+00 7.5092525100e-05
7.3730417576e-01 3.3275182692e+00 8.2939443868e+00 1.3915325944e+02 1.0454732941e+02 0.0000000000e+00 7.5131067592e-05
7.3737932702e-01 3.3258866659e+00 8.3012445879e+00 1.3898326379e+02 1.0447083572e+02 0.0000000000e+00 7.5167925161e-05
7.3745451161e-01 3.3239720245e+00 8.3085666284e+00 1.3881387439e+02 1.0440361213e+02 0.0000000000e+00 7.5211222645e-05
7.3752974947e-01 3.3219796758e+00 8.3159101942e+00 1.3864506590e+02 1.0433918885e+02 0.0000000000e+00 7.5256330381e-05
7.3760502427e-01 3.3202644300e+00 8.3232744222e+00 1.3847682981e+02 1.0426641667e+02 0.0000000000e+00 7.5295207737e-05
7.3768033988e-01 3.3186780090e+00 8.3306592776e+00 1.3830918981e+02 1.0418997372e+02 0.0000000000e+00 7.5331200955e-05
7.3775568667e-01 3.3169116407e+00 8.3380660747e+00 1.3814218433e+02 1.0411958419e+02 0.0000000000e+00 7.5371317382e-05
7.3783108252e-01 3.3148747616e+00 8.3454979191e+00 1.3797586871e+02 1.0405813088e+02 0.0000000000e+00 7.5417630523e-05
7.3790652193e-01 3.3130797301e+00 8.3529569029e+00 1.3781029452e+02 1.0398956994e+02 0.0000000000e+00 7.5458491907e-05
7.3798199950e-01 3.3113829018e+00 8.3604451484e+00 1.3764553801e+02 1.0391847009e+02 0.0000000000e+00 7.5497158563e-05
7.3805751625e-01 3.3097207786e+00 8.3679644893e+00 1.3748165406e+02 1.0384686750e+02 0.0000000000e+00 7.5535072812e-05
7.3813306965e-01 3.3079510922e+00 8.3755167021e+00 1.3731868974e+02 1.0377926238e+02 0.0000000000e+00 7.5575482536e-05
7.3820866722e-01 3.3061641053e+00 8.3831029491e+00 1.3715667079e+02 1.0371284245e+02 0.0000000000e+00 7.5616331205e-05
7.3828430231e-01 3.3045254271e+00 8.3907235597e+00 1.3699560902e+02 1.0364242313e+02 0.0000000000e+00 7.5653828520e-05
7.3835997487e-01 3.3030873955e+00 8.3983776241e+00 1.3683549677e+02 1.0356636110e+02 0.0000000000e+00 7.5686765158e-05
7.3843567584e-01 3.3013984314e+00 8.4060642126e+00 1.3667631209e+02 1.0349880129e+02 0.0000000000e+00 7.5725485788e-05
7.3851142584e-01 3.2994555173e+00 8.4137826466e+00 1.3651799897e+02 1.0343979352e+02 0.0000000000e+00 7.5770077423e-05
7.3858721600e-01 3.2978710772e+00 8.4215295811e+00 1.3636046934e+02 1.0337007280e+02 0.0000000000e+00 7.5806480649e-05
7.3866303881e-01 3.2964130277e+00 8.4293011314e+00 1.3620365041e+02 1.0329686334e+02 0.0000000000e+00 7.5840010916e-05
7.3873889602e-01 3.2948401293e+00 8.4370937509e+00 1.3604745389e+02 1.0322765942e+02 0.0000000000e+00 7.5876215594e-05
7.3881479124e-01 3.2930121928e+00 8.4449055735e+00 1.3589181387e+02 1.0316680134e+02 0.0000000000e+00 7.5918334147e-05
7.3889073269e-01 3.2913063980e+00 8.4527354839e+00 1.3573669200e+02 1.0310244291e+02 0.0000000000e+00 7.5957680559e-05
7.3896670660e-01 3.2897954574e+00 8.4605842263e+00 1.3558211758e+02 1.0303233083e+02 0.0000000000e+00 7.5992566480e-05
7.3904271782e-01 3.2883663821e+00 8.4684546423e+00 1.3542816839e+02 1.0296006638e+02 0.0000000000e+00 7.6025591724e-05
7.3911875778e-01 3.2866399985e+00 8.4763524403e+00 1.3527496758e+02 1.0289761553e+02 0.0000000000e+00 7.6065525921e-05
7.3919484887e-01 3.2847573745e+00 8.4842841155e+00 1.3512263751e+02 1.0284065313e+02 0.0000000000e+00 7.6109122073e-05
7.3927097603e-01 3.2830248476e+00 8.4922544724e+00 1.3497128355e+02 1.0277966953e+02 0.0000000000e+00 7.6149286590e-05
7.3934714744e-01 3.2816852492e+00 8.5002654144e+00 1.3482096131e+02 1.0270710859e+02 0.0000000000e+00 7.6180371064e-05
7.3942333677e-01 3.2805715440e+00 8.5083145105e+00 1.3467164635e+02 1.0262818882e+02 0.0000000000e+00 7.6206233167e-05
7.3949955991e-01 3.2789092266e+00 8.5163985983e+00 1.3452324923e+02 1.0256707333e+02 0.0000000000e+00 7.6244867643e-05
7.3957582650e-01 3.2773042736e+00 8.5245110558e+00 1.3437557667e+02 1.0250465432e+02 0.0000000000e+00 7.6282206084e-05
7.3965212432e-01 3.2759890351e+00 8.5326428897e+00 1.3422843980e+02 1.0243352340e+02 0.0000000000e+00 7.6312831736e-05
7.3972845217e-01 3.2746512985e+00 8.5407861833e+00 1.3408167212e+02 1.0236332047e+02 0.0000000000e+00 7.6344006493e-05
7.3980481233e-01 3.2729814888e+00 8.5489368092e+00 1.3393516102e+02 1.0230363468e+02 0.0000000000e+00 7.6382955679e-05
7.3988121808e-01 3.2712074208e+00 8.5570944029e+00 1.3378887116e+02 1.0224731571e+02 0.0000000000e+00 7.6424380311e-05
7.3995766110e-01 3.2697510116e+00 8.5652615683e+00 1.3364286411e+02 1.0218122392e+02 0.0000000000e+00 7.6458421179e-05
7.4003413492e-01 3.2686084505e+00 8.5734430532e+00 1.3349728086e+02 1.0210559240e+02 0.0000000000e+00 7.6485147667e-05
7.4011063139e-01 3.2671060601e+00 8.5816465493e+00 1.3335230570e+02 1.0204161057e+02 0.0000000000e+00 7.6520319636e-05
7.4018717556e-01 3.2653150065e+00 8.5898804839e+00 1.3320809203e+02 1.0198716798e+02 0.0000000000e+00 7.6562291693e-05
7.4026375597e-01 3.2639169445e+00 8.5981487597e+00 1.3306473333e+02 1.0192104731e+02 0.0000000000e+00 7.6595086289e-05
7.4034036573e-01 3.2626526345e+00 8.6064519630e+00 1.3292227422e+02 1.0185138376e+02 0.0000000000e+00 7.6624767637e-05
7.4041700551e-01 3.2612732458e+00 8.6147874183e+00 1.3278065125e+02 1.0178589867e+02 0.0000000000e+00 7.6657176863e-05
7.4049368009e-01 3.2596148640e+00 8.6231505579e+00 1.3263973286e+02 1.0172960487e+02 0.0000000000e+00 7.6696177441e-05
7.4057039786e-01 3.2580108442e+00 8.6315342232e+00 1.3249933595e+02 1.0167195743e+02 0.0000000000e+00 7.6733937350e-05
7.4064714796e-01 3.2564781574e+00 8.6399314612e+00 1.3235930053e+02 1.0161230487e+02 0.0000000000e+00 7.6770052774e-05
7.4072393797e-01 3.2552951178e+00 8.6483362848e+00 1.3221949594e+02 1.0154186576e+02 0.0000000000e+00 7.6797952552e-05
7.4080074387e-01 3.2541743976e+00 8.6567454562e+00 1.3207987388e+02 1.0146957241e+02 0.0000000000e+00 7.6824401354e-05
7.4087758677e-01 3.2526722486e+00 8.6651611540e+00 1.3194046544e+02 1.0140928394e+02 0.0000000000e+00 7.6859880398e-05
7.4095446363e-01 3.2513001989e+00 8.6735877719e+00 1.3180134644e+02 1.0134510686e+02 0.0000000000e+00 7.6892315291e-05
7.4103137140e-01 3.2500897711e+00 8.6820305514e+00 1.3166265840e+02 1.0127617056e+02 0.0000000000e+00 7.6920952223e-05
7.4110830553e-01 3.2485782589e+00 8.6904957283e+00 1.3152454578e+02 1.0121700579e+02 0.0000000000e+00 7.6956742327e-05
7.4118528489e-01 3.2469089766e+00 8.6989888758e+00 1.3138710477e+02 1.0116321840e+02 0.0000000000e+00 7.6996306887e-05
7.4126229814e-01 3.2456378557e+00 8.7075114607e+00 1.3125037982e+02 1.0109752355e+02 0.0000000000e+00 7.7026461705e-05
7.4133933781e-01 3.2444563368e+00 8.7160632411e+00 1.3111438681e+02 1.0102955103e+02 0.0000000000e+00 7.7054512081e-05
7.4141640717e-01 3.2431832051e+00 8.7246404727e+00 1.3097902340e+02 1.0096486624e+02 0.0000000000e+00 7.7084760309e-05
7.4149350733e-01 3.2416430024e+00 8.7332329778e+00 1.3084404895e+02 1.0090874354e+02 0.0000000000e+00 7.7121385612e-05
7.4157064994e-01 3.2400829393e+00 8.7418273956e+00 1.3070917254e+02 1.0085326131e+02 0.0000000000e+00 7.7158518681e-05
7.4164782437e-01 3.2385454676e+00 8.7504196341e+00 1.3057426290e+02 1.0079699684e+02 0.0000000000e+00 7.7195149027e-05
7.4172504024e-01 3.2373803597e+00 8.7590097719e+00 1.3043931616e+02 1.0072906306e+02 0.0000000000e+00 7.7222930958e-05
7.4180227023e-01 3.2364281034e+00 8.7675974246e+00 1.3030435026e+02 1.0065444534e+02 0.0000000000e+00 7.7245652309e-05
7.4187953154e-01 3.2349427215e+00 8.7761865236e+00 1.3016944116e+02 1.0059640337e+02 0.0000000000e+00 7.7281121034e-05
7.4195683247e-01 3.2335655953e+00 8.7847795046e+00 1.3003461357e+02 1.0053500519e+02 0.0000000000e+00 7.7314033884e-05
7.4203415961e-01 3.2323105052e+00 8.7933794748e+00 1.2989995520e+02 1.0046989219e+02 0.0000000000e+00 7.7344054538e-05
7.4211152058e-01 3.2309256376e+00 8.8019911999e+00 1.2976557084e+02 1.0040897361e+02 0.0000000000e+00 7.7377206423e-05
7.4218891402e-01 3.2294500160e+00 8.8106199337e+00 1.2963155757e+02 1.0035111004e+02 0.0000000000e+00 7.7412562128e-05
7.4226634571e-01 3.2280668195e+00 8.8192694739e+00 1.2949799271e+02 1.0029066927e+02 0.0000000000e+00 7.7445732688e-05
7.4234380549e-01 3.2268044314e+00 8.8279418711e+00 1.2936492286e+02 1.0022680768e+02 0.0000000000e+00 7.7476030951e-05
7.4242129777e-01 3.2255809510e+00 8.8366365941e+00 1.2923234233e+02 1.0016206716e+02 0.0000000000e+00 7.7505418031e-05
7.4249881632e-01 3.2239366298e+00 8.8453526886e+00 1.2910021247e+02 1.0011069330e+02 0.0000000000e+00 7.7544948523e-05
7.4257638767e-01 3.2223065027e+00 8.8540880522e+00 1.2896844258e+02 1.0005910554e+02 0.0000000000e+00 7.7584177604e-05
7.4265398468e-01 3.2213300932e+00 8.8628375249e+00 1.2883693546e+02 9.9987374576e+01 0.0000000000e+00 7.7607693955e-05
7.4273160305e-01 3.2204724787e+00 8.8715965923e+00 1.2870562658e+02 9.9912068364e+01 0.0000000000e+00 7.7628360947e-05
7.4280924140e-01 3.2191581980e+00 8.8803635281e+00 1.2857444659e+02 9.9850984858e+01 0.0000000000e+00 7.7660054158e-05
7.4288692316e-01 3.2174375586e+00 8.8891369267e+00 1.2844331882e+02 9.9802495375e+01 0.0000000000e+00 7.7701585641e-05
7.4296464457e-01 3.2160498150e+00 8.8979153701e+00 1.2831216635e+02 9.9743609185e+01 0.0000000000e+00 7.7735114312e-05
7.4304239339e-01 3.2149761906e+00 8.9066960014e+00 1.2818099691e+02 9.9674919280e+01 0.0000000000e+00 7.7761073544e-05
7.4312016672e-01 3.2137577115e+00 8.9154794025e+00 1.2804977843e+02 9.9610634908e+01 0.0000000000e+00 7.7790556240e-05
7.4319797450e-01 3.2121805170e+00 8.9242661310e+00 1.2791852200e+02 9.9557388914e+01 0.0000000000e+00 7.7828751739e-05
7.4327582422e-01 3.2105068314e+00 8.9330582945e+00 1.2778721485e+02 9.9507041690e+01 0.0000000000e+00 7.7869325042e-05
7.4335371315e-01 3.2091892428e+00 8.9418565429e+00 1.2765587710e+02 9.9445582239e+01 0.0000000000e+00 7.7901295651e-05
7.4343162682e-01 3.2083986437e+00 8.9506602912e+00 1.2752452537e+02 9.9367737248e+01 0.0000000000e+00 7.7920491734e-05
7.4350955414e-01 3.2071834755e+00 8.9594717092e+00 1.2739320918e+02 9.9303025657e+01 0.0000000000e+00 7.7950014992e-05
7.4358752685e-01 3.2055018301e+00 8.9682951149e+00 1.2726194712e+02 9.9252748759e+01 0.0000000000e+00 7.7990908522e-05
7.4366553595e-01 3.2041937147e+00 8.9771322502e+00 1.2713074457e+02 9.9190900962e+01 0.0000000000e+00 7.8022748391e-05
7.4374357234e-01 3.2030841297e+00 8.9859843393e+00 1.2699963709e+02 9.9122932728e+01 0.0000000000e+00 7.8049776364e-05
7.4382163551e-01 3.2017598473e+00 8.9948530807e+00 1.2686862681e+02 9.9061635522e+01 0.0000000000e+00 7.8082058593e-05
7.4389973646e-01 3.2001153540e+00 9.0037409687e+00 1.2673768889e+02 9.9010250310e+01 0.0000000000e+00 7.8122183841e-05
7.4397787987e-01 3.1985197349e+00 9.0126482872e+00 1.2660676839e+02 9.8957313761e+01 0.0000000000e+00 7.8161156010e-05
7.4405605877e-01 3.1972245556e+00 9.0215754050e+00 1.2647578351e+02 9.8894980094e+01 0.0000000000e+00 7.8192818695e-05
7.4413426551e-01 3.1963079076e+00 9.0305212243e+00 1.2634467536e+02 9.8820794968e+01 0.0000000000e+00 7.8215243096e-05
7.4421248926e-01 3.1950561977e+00 9.0394867814e+00 1.2621337558e+02 9.8756772784e+01 0.0000000000e+00 7.8245885057e-05
7.4429075728e-01 3.1934396983e+00 9.0484765672e+00 1.2608176643e+02 9.8703731977e+01 0.0000000000e+00 7.8285492641e-05
7.4436906024e-01 3.1920351485e+00 9.0574932893e+00 1.2594976524e+02 9.8643780046e+01 0.0000000000e+00 7.8319939589e-05
7.4444739716e-01 3.1908965045e+00 9.0665406982e+00 1.2581726393e+02 9.8575168259e+01 0.0000000000e+00 7.8347887388e-05
7.4452575602e-01 3.1894474711e+00 9.0756244057e+00 1.2568414047e+02 9.8515606236e+01 0.0000000000e+00 7.8383482488e-05
7.4460416413e-01 3.1876546602e+00 9.0847537234e+00 1.2555018818e+02 9.8465958177e+01 0.0000000000e+00 7.8427567177e-05
7.4468261115e-01 3.1860318200e+00 9.0939365070e+00 1.2541519275e+02 9.8410185334e+01 0.0000000000e+00 7.8467515117e-05
7.4476109916e-01 3.1847467463e+00 9.1031843356e+00 1.2527882062e+02 9.8342843716e+01 0.0000000000e+00 7.8499177459e-05
7.4483960951e-01 3.1836931268e+00 9.1125089031e+00 1.2514072567e+02 9.8266950272e+01 0.0000000000e+00 7.8525156178e-05
7.4491814947e-01 3.1820093512e+00 9.1219311862e+00 1.2500040574e+02 9.8208703958e+01 0.0000000000e+00 7.8566708142e-05
7.4499674292e-01 3.1801805131e+00 9.1314785666e+00 1.2485722193e+02 9.8152621696e+01 0.0000000000e+00 7.8611889786e-05
7.4507537325e-01 3.1786870192e+00 9.1411830264e+00 1.2471042246e+02 9.8083282269e+01 0.0000000000e+00 7.8648825282e-05
7.4515404057e-01 3.1770817896e+00 9.1510895349e+00 1.2455899171e+02 9.8013680444e+01 0.0000000000e+00 7.8688562825e-05
7.4523275037e-01 3.1747963188e+00 9.1612570468e+00 1.2440165822e+02 9.7960345898e+01 0.0000000000e+00 7.8745209109e-05
7.4531153099e-01 3.1725243335e+00 9.1717669190e+00 1.2423661184e+02 9.7900440456e+01 0.0000000000e+00 7.8801602042e-05
7.4539035358e-01 3.1708574366e+00 9.1827286049e+00 1.2406202122e+02 9.7814253475e+01 0.0000000000e+00 7.8843027476e-05
7.4546921705e-01 3.1689536232e+00 9.1939888260e+00 1.2388217889e+02 9.7731139062e+01 0.0000000000e+00 7.8890394032e-05
7.4554813437e-01 3.1666838697e+00 9.2048636038e+00 1.2371116375e+02 9.7666177648e+01 0.0000000000e+00 7.8946939540e-05
7.4562711093e-01 3.1646179489e+00 9.2150068918e+00 1.2355772908e+02 9.7608724868e+01 0.0000000000e+00 7.8998477552e-05
7.4570613132e-01 3.1632473055e+00 9.2242099051e+00 1.2342676268e+02 9.7547512699e+01 0.0000000000e+00 7.9032707803e-05
7.4578517634e-01 3.1623067235e+00 9.2323166628e+00 1.2332173364e+02 9.7493494798e+01 0.0000000000e+00 7.9056214927e-05
7.4586424375e-01 3.1617961460e+00 9.2392241527e+00 1.2324489469e+02 9.7448482600e+01 0.0000000000e+00 7.9068981192e-05
7.4594331430e-01 3.1619434697e+00 9.2448930279e+00 1.2319686202e+02 9.7405965037e+01 0.0000000000e+00 7.9065297149e-05
7.4602237434e-01 3.1627384869e+00 9.2493675813e+00 1.2317594778e+02 9.7364948361e+01 0.0000000000e+00 7.9045422514e-05
7.4610140515e-01 3.1639810641e+00 9.2527350733e+00 1.2318833198e+02 9.7336495924e+01 0.0000000000e+00 7.9014379333e-05
7.4618040310e-01 3.1659767252e+00 9.2539297036e+00 1.2324171661e+02 9.7317295190e+01 0.0000000000e+00 7.8964572926e-05
7.4625933429e-01 3.1683691377e+00 9.2538322739e+00 1.2332322447e+02 9.7308125343e+01 0.0000000000e+00 7.8904947351e-05
7.4633821300e-01 3.1707819446e+00 9.2531007018e+00 1.2342362923e+02 9.7313242751e+01 0.0000000000e+00 7.8844904623e-05
7.4641702410e-01 3.1740643098e+00 9.2514642683e+00 1.2354582901e+02 9.7308857788e+01 0.0000000000e+00 7.8763369485e-05
7.4649573974e-01 3.1784544483e+00 9.2485547623e+00 1.2369842479e+02 9.7294476606e+01 0.0000000000e+00 7.8654580099e-05
7.4657433326e-01 3.1830655138e+00 9.2439715108e+00 1.2389057704e+02 9.7304451093e+01 0.0000000000e+00 7.8540639179e-05
7.4665282102e-01 3.1880586734e+00 9.2373819603e+00 1.2413040746e+02 9.7340121512e+01 0.0000000000e+00 7.8417628286e-05
7.4673116852e-01 3.1941437290e+00 9.2287303740e+00 1.2441227575e+02 9.7375295470e+01 0.0000000000e+00 7.8268237502e-05
7.4680935749e-01 3.2002852406e+00 9.2206621895e+00 1.2468619957e+02 9.7402411186e+01 0.0000000000e+00 7.8118036739e-05
7.4688740459e-01 3.2053635259e+00 9.2146241014e+00 1.2491584032e+02 9.7427202334e+01 0.0000000000e+00 7.7994273654e-05
7.4696534604e-01 3.2095083348e+00 9.2106137654e+00 1.2509866539e+02 9.7443792271e+01 0.0000000000e+00 7.7893550638e-05
7.4704319170e-01 3.2134996946e+00 9.2082873821e+00 1.2524223887e+02 9.7434456800e+01 0.0000000000e+00 7.7796802166e-05
7.4712093964e-01 3.2167889846e+00 9.2072095547e+00 1.2535620229e+02 9.7423395577e+01 0.0000000000e+00 7.7717251954e-05
7.4719862620e-01 3.2194862941e+00 9.2069549328e+00 1.2545055435e+02 9.7415039927e+01 0.0000000000e+00 7.7652139865e-05
7.4727624392e-01 3.2218605672e+00 9.2073188758e+00 1.2553061516e+02 9.7405375361e+01 0.0000000000e+00 7.7594915976e-05
7.4735381603e-01 3.2235454209e+00 9.2084199773e+00 1.2559186022e+02 9.7401962611e+01 0.0000000000e+00 7.7554359365e-05
7.4743135264e-01 3.2253102348e+00 9.2104677289e+00 1.2563063446e+02 9.7378721207e+01 0.0000000000e+00 7.7511923444e-05
7.4750883988e-01 3.2272609794e+00 9.2134405219e+00 1.2564734378e+02 9.7332803718e+01 0.0000000000e+00 7.7465070719e-05
7.4758628278e-01 3.2283486209e+00 9.2170058731e+00 1.2564753834e+02 9.7300162634e+01 0.0000000000e+00 7.7438972477e-05
7.4766371782e-01 3.2286794826e+00 9.2211825270e+00 1.2563425884e+02 9.7279909262e+01 0.0000000000e+00 7.7431036853e-05
7.4774114486e-01 3.2292013105e+00 9.2260105992e+00 1.2560625567e+02 9.7242509519e+01 0.0000000000e+00 7.7418524261e-05
7.4781855487e-01 3.2295466287e+00 9.2312034630e+00 1.2557077562e+02 9.7204646703e+01 0.0000000000e+00 7.7410246311e-05
7.4789596535e-01 3.2300427929e+00 9.2361042361e+00 1.2554080679e+02 9.7166519798e+01 0.0000000000e+00 7.7398355387e-05
7.4797335158e-01 3.2309056050e+00 9.2406492981e+00 1.2551941110e+02 9.7124016023e+01 0.0000000000e+00 7.7377686186e-05
7.4805072072e-01 3.2315442681e+00 9.2449241628e+00 1.2550426238e+02 9.7093101602e+01 0.0000000000e+00 7.7362393723e-05
7.4812807637e-01 3.2322504662e+00 9.2490423459e+00 1.2549380040e+02 9.7063796347e+01 0.0000000000e+00 7.7345491203e-05
7.4820541170e-01 3.2333426579e+00 9.2530261913e+00 1.2548558130e+02 9.7024654188e+01 0.0000000000e+00 7.7319364649e-05
7.4828271510e-01 3.2339572281e+00 9.2569663837e+00 1.2547984536e+02 9.7001781803e+01 0.0000000000e+00 7.7304671141e-05
7.4836002105e-01 3.2345319705e+00 9.2608287698e+00 1.2547456450e+02 9.6980463974e+01 0.0000000000e+00 7.7290934911e-05
7.4843729697e-01 3.2359421552e+00 9.2646889198e+00 1.2547080629e+02 9.6935297569e+01 0.0000000000e+00 7.7257252451e-05
7.4851453555e-01 3.2371352921e+00 9.2685041998e+00 1.2546711666e+02 9.6896719894e+01 0.0000000000e+00 7.7228777127e-05
7.4859175452e-01 3.2379115272e+00 9.2723158808e+00 1.2546419640e+02 9.6871235781e+01 0.0000000000e+00 7.7210262818e-05
7.4866895608e-01 3.2384300629e+00 9.2761137543e+00 1.2546163787e+02 9.6853749678e+01 0.0000000000e+00 7.7197899952e-05
7.4874615032e-01 3.2393715397e+00 9.2798937361e+00 1.2545925061e+02 9.6823758157e+01 0.0000000000e+00 7.7175463493e-05
7.4882330700e-01 3.2409527163e+00 9.2836755972e+00 1.2545743691e+02 9.6775121310e+01 0.0000000000e+00 7.7137811590e-05
7.4890042595e-01 3.2420789858e+00 9.2874384877e+00 1.2545566389e+02 9.6740135291e+01 0.0000000000e+00 7.7111014597e-05
7.4897752903e-01 3.2426815569e+00 9.2911963939e+00 1.2545422358e+02 9.6721048137e+01 0.0000000000e+00 7.7096685448e-05
7.4905461932e-01 3.2435498950e+00 9.2949491123e+00 1.2545308245e+02 9.6694275187e+01 0.0000000000e+00 7.7076045720e-05
7.4913168112e-01 3.2444262292e+00 9.2986849603e+00 1.2545195917e+02 9.6667292076e+01 0.0000000000e+00 7.7055227131e-05
7.4920872977e-01 3.2455664235e+00 9.3024205817e+00 1.2545125489e+02 9.6632789565e+01 0.0000000000e+00 7.7028156993e-05
7.4928573744e-01 3.2468222697e+00 9.3061416117e+00 1.2545065284e+02 9.6594949166e+01 0.0000000000e+00 7.6998363087e-05
7.4936272650e-01 3.2476246457e+00 9.3098552751e+00 1.2545032853e+02 9.6570834240e+01 0.0000000000e+00 7.6979339447e-05
7.4943969612e-01 3.2485939219e+00 9.3135613577e+00 1.2545022903e+02 9.6541944024e+01 0.0000000000e+00 7.6956371282e-05
7.4951663924e-01 3.2495424194e+00 9.3172582079e+00 1.2545038102e+02 9.6513881669e+01 0.0000000000e+00 7.6933908759e-05
7.4959356393e-01 3.2505286393e+00 9.3209433502e+00 1.2545076294e+02 9.6484892816e+01 0.0000000000e+00 7.6910566785e-05
7.4967046037e-01 3.2517322472e+00 9.3246253324e+00 1.2545126675e+02 9.6449566884e+01 0.0000000000e+00 7.6882098830e-05
7.4974732813e-01 3.2528266683e+00 9.3283034764e+00 1.2545186620e+02 9.6417576918e+01 0.0000000000e+00 7.6856231669e-05
7.4982417284e-01 3.2538179382e+00 9.3319764869e+00 1.2545256199e+02 9.6388738071e+01 0.0000000000e+00 7.6832817554e-05
7.4990099377e-01 3.2546762368e+00 9.3356461754e+00 1.2545333532e+02 9.6363913180e+01 0.0000000000e+00 7.6812555786e-05
7.4997779795e-01 3.2555067199e+00 9.3393143448e+00 1.2545417480e+02 9.6339975304e+01 0.0000000000e+00 7.6792960823e-05
7.5005457969e-01 3.2567642957e+00 9.3429813078e+00 1.2545507036e+02 9.6303461788e+01 0.0000000000e+00 7.6763307781e-05
7.5013132456e-01 3.2579934601e+00 9.3466473689e+00 1.2545602316e+02 9.6267859880e+01 0.0000000000e+00 7.6734346787e-05
7.5020804838e-01 3.2591002855e+00 9.3503138517e+00 1.2545702797e+02 9.6235937053e+01 0.0000000000e+00 7.6708286981e-05
7.5028474114e-01 3.2598143355e+00 9.3539821670e+00 1.2545807517e+02 9.6215660048e+01 0.0000000000e+00 7.6691484320e-05
7.5036143135e-01 3.2605486140e+00 9.3576539028e+00 1.2545914492e+02 9.6194812418e+01 0.0000000000e+00 7.6674213330e-05
7.5043808956e-01 3.2619924255e+00 9.3613288478e+00 1.2546022129e+02 9.6153059944e+01 0.0000000000e+00 7.6640276062e-05
7.5051471190e-01 3.2632096378e+00 9.3650072033e+00 1.2546130375e+02 9.6118023111e+01 0.0000000000e+00 7.6611688414e-05
7.5059131294e-01 3.2639627499e+00 9.3686899320e+00 1.2546234874e+02 9.6096645670e+01 0.0000000000e+00 7.6594011378e-05
7.5066789993e-01 3.2646994523e+00 9.3723773336e+00 1.2546332644e+02 9.6075709471e+01 0.0000000000e+00 7.6576727399e-05
7.5074446640e-01 3.2660079934e+00 9.3760684579e+00 1.2546420035e+02 9.6037885246e+01 0.0000000000e+00 7.6546046582e-05
7.5082099202e-01 3.2673103139e+00 9.3797628137e+00 1.2546495360e+02 9.6000181757e+01 0.0000000000e+00 7.6515536017e-05
7.5089749747e-01 3.2682814298e+00 9.3834602906e+00 1.2546556351e+02 9.5972123430e+01 0.0000000000e+00 7.6492800688e-05
7.5097397762e-01 3.2689108695e+00 9.3871609328e+00 1.2546601797e+02 9.5953991241e+01 0.0000000000e+00 7.6478071744e-05
7.5105045361e-01 3.2697755519e+00 9.3908645953e+00 1.2546632173e+02 9.5928848734e+01 0.0000000000e+00 7.6457847344e-05
7.5112689331e-01 3.2712813015e+00 9.3945700352e+00 1.2546650229e+02 9.5884831302e+01 0.0000000000e+00 7.6422654294e-05
7.5120329892e-01 3.2725709723e+00 9.3982765242e+00 1.2546661432e+02 9.5847130114e+01 0.0000000000e+00 7.6392537279e-05
7.5127967839e-01 3.2732778802e+00 9.4019841473e+00 1.2546670347e+02 9.5826498745e+01 0.0000000000e+00 7.6376039295e-05
7.5135605100e-01 3.2738276673e+00 9.4056923494e+00 1.2546683484e+02 9.5810506534e+01 0.0000000000e+00 7.6363213159e-05
7.5143240482e-01 3.2750093271e+00 9.4093986722e+00 1.2546707137e+02 9.5776117589e+01 0.0000000000e+00 7.6335660461e-05
7.5150872232e-01 3.2764643747e+00 9.4131030845e+00 1.2546741056e+02 9.5733843111e+01 0.0000000000e+00 7.6301760498e-05
7.5158500834e-01 3.2774050725e+00 9.4168056683e+00 1.2546785411e+02 9.5706703428e+01 0.0000000000e+00 7.6279859972e-05
7.5166128204e-01 3.2779227859e+00 9.4205070554e+00 1.2546837113e+02 9.5691981875e+01 0.0000000000e+00 7.6267812371e-05
7.5173754396e-01 3.2789268149e+00 9.4242075008e+00 1.2546891607e+02 9.5663095851e+01 0.0000000000e+00 7.6244458664e-05
7.5181377096e-01 3.2804526137e+00 9.4279056904e+00 1.2546944003e+02 9.5619000489e+01 0.0000000000e+00 7.6208995965e-05
7.5188996195e-01 3.2816147339e+00 9.4316000260e+00 1.2546988562e+02 9.5585478338e+01 0.0000000000e+00 7.6182008027e-05
7.5196613497e-01 3.2821012667e+00 9.4352916438e+00 1.2547024126e+02 9.5571579809e+01 0.0000000000e+00 7.6170714942e-05
7.5204230338e-01 3.2829584324e+00 9.4389813836e+00 1.2547049206e+02 9.5546817487e+01 0.0000000000e+00 7.6150827112e-05
7.5211843663e-01 3.2844890062e+00 9.4426692369e+00 1.2547062250e+02 9.5502391898e+01 0.0000000000e+00 7.6115340780e-05
7.5219453406e-01 3.2857479998e+00 9.4463574053e+00 1.2547067444e+02 9.5465837952e+01 0.0000000000e+00 7.6086175815e-05
7.5227060898e-01 3.2863756077e+00 9.4500469553e+00 1.2547066138e+02 9.5447596651e+01 0.0000000000e+00 7.6071645437e-05
7.5234667736e-01 3.2870055609e+00 9.4537407615e+00 1.2547059548e+02 9.5429254042e+01 0.0000000000e+00 7.6057066339e-05
7.5242272311e-01 3.2882955372e+00 9.4574402656e+00 1.2547048929e+02 9.5391737051e+01 0.0000000000e+00 7.6027229662e-05
7.5249873181e-01 3.2896812743e+00 9.4611471485e+00 1.2547037560e+02 9.5351468071e+01 0.0000000000e+00 7.5995204142e-05
7.5257471352e-01 3.2905996684e+00 9.4648635066e+00 1.2547026017e+02 9.5324768138e+01 0.0000000000e+00 7.5973994163e-05
7.5265067980e-01 3.2911019964e+00 9.4685915985e+00 1.2547019544e+02 9.5310169343e+01 0.0000000000e+00 7.5962398089e-05
7.5272663832e-01 3.2921144985e+00 9.4723333315e+00 1.2547010347e+02 9.5280786506e+01 0.0000000000e+00 7.5939035570e-05
7.5280255787e-01 3.2936115440e+00 9.4760886361e+00 1.2547004206e+02 9.5237431903e+01 0.0000000000e+00 7.5904518993e-05
7.5287844735e-01 3.2946996235e+00 9.4798562317e+00 1.2546995752e+02 9.5205915454e+01 0.0000000000e+00 7.5879451412e-05
7.5295431678e-01 3.2952213561e+00 9.4836346659e+00 1.2546965333e+02 9.5190610715e+01 0.0000000000e+00 7.5867437415e-05
7.5303018223e-01 3.2961280176e+00 9.4874123120e+00 1.2546916092e+02 9.5164053286e+01 0.0000000000e+00 7.5846568660e-05
7.5310600991e-01 3.2975345597e+00 9.4911777057e+00 1.2546856713e+02 9.5123011497e+01 0.0000000000e+00 7.5814216795e-05
7.5318181066e-01 3.2986584072e+00 9.4949287404e+00 1.2546795059e+02 9.5090135971e+01 0.0000000000e+00 7.5788387016e-05
7.5325758669e-01 3.2992512433e+00 9.4986656727e+00 1.2546733278e+02 9.5072581263e+01 0.0000000000e+00 7.5774768746e-05
7.5333336020e-01 3.3001091393e+00 9.5023908338e+00 1.2546670967e+02 9.5047394173e+01 0.0000000000e+00 7.5755070347e-05
7.5340909683e-01 3.3015491455e+00 9.5061044872e+00 1.2546605558e+02 9.5005442942e+01 0.0000000000e+00 7.5722028958e-05
7.5348480426e-01 3.3026389246e+00 9.5098078426e+00 1.2546538372e+02 9.4973585202e+01 0.0000000000e+00 7.5697042791e-05
7.5356049091e-01 3.3032491493e+00 9.5135039699e+00 1.2546471000e+02 9.4955530399e+01 0.0000000000e+00 7.5683058923e-05
7.5363617038e-01 3.3039972140e+00 9.5171954297e+00 1.2546405687e+02 9.4933537122e+01 0.0000000000e+00 7.5665923368e-05
7.5371182276e-01 3.3053581341e+00 9.5208818719e+00 1.2546338744e+02 9.4893943671e+01 0.0000000000e+00 7.5634769322e-05
7.5378743991e-01 3.3065038440e+00 9.5245661384e+00 1.2546276140e+02 9.4860589403e+01 0.0000000000e+00 7.5608561730e-05
7.5386303988e-01 3.3073137482e+00 9.5282518362e+00 1.2546221183e+02 9.4836944253e+01 0.0000000000e+00 7.5590046495e-05
7.5393862001e-01 3.3082695970e+00 9.5319402391e+00 1.2546173034e+02 9.4809179440e+01 0.0000000000e+00 7.5568206480e-05
7.5401417630e-01 3.3093746260e+00 9.5356310063e+00 1.2546130044e+02 9.4777197071e+01 0.0000000000e+00 7.5542973599e-05
7.5408970595e-01 3.3101910173e+00 9.5393275205e+00 1.2546095731e+02 9.4753563055e+01 0.0000000000e+00 7.5524342461e-05
7.5416522498e-01 3.3112481390e+00 9.5430333278e+00 1.2546073606e+02 9.4723145770e+01 0.0000000000e+00 7.5500231182e-05
7.5424070642e-01 3.3125969798e+00 9.5467468413e+00 1.2546061251e+02 9.4684482655e+01 0.0000000000e+00 7.5469488599e-05
7.5431616396e-01 3.3134869333e+00 9.5504692278e+00 1.2546058287e+02 9.4659029445e+01 0.0000000000e+00 7.5449218613e-05
7.5439160485e-01 3.3142164052e+00 9.5541983946e+00 1.2546055274e+02 9.4638171890e+01 0.0000000000e+00 7.5432611946e-05
7.5446702918e-01 3.3153539981e+00 9.5579306251e+00 1.2546040586e+02 9.4605588068e+01 0.0000000000e+00 7.5406728856e-05
7.5454241831e-01 3.3166400394e+00 9.5616618197e+00 1.2546007197e+02 9.4568652669e+01 0.0000000000e+00 7.5377489577e-05
7.5461778416e-01 3.3174066321e+00 9.5653918562e+00 1.2545952446e+02 9.4546386964e+01 0.0000000000e+00 7.5360071201e-05
7.5469313845e-01 3.3181125831e+00 9.5691208064e+00 1.2545876229e+02 9.4525697326e+01 0.0000000000e+00 7.5344037834e-05
7.5476847224e-01 3.3192699821e+00 9.5728473234e+00 1.2545780534e+02 9.4492016329e+01 0.0000000000e+00 7.5317766060e-05
7.5484377399e-01 3.3206266649e+00 9.5765686599e+00 1.2545671042e+02 9.4452586122e+01 0.0000000000e+00 7.5286994061e-05
7.5491904623e-01 3.3212150372e+00 9.5802831679e+00 1.2545556183e+02 9.4434988720e+01 0.0000000000e+00 7.5273656539e-05
7.5499432130e-01 3.3219963131e+00 9.5839920740e+00 1.2545438218e+02 9.4411891494e+01 0.0000000000e+00 7.5255953480e-05
7.5506955813e-01 3.3235608785e+00 9.5876961398e+00 1.2545316331e+02 9.4366530275e+01 0.0000000000e+00 7.5220526759e-05
7.5514476235e-01 3.3247346520e+00 9.5913961254e+00 1.2545190965e+02 9.4332272179e+01 0.0000000000e+00 7.5193970697e-05
7.5521994608e-01 3.3251530244e+00 9.5950944213e+00 1.2545065321e+02 9.4319458598e+01 0.0000000000e+00 7.5184509754e-05
7.5529513137e-01 3.3259761838e+00 9.5987930580e+00 1.2544939196e+02 9.4295167060e+01 0.0000000000e+00 7.5165902034e-05
7.5537027788e-01 3.3273653935e+00 9.6024921363e+00 1.2544812515e+02 9.4254846041e+01 0.0000000000e+00 7.5134519488e-05
7.5544540041e-01 3.3282743113e+00 9.6061930257e+00 1.2544686306e+02 9.4228157996e+01 0.0000000000e+00 7.5114001016e-05
7.5552050588e-01 3.3290579815e+00 9.6098969750e+00 1.2544559134e+02 9.4205021386e+01 0.0000000000e+00 7.5096318955e-05
7.5559559305e-01 3.3302499704e+00 9.6136044901e+00 1.2544429413e+02 9.4170328988e+01 0.0000000000e+00 7.5069439899e-05
7.5567064476e-01 3.3313667425e+00 9.6173152031e+00 1.2544297076e+02 9.4137767210e+01 0.0000000000e+00 7.5044274415e-05
7.5574568160e-01 3.3320862726e+00 9.6210299834e+00 1.2544158985e+02 9.4116403051e+01 0.0000000000e+00 7.5028069367e-05
7.5582070090e-01 3.3330508976e+00 9.6247487342e+00 1.2544012367e+02 9.4088064899e+01 0.0000000000e+00 7.5006355342e-05
7.5589569431e-01 3.3342291504e+00 9.6284703251e+00 1.2543856299e+02 9.4053645786e+01 0.0000000000e+00 7.4979849532e-05
7.5597066060e-01 3.3349988129e+00 9.6321953368e+00 1.2543687915e+02 9.4030677508e+01 0.0000000000e+00 7.4962545424e-05
7.5604561940e-01 3.3359170684e+00 9.6359230928e+00 1.2543508984e+02 9.4003453373e+01 0.0000000000e+00 7.4941910988e-05
7.5612054442e-01 3.3373995625e+00 9.6396481108e+00 1.2543328961e+02 9.3960347918e+01 0.0000000000e+00 7.4908621315e-05
7.5619543664e-01 3.3382687999e+00 9.6433680986e+00 1.2543155053e+02 9.3934579603e+01 0.0000000000e+00 7.4889116182e-05
7.5627032265e-01 3.3387329175e+00 9.6470843652e+00 1.2542990319e+02 9.3920288243e+01 0.0000000000e+00 7.4878705838e-05
7.5634519405e-01 3.3398176594e+00 9.6507971764e+00 1.2542835654e+02 9.3888626066e+01 0.0000000000e+00 7.4854385926e-05
7.5642003143e-01 3.3413014528e+00 9.6545066817e+00 1.2542691520e+02 9.3845853907e+01 0.0000000000e+00 7.4821144854e-05
7.5649483634e-01 3.3419325718e+00 9.6582138430e+00 1.2542559105e+02 9.3827140705e+01 0.0000000000e+00 7.4807014993e-05
7.5656964546e-01 3.3425398542e+00 9.6619219420e+00 1.2542441035e+02 9.3809210823e+01 0.0000000000e+00 7.4793423834e-05
7.5664442319e-01 3.3440264834e+00 9.6656297510e+00 1.2542333749e+02 9.3766704686e+01 0.0000000000e+00 7.4760173473e-05
7.5671916580e-01 3.3449693443e+00 9.6693372592e+00 1.2542236810e+02 9.3739549746e+01 0.0000000000e+00 7.4739100501e-05
7.5679390139e-01 3.3457960526e+00 9.6730431839e+00 1.2542142934e+02 9.3715686314e+01 0.0000000000e+00 7.4720633317e-05
7.5686860707e-01 3.3470093502e+00 9.6767467459e+00 1.2542046094e+02 9.3680990859e+01 0.0000000000e+00 7.4693546937e-05
7.5694328849e-01 3.3479279562e+00 9.6804472394e+00 1.2541943644e+02 9.3654521601e+01 0.0000000000e+00 7.4673052489e-05
7.5701795317e-01 3.3487438689e+00 9.6841451106e+00 1.2541832505e+02 9.3630873215e+01 0.0000000000e+00 7.4654858593e-05
7.5709259820e-01 3.3499700614e+00 9.6878402472e+00 1.2541709702e+02 9.3595684981e+01 0.0000000000e+00 7.4627532611e-05
7.5716720824e-01 3.3510224355e+00 9.6915326642e+00 1.2541574119e+02 9.3565280149e+01 0.0000000000e+00 7.4604096156e-05
7.5724180640e-01 3.3516214611e+00 9.6952234601e+00 1.2541425487e+02 9.3547448843e+01 0.0000000000e+00 7.4590762382e-05
7.5731638976e-01 3.3526056790e+00 9.6989136396e+00 1.2541262472e+02 9.3518770716e+01 0.0000000000e+00 7.4568864918e-05
7.5739094413e-01 3.3540862739e+00 9.7026033567e+00 1.2541084521e+02 9.3476162335e+01 0.0000000000e+00 7.4535947970e-05
7.5746546166e-01 3.3547154928e+00 9.7062934832e+00 1.2540893689e+02 9.3457207590e+01 0.0000000000e+00 7.4521967819e-05
7.5753998806e-01 3.3553482041e+00 9.7099870507e+00 1.2540685986e+02 9.3438036998e+01 0.0000000000e+00 7.4507915361e-05
7.5761447749e-01 3.3568179192e+00 9.7136828862e+00 1.2540465596e+02 9.3395485675e+01 0.0000000000e+00 7.4475293571e-05
7.5768893865e-01 3.3577551946e+00 9.7173826255e+00 1.2540232592e+02 9.3367680675e+01 0.0000000000e+00 7.4454504725e-05
7.5776338650e-01 3.3584991218e+00 9.7210882419e+00 1.2539987104e+02 9.3345171829e+01 0.0000000000e+00 7.4438012617e-05
7.5783781467e-01 3.3596076560e+00 9.7247962315e+00 1.2539739167e+02 9.3312526724e+01 0.0000000000e+00 7.4413451093e-05
7.5791221340e-01 3.3603692417e+00 9.7285033825e+00 1.2539500520e+02 9.3289603154e+01 0.0000000000e+00 7.4396586214e-05
7.5798660785e-01 3.3613557151e+00 9.7322083648e+00 1.2539277858e+02 9.3260568958e+01 0.0000000000e+00 7.4374752686e-05
7.5806096291e-01 3.3628260370e+00 9.7359105372e+00 1.2539071673e+02 9.3218259990e+01 0.0000000000e+00 7.4342233958e-05
7.5813529231e-01 3.3634490314e+00 9.7396117393e+00 1.2538884413e+02 9.3199601778e+01 0.0000000000e+00 7.4328463927e-05
7.5820961984e-01 3.3641576889e+00 9.7433137219e+00 1.2538715891e+02 9.3178717014e+01 0.0000000000e+00 7.4312806687e-05
7.5828391793e-01 3.3656367258e+00 9.7470150781e+00 1.2538562363e+02 9.3136629001e+01 0.0000000000e+00 7.4280149752e-05
7.5835818013e-01 3.3667351993e+00 9.7507138767e+00 1.2538418777e+02 9.3105174858e+01 0.0000000000e+00 7.4255914171e-05
7.5843242976e-01 3.3672239345e+00 9.7544104427e+00 1.2538282386e+02 9.3090648480e+01 0.0000000000e+00 7.4245136308e-05
7.5850667041e-01 3.3681902228e+00 9.7581029526e+00 1.2538146284e+02 9.3062931828e+01 0.0000000000e+00 7.4223836382e-05
7.5858087743e-01 3.3695834037e+00 9.7617908557e+00 1.2538006968e+02 9.3023420595e+01 0.0000000000e+00 7.4193147949e-05
7.5865505670e-01 3.3704776741e+00 9.7654740007e+00 1.2537863454e+02 9.2997674707e+01 0.0000000000e+00 7.4173462687e-05
7.5872922435e-01 3.3712140299e+00 9.7691535371e+00 1.2537713791e+02 9.2976251879e+01 0.0000000000e+00 7.4157261384e-05
7.5880337123e-01 3.3723202590e+00 9.7728295798e+00 1.2537556356e+02 9.2944585578e+01 0.0000000000e+00 7.4132935428e-05
7.5887749022e-01 3.3732318335e+00 9.7765026147e+00 1.2537391435e+02 9.2918246161e+01 0.0000000000e+00 7.4112901910e-05
7.5895159703e-01 3.3742212991e+00 9.7801738970e+00 1.2537218605e+02 9.2889718052e+01 0.0000000000e+00 7.4091168848e-05
7.5902567256e-01 3.3755174252e+00 9.7838438173e+00 1.2537038214e+02 9.2852714374e+01 0.0000000000e+00 7.4062719432e-05
7.5909972247e-01 3.3760833078e+00 9.7875130858e+00 1.2536852990e+02 9.2835779269e+01 0.0000000000e+00 7.4050305400e-05
7.5917377317e-01 3.3769580117e+00 9.7911847906e+00 1.2536658663e+02 9.2810294206e+01 0.0000000000e+00 7.4031124798e-05
7.5924778472e-01 3.3784702529e+00 9.7948573684e+00 1.2536459839e+02 9.2767280015e+01 0.0000000000e+00 7.3997987635e-05
7.5932176915e-01 3.3792796157e+00 9.7985321478e+00 1.2536256369e+02 9.2743556277e+01 0.0000000000e+00 7.3980264562e-05
7.5939574525e-01 3.3799235119e+00 9.8022110132e+00 1.2536045667e+02 9.2724329576e+01 0.0000000000e+00 7.3966170867e-05
7.5946970149e-01 3.3811926306e+00 9.8058920716e+00 1.2535830950e+02 9.2687938249e+01 0.0000000000e+00 7.3938407926e-05
7.5954362206e-01 3.3820833598e+00 9.8095756149e+00 1.2535611338e+02 9.2661903951e+01 0.0000000000e+00 7.3918934989e-05
7.5961753936e-01 3.3830744873e+00 9.8132601574e+00 1.2535388406e+02 9.2633109716e+01 0.0000000000e+00 7.3897279217e-05
7.5969141662e-01 3.3843062238e+00 9.8169423257e+00 1.2535165783e+02 9.2597750871e+01 0.0000000000e+00 7.3870383904e-05
7.5976528013e-01 3.3848818457e+00 9.8206224508e+00 1.2534943261e+02 9.2580360502e+01 0.0000000000e+00 7.3857821749e-05
7.5983913227e-01 3.3857703678e+00 9.8243011061e+00 1.2534718482e+02 9.2554405055e+01 0.0000000000e+00 7.3838439362e-05
7.5991295701e-01 3.3872431663e+00 9.8279777343e+00 1.2534489431e+02 9.2512471173e+01 0.0000000000e+00 7.3806333860e-05
7.5998674493e-01 3.3880133062e+00 9.8316522805e+00 1.2534257183e+02 9.2489728122e+01 0.0000000000e+00 7.3789556711e-05
7.6006053612e-01 3.3886626093e+00 9.8353264914e+00 1.2534021701e+02 9.2470268849e+01 0.0000000000e+00 7.3775417863e-05
7.6013429577e-01 3.3898499605e+00 9.8390008755e+00 1.2533782619e+02 9.2436116388e+01 0.0000000000e+00 7.3749576799e-05
7.6020803527e-01 3.3909102826e+00 9.8426756057e+00 1.2533542170e+02 9.2405439289e+01 0.0000000000e+00 7.3726515644e-05
7.6028174880e-01 3.3920744507e+00 9.8463520848e+00 1.2533298955e+02 9.2371932993e+01 0.0000000000e+00 7.3701212527e-05
7.6035543770e-01 3.3927524363e+00 9.8500310329e+00 1.2533054719e+02 9.2351674299e+01 0.0000000000e+00 7.3686484555e-05
7.6042912177e-01 3.3935945358e+00 9.8537139691e+00 1.2532809427e+02 9.2326950780e+01 0.0000000000e+00 7.3668199712e-05
7.6050277410e-01 3.3951505011e+00 9.8574005670e+00 1.2532564285e+02 9.2282833124e+01 0.0000000000e+00 7.3634438272e-05
7.6057639065e-01 3.3960390495e+00 9.8610911299e+00 1.2532320503e+02 9.2256893400e+01 0.0000000000e+00 7.3615172369e-05
7.6065000444e-01 3.3966430253e+00 9.8647869326e+00 1.2532071644e+02 9.2238657045e+01 0.0000000000e+00 7.3602082450e-05
7.6072359481e-01 3.3978891477e+00 9.8684858946e+00 1.2531817091e+02 9.2202957087e+01 0.0000000000e+00 7.3575090043e-05
7.6079715462e-01 3.3987335376e+00 9.8721836475e+00 1.2531562887e+02 9.2178180106e+01 0.0000000000e+00 7.3556810862e-05
7.6087070843e-01 3.3997437311e+00 9.8758769598e+00 1.2531310119e+02 9.2148931725e+01 0.0000000000e+00 7.3534954329e-05
7.6094422453e-01 3.4010482652e+00 9.8795635418e+00 1.2531059033e+02 9.2111740675e+01 0.0000000000e+00 7.3506748657e-05
7.6101772193e-01 3.4016052729e+00 9.8832431395e+00 1.2530809365e+02 9.2094822588e+01 0.0000000000e+00 7.3494712038e-05
7.6109121396e-01 3.4025365388e+00 9.8869177599e+00 1.2530565196e+02 9.2067822438e+01 0.0000000000e+00 7.3474596716e-05
7.6116467112e-01 3.4040762579e+00 9.8905847042e+00 1.2530320450e+02 9.2024381214e+01 0.0000000000e+00 7.3441362959e-05
7.6123809668e-01 3.4047651707e+00 9.8942464270e+00 1.2530080589e+02 9.2003999987e+01 0.0000000000e+00 7.3426502995e-05
7.6131152413e-01 3.4054271073e+00 9.8979030431e+00 1.2529842071e+02 9.1984365519e+01 0.0000000000e+00 7.3412230573e-05
7.6138492114e-01 3.4069182740e+00 9.9015559303e+00 1.2529606842e+02 9.1942378968e+01 0.0000000000e+00 7.3380098933e-05
7.6145828433e-01 3.4077795531e+00 9.9052052306e+00 1.2529374356e+02 9.1917435978e+01 0.0000000000e+00 7.3361552913e-05
7.6153164425e-01 3.4085442854e+00 9.9088531950e+00 1.2529146224e+02 9.1895140382e+01 0.0000000000e+00 7.3345093703e-05
7.6160497451e-01 3.4097261450e+00 9.9124992649e+00 1.2528919105e+02 9.1861622989e+01 0.0000000000e+00 7.3319671248e-05
7.6167828359e-01 3.4106199027e+00 9.9161453145e+00 1.2528696403e+02 9.1835918108e+01 0.0000000000e+00 7.3300457727e-05
7.6175157543e-01 3.4116661832e+00 9.9197921729e+00 1.2528476675e+02 9.1806143993e+01 0.0000000000e+00 7.3277978141e-05
7.6182483955e-01 3.4127612558e+00 9.9234404110e+00 1.2528259367e+02 9.1775093742e+01 0.0000000000e+00 7.3254465010e-05
7.6189808436e-01 3.4136806708e+00 9.9270916132e+00 1.2528044805e+02 9.1748804390e+01 0.0000000000e+00 7.3234735205e-05
7.6197130902e-01 3.4149730903e+00 9.9307455470e+00 1.2527831159e+02 9.1712517403e+01 0.0000000000e+00 7.3207019027e-05
7.6204449840e-01 3.4157644291e+00 9.9344016784e+00 1.2527616742e+02 9.1689700812e+01 0.0000000000e+00 7.3190058971e-05
7.6211768914e-01 3.4166646461e+00 9.9380603927e+00 1.2527396320e+02 9.1663929718e+01 0.0000000000e+00 7.3170774980e-05
7.6219083995e-01 3.4180731237e+00 9.9417201916e+00 1.2527167612e+02 9.1624485191e+01 0.0000000000e+00 7.3140623665e-05
7.6226397038e-01 3.4186454461e+00 9.9453803188e+00 1.2526929728e+02 9.1607406544e+01 0.0000000000e+00 7.3128379044e-05
7.6233709671e-01 3.4194461004e+00 9.9490418714e+00 1.2526677523e+02 9.1584113006e+01 0.0000000000e+00 7.3111256226e-05
7.6241019290e-01 3.4208264082e+00 9.9527031129e+00 1.2526412247e+02 9.1545220013e+01 0.0000000000e+00 7.3081755741e-05
7.6248326022e-01 3.4215024757e+00 9.9563639908e+00 1.2526134907e+02 9.1525104802e+01 0.0000000000e+00 7.3067315245e-05
7.6255632753e-01 3.4220319361e+00 9.9600255330e+00 1.2525844399e+02 9.1508821605e+01 0.0000000000e+00 7.3056010191e-05
7.6262937224e-01 3.4229803153e+00 9.9636865419e+00 1.2525543631e+02 9.1481271271e+01 0.0000000000e+00 7.3035769117e-05
7.6270239906e-01 3.4238786194e+00 9.9673479165e+00 1.2525232659e+02 9.1454999222e+01 0.0000000000e+00 7.3016607126e-05
7.6277540545e-01 3.4249196092e+00 9.9710095436e+00 1.2524913107e+02 9.1424869308e+01 0.0000000000e+00 7.2994414037e-05
7.6284838789e-01 3.4252886364e+00 9.9746727890e+00 1.2524585475e+02 9.1412628279e+01 0.0000000000e+00 7.2986549905e-05
7.6292137855e-01 3.4256868281e+00 9.9783394007e+00 1.2524248780e+02 9.1399545617e+01 0.0000000000e+00 7.2978066165e-05
7.6299434402e-01 3.4263456956e+00 9.9820085172e+00 1.2523907938e+02 9.1379483063e+01 0.0000000000e+00 7.2964032882e-05
7.6306730662e-01 3.4268009651e+00 9.9856814972e+00 1.2523562626e+02 9.1364823590e+01 0.0000000000e+00 7.2954339205e-05
7.6314025270e-01 3.4270915442e+00 9.9893568520e+00 1.2523220452e+02 9.1354580778e+01 0.0000000000e+00 7.2948153493e-05
7.6321320292e-01 3.4272709089e+00 9.9930327076e+00 1.2522885788e+02 9.1347358593e+01 0.0000000000e+00 7.2944335784e-05
7.6328614137e-01 3.4275761604e+00 9.9967086224e+00 1.2522565609e+02 9.1336888103e+01 0.0000000000e+00 7.2937839541e-05
7.6335907860e-01 3.4278737055e+00 1.0000382577e+01 1.2522256123e+02 9.1326702784e+01 0.0000000000e+00 7.2931508416e-05
7.6343200439e-01 3.4277299464e+00 1.0004056247e+01 1.2521961082e+02 9.1328381154e+01 0.0000000000e+00 7.2934567164e-05
7.6350494774e-01 3.4272396127e+00 1.0007726154e+01 1.2521671288e+02 9.1339333570e+01 0.0000000000e+00 7.2945001882e-05
7.6357789440e-01 3.4272571375e+00 1.0011394632e+01 1.2521392353e+02 9.1336831839e+01 0.0000000000e+00 7.2944628888e-05
7.6365083700e-01 3.4270262932e+00 1.0015056818e+01 1.2521112525e+02 9.1340942948e+01 0.0000000000e+00 7.2949542434e-05
7.6372379348e-01 3.4258463541e+00 1.0018717155e+01 1.2520842865e+02 9.1370435004e+01 0.0000000000e+00 7.2974667909e-05
7.6379678633e-01 3.4244316695e+00 1.0022372587e+01 1.2520568609e+02 9.1406179311e+01 0.0000000000e+00 7.3004814851e-05
7.6386980311e-01 3.4229658286e+00 1.0026027695e+01 1.2520306928e+02 9.1443411611e+01 0.0000000000e+00 7.3036078219e-05
7.6394285849e-01 3.4226247757e+00 1.0029677664e+01 1.2520035133e+02 9.1450538353e+01 0.0000000000e+00 7.3043356015e-05
7.6401588982e-01 3.4226618099e+00 1.0033328473e+01 1.2519783665e+02 9.1447712047e+01 0.0000000000e+00 7.3042565666e-05
7.6408894362e-01 3.4276995927e+00 1.0036969804e+01 1.2519506355e+02 9.1311286304e+01 0.0000000000e+00 7.2935213031e-05
7.6416176025e-01 3.4344869987e+00 1.0040609597e+01 1.2519273321e+02 9.1129136068e+01 0.0000000000e+00 7.2791074794e-05
7.6423452577e-01 3.4620021757e+00 1.0044226397e+01 1.2518990655e+02 9.0402821978e+01 0.0000000000e+00 7.2212548494e-05
7.6430618535e-01 3.4915556460e+00 1.0047818030e+01 1.2518770852e+02 8.9636054248e+01 0.0000000000e+00 7.1601321975e-05
7.6437772841e-01 3.5748113208e+00 1.0051361028e+01 1.2518550370e+02 8.7546930778e+01 0.0000000000e+00 6.9933760852e-05
7.6444605287e-01 3.6327555003e+00 1.0054787900e+01 1.2518209439e+02 8.6148169328e+01 0.0000000000e+00 6.8818284077e-05
7.6451536498e-01 3.7264751298e+00 1.0058228328e+01 1.2518248385e+02 8.3981832356e+01 0.0000000000e+00 6.7087526763e-05
7.6458022792e-01 3.7457347922e+00 1.0061418380e+01 1.2517341880e+02 8.3543967832e+01 0.0000000000e+00 6.6742578925e-05
7.6464885014e-01 2.8377983426e+00 1.0065219164e+01 1.2518643942e+02 1.1028482674e+02 0.0000000000e+00 8.8096464168e-05
7.6475642085e-01 3.4385011539e+00 1.0069825861e+01 1.2519183908e+02 9.1022100531e+01 0.0000000000e+00 7.2706097456e-05
7.6479426233e-01 9.0051971589e+00 1.0072186177e+01 1.2516091600e+02 3.4746856119e+01 0.0000000000e+00 2.7761746421e-05
7.6481194434e-01 8.8563246339e+00 1.0073210819e+01 1.2517334648e+02 3.5334450705e+01 0.0000000000e+00 2.8228414194e-05
7.6485071916e-01 6.5850257925e+00 1.0075027786e+01 1.2516698138e+02 4.7519548641e+01 0.0000000000e+00 3.7964923430e-05
7.6488787419e-01 6.7142034835e+00 1.0076914336e+01 1.2515974840e+02 4.6602604729e+01 0.0000000000e+00 3.7234498569e-05
7.6492518816e-01 6.5833770442e+00 1.0078792413e+01 1.2515777927e+02 4.7527955040e+01 0.0000000000e+00 3.7974431409e-05
7.6496382305e-01 6.3854469186e+00 1.0080746298e+01 1.2515471609e+02 4.8999982964e+01 0.0000000000e+00 3.9151527401e-05
7.6500349121e-01 6.2756930474e+00 1.0082740832e+01 1.2515173112e+02 4.9855741103e+01 0.0000000000e+00 3.9836237705e-05
7.6504349553e-01 6.2495139451e+00 1.0084762817e+01 1.2514828171e+02 5.0063206040e+01 0.0000000000e+00 4.0003110993e-05
7.6508349744e-01 6.2618901407e+00 1.0086782784e+01 1.2514506020e+02 4.9962973395e+01 0.0000000000e+00 3.9924047593e-05
7.6512334362e-01 6.2817057779e+00 1.0088800629e+01 1.2514168617e+02 4.9804022424e+01 0.0000000000e+00 3.9798107208e-05
7.6516309365e-01 6.2946055540e+00 1.0090813698e+01 1.2513822468e+02 4.9700582352e+01 0.0000000000e+00 3.9716547424e-05
7.6520277672e-01 6.3043380213e+00 1.0092826191e+01 1.2513462729e+02 4.9622429374e+01 0.0000000000e+00 3.9655234087e-05
7.6524240412e-01 6.3047469347e+00 1.0094837915e+01 1.2513096275e+02 4.9617757876e+01 0.0000000000e+00 3.9652662127e-05
7.6528208204e-01 6.3037211800e+00 1.0096854382e+01 1.2512712681e+02 4.9624310480e+01 0.0000000000e+00 3.9659114491e-05
7.6532172235e-01 6.3181840574e+00 1.0098870443e+01 1.2512315117e+02 4.9509142989e+01 0.0000000000e+00 3.9568331301e-05
7.6536121870e-01 6.3271365402e+00 1.0100883766e+01 1.2511907664e+02 4.9437480859e+01 0.0000000000e+00 3.9512344709e-05
7.6540074704e-01 6.3236518573e+00 1.0102897925e+01 1.2511501328e+02 4.9463117240e+01 0.0000000000e+00 3.9534118203e-05
7.6544028694e-01 6.3325024855e+00 1.0104910319e+01 1.2511091820e+02 4.9392368376e+01 0.0000000000e+00 3.9478863304e-05
7.6547970476e-01 6.3389988664e+00 1.0106914719e+01 1.2510687614e+02 4.9340155589e+01 0.0000000000e+00 3.9438404276e-05
7.6551916375e-01 6.3341562863e+00 1.0108918150e+01 1.2510300095e+02 4.9376347575e+01 0.0000000000e+00 3.9468555669e-05
7.6555864187e-01 6.3410366575e+00 1.0110920215e+01 1.2509923746e+02 4.9321287757e+01 0.0000000000e+00 3.9425730130e-05
7.6559801521e-01 6.3477997393e+00 1.0112915230e+01 1.2509548770e+02 4.9267263005e+01 0.0000000000e+00 3.9383725112e-05
7.6563740933e-01 6.3423941878e+00 1.0114908678e+01 1.2509188788e+02 4.9307833988e+01 0.0000000000e+00 3.9417291420e-05
7.6567684979e-01 6.3442095114e+00 1.0116901926e+01 1.2508839670e+02 4.9292349376e+01 0.0000000000e+00 3.9406012609e-05
7.6571622135e-01 6.3540192181e+00 1.0118890442e+01 1.2508494672e+02 4.9214891562e+01 0.0000000000e+00 3.9345175301e-05
7.6575554014e-01 6.3526765596e+00 1.0120874254e+01 1.2508156791e+02 4.9223963607e+01 0.0000000000e+00 3.9353491029e-05
7.6579492833e-01 6.3450169432e+00 1.0122859800e+01 1.2507832014e+02 4.9282106438e+01 0.0000000000e+00 3.9400998017e-05
7.6583434214e-01 6.3511722094e+00 1.0124843491e+01 1.2507507699e+02 4.9233067876e+01 0.0000000000e+00 3.9362812369e-05
7.6587365396e-01 6.3543169032e+00 1.0126821351e+01 1.2507177158e+02 4.9207402417e+01 0.0000000000e+00 3.9343332070e-05
7.6591302880e-01 6.3473945308e+00 1.0128798831e+01 1.2506859727e+02 4.9259817024e+01 0.0000000000e+00 3.9386239313e-05
7.6595242644e-01 6.3534992286e+00 1.0130774888e+01 1.2506540377e+02 4.9211229621e+01 0.0000000000e+00 3.9348395428e-05
7.6599172559e-01 6.3564887046e+00 1.0132745671e+01 1.2506216934e+02 4.9186813329e+01 0.0000000000e+00 3.9329889758e-05
7.6603108622e-01 6.3495804137e+00 1.0134717531e+01 1.2505904457e+02 4.9239097870e+01 0.0000000000e+00 3.9372680352e-05
7.6607047095e-01 6.3547605526e+00 1.0136689272e+01 1.2505589778e+02 4.9197722220e+01 0.0000000000e+00 3.9340585366e-05
7.6610976739e-01 6.3575729156e+00 1.0138657412e+01 1.2505271589e+02 4.9174707689e+01 0.0000000000e+00 3.9323182497e-05
7.6614911732e-01 6.3526721763e+00 1.0140625981e+01 1.2504959013e+02 4.9211413189e+01 0.0000000000e+00 3.9353518183e-05
7.6618847442e-01 6.3524737190e+00 1.0142595147e+01 1.2504642709e+02 4.9211705796e+01 0.0000000000e+00 3.9354747624e-05
7.6622782681e-01 6.3521975141e+00 1.0144564970e+01 1.2504329685e+02 4.9212613655e+01 0.0000000000e+00 3.9356458839e-05
7.6626718734e-01 6.3572580114e+00 1.0146535281e+01 1.2504016817e+02 4.9172209127e+01 0.0000000000e+00 3.9325130355e-05
7.6630647707e-01 6.3596185112e+00 1.0148505226e+01 1.2503706150e+02 4.9152736632e+01 0.0000000000e+00 3.9310534045e-05
7.6634580841e-01 6.3551118347e+00 1.0150477737e+01 1.2503398901e+02 4.9186384230e+01 0.0000000000e+00 3.9338410795e-05
7.6638515390e-01 6.3544827295e+00 1.0152453308e+01 1.2503089121e+02 4.9190035022e+01 0.0000000000e+00 3.9342305368e-05
7.6642449302e-01 6.3554411891e+00 1.0154430947e+01 1.2502781199e+02 4.9181405454e+01 0.0000000000e+00 3.9336372183e-05
7.6646382664e-01 6.3559272591e+00 1.0156411446e+01 1.2502475202e+02 4.9176440716e+01 0.0000000000e+00 3.9333363931e-05
7.6650315975e-01 6.3566095919e+00 1.0158394896e+01 1.2502170230e+02 4.9169962575e+01 0.0000000000e+00 3.9329141799e-05
7.6654248492e-01 6.3573194349e+00 1.0160380902e+01 1.2501864922e+02 4.9163271761e+01 0.0000000000e+00 3.9324750402e-05
7.6658180925e-01 6.3576601753e+00 1.0162369405e+01 1.2501556975e+02 4.9159425915e+01 0.0000000000e+00 3.9322642781e-05
7.6662113021e-01 6.3580729311e+00 1.0164359956e+01 1.2501244708e+02 4.9155006728e+01 0.0000000000e+00 3.9320090019e-05
7.6666044943e-01 6.3590271824e+00 1.0166352041e+01 1.2500926056e+02 4.9146377651e+01 0.0000000000e+00 3.9314189550e-05
7.6669975859e-01 6.3595423372e+00 1.0168345068e+01 1.2500600174e+02 4.9141115473e+01 0.0000000000e+00 3.9311004903e-05
7.6673907144e-01 6.3596608990e+00 1.0170339077e+01 1.2500265121e+02 4.9138882243e+01 0.0000000000e+00 3.9310272037e-05
7.6677837913e-01 6.3603671716e+00 1.0172333222e+01 1.2499921724e+02 4.9132075976e+01 0.0000000000e+00 3.9305906916e-05
7.6681768325e-01 6.3614236948e+00 1.0174326809e+01 1.2499570322e+02 4.9122534994e+01 0.0000000000e+00 3.9299378880e-05
7.6685697789e-01 6.3618535063e+00 1.0176319342e+01 1.2499212718e+02 4.9117810970e+01 0.0000000000e+00 3.9296723786e-05
7.6689627670e-01 6.3618250078e+00 1.0178310420e+01 1.2498851857e+02 4.9116612929e+01 0.0000000000e+00 3.9296899820e-05
7.6693557169e-01 6.3628224045e+00 1.0180299193e+01 1.2498485286e+02 4.9107473426e+01 0.0000000000e+00 3.9290739880e-05
7.6697485818e-01 6.3585905170e+00 1.0182286061e+01 1.2498122526e+02 4.9138730085e+01 0.0000000000e+00 3.9316889385e-05
7.6701420547e-01 6.3600033878e+00 1.0184272517e+01 1.2497762484e+02 4.9126398690e+01 0.0000000000e+00 3.9308155162e-05
7.6705347449e-01 6.3664113566e+00 1.0186254770e+01 1.2497391830e+02 4.9075496106e+01 0.0000000000e+00 3.9268590419e-05
7.6709274265e-01 6.3596998484e+00 1.0188235752e+01 1.2497032762e+02 4.9125874884e+01 0.0000000000e+00 3.9310031284e-05
7.6713209455e-01 6.3599423648e+00 1.0190218123e+01 1.2496673258e+02 4.9122588466e+01 0.0000000000e+00 3.9308532320e-05
7.6717135971e-01 6.3674662208e+00 1.0192197072e+01 1.2496303923e+02 4.9063094682e+01 0.0000000000e+00 3.9262085001e-05
7.6721061872e-01 6.3612068830e+00 1.0194176234e+01 1.2495950079e+02 4.9109981441e+01 0.0000000000e+00 3.9300718338e-05
7.6724996115e-01 6.3618548870e+00 1.0196157750e+01 1.2495595059e+02 4.9103584102e+01 0.0000000000e+00 3.9296715257e-05
7.6728921215e-01 6.3694300100e+00 1.0198136694e+01 1.2495231938e+02 4.9043760268e+01 0.0000000000e+00 3.9249979921e-05
7.6732846111e-01 6.3630926261e+00 1.0200116459e+01 1.2494882404e+02 4.9091232588e+01 0.0000000000e+00 3.9289071320e-05
7.6736779029e-01 6.3631988354e+00 1.0202099818e+01 1.2494528191e+02 4.9089021553e+01 0.0000000000e+00 3.9288415538e-05
7.6740703794e-01 6.3714631403e+00 1.0204081481e+01 1.2494169374e+02 4.9023941202e+01 0.0000000000e+00 3.9237455275e-05
7.6744626521e-01 6.3670030888e+00 1.0206063524e+01 1.2493819166e+02 4.9056907120e+01 0.0000000000e+00 3.9264940901e-05
7.6748556782e-01 6.3595417332e+00 1.0208050183e+01 1.2493462281e+02 4.9113060362e+01 0.0000000000e+00 3.9311008637e-05
7.6752488722e-01 6.3652451868e+00 1.0210038281e+01 1.2493100317e+02 4.9067631924e+01 0.0000000000e+00 3.9275784776e-05
7.6756411939e-01 6.3736883965e+00 1.0212024601e+01 1.2492730373e+02 4.9001181088e+01 0.0000000000e+00 3.9223756238e-05
7.6760333473e-01 6.3692403528e+00 1.0214010677e+01 1.2492363594e+02 4.9033962066e+01 0.0000000000e+00 3.9251148669e-05
7.6764262169e-01 6.3623862004e+00 1.0216002701e+01 1.2491983257e+02 4.9085291523e+01 0.0000000000e+00 3.9293433646e-05
7.6768192160e-01 6.3659017291e+00 1.0217996624e+01 1.2491596719e+02 4.9056666481e+01 0.0000000000e+00 3.9271734098e-05
7.6772116516e-01 6.3736509269e+00 1.0219990794e+01 1.2491203605e+02 4.8995480568e+01 0.0000000000e+00 3.9223986828e-05
7.6776036958e-01 6.3732774248e+00 1.0221985472e+01 1.2490808196e+02 4.8996800874e+01 0.0000000000e+00 3.9226285526e-05
7.6779961773e-01 6.3678638186e+00 1.0223985480e+01 1.2490401448e+02 4.9036858371e+01 0.0000000000e+00 3.9259633548e-05
7.6783888884e-01 6.3665692636e+00 1.0225989528e+01 1.2489987312e+02 4.9045203135e+01 0.0000000000e+00 3.9267616459e-05
7.6787815296e-01 6.3663732803e+00 1.0227996779e+01 1.2489569187e+02 4.9045071019e+01 0.0000000000e+00 3.9268825278e-05
7.6791742649e-01 6.3683896530e+00 1.0230008603e+01 1.2489143006e+02 4.9027869237e+01 0.0000000000e+00 3.9256391902e-05
7.6795666575e-01 6.3754739668e+00 1.0232020112e+01 1.2488719833e+02 4.8971730957e+01 0.0000000000e+00 3.9212770894e-05
7.6799585204e-01 6.3776893287e+00 1.0234029524e+01 1.2488303959e+02 4.8953089887e+01 0.0000000000e+00 3.9199149898e-05
7.6803506405e-01 6.3727119902e+00 1.0236038962e+01 1.2487903480e+02 4.8989753102e+01 0.0000000000e+00 3.9229765975e-05
7.6807431157e-01 6.3696672675e+00 1.0238048136e+01 1.2487514569e+02 4.9011643954e+01 0.0000000000e+00 3.9248517937e-05
7.6811356108e-01 6.3701309408e+00 1.0240056184e+01 1.2487136415e+02 4.9006592371e+01 0.0000000000e+00 3.9245661090e-05
7.6815280289e-01 6.3713662568e+00 1.0242062154e+01 1.2486767744e+02 4.8995644107e+01 0.0000000000e+00 3.9238051923e-05
7.6819203719e-01 6.3719739738e+00 1.0244065742e+01 1.2486407123e+02 4.8989556354e+01 0.0000000000e+00 3.9234309655e-05
7.6823127151e-01 6.3725728197e+00 1.0246067029e+01 1.2486053265e+02 4.8983564479e+01 0.0000000000e+00 3.9230622713e-05
7.6827049843e-01 6.3733188416e+00 1.0248065190e+01 1.2485702393e+02 4.8976454431e+01 0.0000000000e+00 3.9226030615e-05
7.6830972357e-01 6.3737629599e+00 1.0250060124e+01 1.2485353051e+02 4.8971671562e+01 0.0000000000e+00 3.9223297379e-05
7.6834894503e-01 6.3744407921e+00 1.0252051724e+01 1.2485003161e+02 4.8965091873e+01 0.0000000000e+00 3.9219126532e-05
7.6838816182e-01 6.3750230459e+00 1.0254040050e+01 1.2484651632e+02 4.8959241176e+01 0.0000000000e+00 3.9215544508e-05
7.6842737612e-01 6.3754516688e+00 1.0256025188e+01 1.2484297533e+02 4.8954561111e+01 0.0000000000e+00 3.9212908039e-05
7.6846658764e-01 6.3759154998e+00 1.0258007459e+01 1.2483940231e+02 4.8949598812e+01 0.0000000000e+00 3.9210055404e-05
7.6850579623e-01 6.3765925942e+00 1.0259987110e+01 1.2483579049e+02 4.8942985085e+01 0.0000000000e+00 3.9205891910e-05
7.6854499942e-01 6.3773361472e+00 1.0261964505e+01 1.2483213664e+02 4.8935846315e+01 0.0000000000e+00 3.9201320776e-05
7.6858419887e-01 6.3777913801e+00 1.0263940137e+01 1.2482844369e+02 4.8930905798e+01 0.0000000000e+00 3.9198522671e-05
7.6862339647e-01 6.3784560602e+00 1.0265914564e+01 1.2482470781e+02 4.8924342595e+01 0.0000000000e+00 3.9194437908e-05
7.6866258774e-01 6.3791221694e+00 1.0267888076e+01 1.2482093172e+02 4.8917754043e+01 0.0000000000e+00 3.9190345217e-05
7.6870177716e-01 6.3796785283e+00 1.0269861160e+01 1.2481712165e+02 4.8911994976e+01 0.0000000000e+00 3.9186927506e-05
7.6874096160e-01 6.3803754487e+00 1.0271834443e+01 1.2481327835e+02 4.8905146474e+01 0.0000000000e+00 3.9182647167e-05
7.6878014245e-01 6.3808767262e+00 1.0273808219e+01 1.2480940974e+02 4.8899788814e+01 0.0000000000e+00 3.9179569004e-05
7.6881932074e-01 6.3811379545e+00 1.0275783063e+01 1.2480551488e+02 4.8896261048e+01 0.0000000000e+00 3.9177965088e-05
7.6885849838e-01 6.3822759105e+00 1.0277759342e+01 1.2480159849e+02 4.8886008783e+01 0.0000000000e+00 3.9170979680e-05
7.6889766270e-01 6.3850618734e+00 1.0279736773e+01 1.2479765236e+02 4.8863133527e+01 0.0000000000e+00 3.9153888397e-05
7.6893680616e-01 6.3817542802e+00 1.0281716242e+01 1.2479371849e+02 4.8886917691e+01 0.0000000000e+00 3.9174181428e-05
7.6897601106e-01 6.3745123707e+00 1.0283700633e+01 1.2478977634e+02 4.8940910723e+01 0.0000000000e+00 3.9218686146e-05
7.6901524353e-01 6.3770951288e+00 1.0285689330e+01 1.2478576021e+02 4.8919514957e+01 0.0000000000e+00 3.9202802366e-05
7.6905441666e-01 6.3827942246e+00 1.0287678743e+01 1.2478178745e+02 4.8874279452e+01 0.0000000000e+00 3.9167798805e-05
7.6909357913e-01 6.3850828941e+00 1.0289670387e+01 1.2477782669e+02 4.8855210166e+01 0.0000000000e+00 3.9153759496e-05
7.6913272418e-01 6.3885540368e+00 1.0291663961e+01 1.2477383382e+02 4.8827102775e+01 0.0000000000e+00 3.9132485780e-05
7.6917184410e-01 6.3849692977e+00 1.0293659998e+01 1.2476988563e+02 4.8852970082e+01 0.0000000000e+00 3.9154456089e-05
7.6921103310e-01 6.3771704945e+00 1.0295661189e+01 1.2476592710e+02 4.8911161779e+01 0.0000000000e+00 3.9202339065e-05
7.6925024878e-01 6.3804155218e+00 1.0297665397e+01 1.2476194417e+02 4.8884725352e+01 0.0000000000e+00 3.9182401075e-05
7.6928939790e-01 6.3885019661e+00 1.0299668263e+01 1.2475798173e+02 4.8821297385e+01 0.0000000000e+00 3.9132804737e-05
7.6932851439e-01 6.3897720984e+00 1.0301670888e+01 1.2475407351e+02 4.8810063799e+01 0.0000000000e+00 3.9125026080e-05
7.6936764795e-01 6.3837866331e+00 1.0303675969e+01 1.2475021004e+02 4.8854315321e+01 0.0000000000e+00 3.9161709871e-05
7.6940683781e-01 6.3812728505e+00 1.0305684130e+01 1.2474635653e+02 4.8872050864e+01 0.0000000000e+00 3.9177136891e-05
7.6944600222e-01 6.3885546056e+00 1.0307692302e+01 1.2474251481e+02 4.8814842525e+01 0.0000000000e+00 3.9132482296e-05
7.6948510277e-01 6.3897407468e+00 1.0309698972e+01 1.2473869210e+02 4.8804285275e+01 0.0000000000e+00 3.9125218050e-05
7.6952425266e-01 6.3822243401e+00 1.0311708036e+01 1.2473489116e+02 4.8860273675e+01 0.0000000000e+00 3.9171296193e-05
7.6956344537e-01 6.3855968045e+00 1.0313719744e+01 1.2473100733e+02 4.8832948253e+01 0.0000000000e+00 3.9150608417e-05
7.6960255388e-01 6.3937786149e+00 1.0315728724e+01 1.2472706845e+02 4.8768918959e+01 0.0000000000e+00 3.9100509270e-05
7.6964164638e-01 6.3897533664e+00 1.0317736202e+01 1.2472312002e+02 4.8798096291e+01 0.0000000000e+00 3.9125140779e-05
7.6968080416e-01 6.3852471773e+00 1.0319746719e+01 1.2471906064e+02 4.8830944669e+01 0.0000000000e+00 3.9152752127e-05
7.6971995189e-01 6.3905067337e+00 1.0321755622e+01 1.2471491753e+02 4.8789134698e+01 0.0000000000e+00 3.9120528374e-05
7.6975904521e-01 6.3914237257e+00 1.0323760913e+01 1.2471073667e+02 4.8780499473e+01 0.0000000000e+00 3.9114915663e-05
7.6979818172e-01 6.3882492518e+00 1.0325764181e+01 1.2470655428e+02 4.8803102919e+01 0.0000000000e+00 3.9134352801e-05
7.6983731392e-01 6.3889756727e+00 1.0327765098e+01 1.2470232772e+02 4.8795900198e+01 0.0000000000e+00 3.9129903260e-05
7.6987644153e-01 6.3883741294e+00 1.0329762816e+01 1.2469812652e+02 4.8798850846e+01 0.0000000000e+00 3.9133587817e-05
7.6991558110e-01 6.3923394093e+00 1.0331757573e+01 1.2469391134e+02 4.8766931540e+01 0.0000000000e+00 3.9109312568e-05
7.6995466015e-01 6.3939330223e+00 1.0333747655e+01 1.2468965377e+02 4.8753112261e+01 0.0000000000e+00 3.9099565030e-05
7.6999378023e-01 6.3904396560e+00 1.0335736329e+01 1.2468546271e+02 4.8778123815e+01 0.0000000000e+00 3.9120939005e-05
7.7003290203e-01 6.3905897864e+00 1.0337723505e+01 1.2468124997e+02 4.8775329876e+01 0.0000000000e+00 3.9120019960e-05
7.7007202027e-01 6.3905658229e+00 1.0339708738e+01 1.2467706379e+02 4.8773875134e+01 0.0000000000e+00 3.9120166653e-05
7.7011114236e-01 6.3954021817e+00 1.0341692049e+01 1.2467288405e+02 4.8735357257e+01 0.0000000000e+00 3.9090583031e-05
7.7015020143e-01 6.3974336367e+00 1.0343672273e+01 1.2466868796e+02 4.8718241968e+01 0.0000000000e+00 3.9078170122e-05
7.7018929870e-01 6.3933911182e+00 1.0345653112e+01 1.2466454884e+02 4.8747427825e+01 0.0000000000e+00 3.9102879110e-05
7.7022840719e-01 6.3931352241e+00 1.0347634402e+01 1.2466040951e+02 4.8747760349e+01 0.0000000000e+00 3.9104444257e-05
7.7026750759e-01 6.3940211569e+00 1.0349615503e+01 1.2465629085e+02 4.8739395676e+01 0.0000000000e+00 3.9099026085e-05
7.7030660524e-01 6.3944234113e+00 1.0351596884e+01 1.2465219492e+02 4.8734728256e+01 0.0000000000e+00 3.9096566480e-05
7.7034570072e-01 6.3950735211e+00 1.0353578823e+01 1.2464811035e+02 4.8728177219e+01 0.0000000000e+00 3.9092592004e-05
7.7038479043e-01 6.3956189807e+00 1.0355561699e+01 1.2464403688e+02 4.8722429078e+01 0.0000000000e+00 3.9089257937e-05
7.7042387924e-01 6.3960759373e+00 1.0357545982e+01 1.2463997166e+02 4.8717359239e+01 0.0000000000e+00 3.9086465272e-05
7.7046296336e-01 6.3967314306e+00 1.0359532075e+01 1.2463591259e+02 4.8710780630e+01 0.0000000000e+00 3.9082459958e-05
7.7050204416e-01 6.3977231184e+00 1.0361520229e+01 1.2463185764e+02 4.8701645624e+01 0.0000000000e+00 3.9076401928e-05
7.7054111616e-01 6.3982743436e+00 1.0363510987e+01 1.2462780886e+02 4.8695867887e+01 0.0000000000e+00 3.9073035411e-05
7.7058019023e-01 6.3982186580e+00 1.0365504650e+01 1.2462375534e+02 4.8694707854e+01 0.0000000000e+00 3.9073375475e-05
7.7061926291e-01 6.3991400597e+00 1.0367501152e+01 1.2461966503e+02 4.8686098392e+01 0.0000000000e+00 3.9067749364e-05
7.7065832573e-01 6.3955550550e+00 1.0369500007e+01 1.2461556513e+02 4.8711786567e+01 0.0000000000e+00 3.9089648647e-05
7.7069744221e-01 6.3956450857e+00 1.0371503540e+01 1.2461132936e+02 4.8709445135e+01 0.0000000000e+00 3.9089098386e-05
7.7073650393e-01 6.3998776496e+00 1.0373506620e+01 1.2460705203e+02 4.8675560241e+01 0.0000000000e+00 3.9063246782e-05
7.7077556870e-01 6.4022168467e+00 1.0375510692e+01 1.2460268204e+02 4.8656069072e+01 0.0000000000e+00 3.9048974126e-05
7.7081460187e-01 6.4043442580e+00 1.0377515270e+01 1.2459820850e+02 4.8638160084e+01 0.0000000000e+00 3.9036002739e-05
7.7085364071e-01 6.3969474172e+00 1.0379520806e+01 1.2459372296e+02 4.8692647770e+01 0.0000000000e+00 3.9081140378e-05
7.7089276416e-01 6.3973978576e+00 1.0381529507e+01 1.2458913411e+02 4.8687426075e+01 0.0000000000e+00 3.9078388677e-05
7.7093179749e-01 6.4054993384e+00 1.0383532629e+01 1.2458448193e+02 4.8624032002e+01 0.0000000000e+00 3.9028963519e-05
7.7097082208e-01 6.3987232365e+00 1.0385534678e+01 1.2457995942e+02 4.8673756784e+01 0.0000000000e+00 3.9070294301e-05
7.7100993807e-01 6.3990832391e+00 1.0387537685e+01 1.2457550446e+02 4.8669278005e+01 0.0000000000e+00 3.9068096266e-05
7.7104895828e-01 6.4071638574e+00 1.0389535615e+01 1.2457096453e+02 4.8606125622e+01 0.0000000000e+00 3.9018824173e-05
7.7108797572e-01 6.4003409843e+00 1.0391532292e+01 1.2456658343e+02 4.8656229306e+01 0.0000000000e+00 3.9060418908e-05
7.7112707911e-01 6.4005504925e+00 1.0393531683e+01 1.2456225201e+02 4.8652944834e+01 0.0000000000e+00 3.9059140349e-05
7.7116609400e-01 6.4089922849e+00 1.0395527641e+01 1.2455789530e+02 4.8587160729e+01 0.0000000000e+00 3.9007692456e-05
7.7120509450e-01 6.4039170405e+00 1.0397524861e+01 1.2455370073e+02 4.8624029615e+01 0.0000000000e+00 3.9038606906e-05
7.7124417122e-01 6.3980234864e+00 1.0399526231e+01 1.2454956319e+02 4.8667203024e+01 0.0000000000e+00 3.9074567408e-05
7.7128324363e-01 6.4039906836e+00 1.0401529527e+01 1.2454547481e+02 4.8620259213e+01 0.0000000000e+00 3.9038157978e-05
7.7132224753e-01 6.4100810581e+00 1.0403531342e+01 1.2454145191e+02 4.8572494941e+01 0.0000000000e+00 3.9001066872e-05
7.7136124577e-01 6.4056156815e+00 1.0405535387e+01 1.2453753060e+02 4.8604824575e+01 0.0000000000e+00 3.9028254649e-05
7.7140030404e-01 6.3993905666e+00 1.0407543533e+01 1.2453363154e+02 4.8650582520e+01 0.0000000000e+00 3.9066220040e-05
7.7143937821e-01 6.4053250394e+00 1.0409553356e+01 1.2452969976e+02 4.8603973645e+01 0.0000000000e+00 3.9030025559e-05
7.7147836409e-01 6.4133628780e+00 1.0411560622e+01 1.2452571804e+02 4.8541506385e+01 0.0000000000e+00 3.8981109405e-05
7.7151734043e-01 6.4090535877e+00 1.0413566239e+01 1.2452172325e+02 4.8572586245e+01 0.0000000000e+00 3.9007319346e-05
7.7155637873e-01 6.4036732822e+00 1.0415574827e+01 1.2451759238e+02 4.8611783772e+01 0.0000000000e+00 3.9040092925e-05
7.7159542061e-01 6.4020343067e+00 1.0417583154e+01 1.2451340273e+02 4.8622592742e+01 0.0000000000e+00 3.9050087522e-05
7.7163447891e-01 6.4079189138e+00 1.0419590963e+01 1.2450908785e+02 4.8576257568e+01 0.0000000000e+00 3.9014226516e-05
7.7167344906e-01 6.4166644943e+00 1.0421595274e+01 1.2450463298e+02 4.8508314986e+01 0.0000000000e+00 3.8961052152e-05
7.7171240101e-01 6.4120613184e+00 1.0423597383e+01 1.2450012393e+02 4.8541380747e+01 0.0000000000e+00 3.8989022030e-05
7.7175142711e-01 6.4056213270e+00 1.0425603329e+01 1.2449544424e+02 4.8588356181e+01 0.0000000000e+00 3.9028220252e-05
7.7179045745e-01 6.4061219158e+00 1.0427608350e+01 1.2449069534e+02 4.8582706113e+01 0.0000000000e+00 3.9025170499e-05
7.7182947745e-01 6.4075985378e+00 1.0429612117e+01 1.2448586038e+02 4.8569623879e+01 0.0000000000e+00 3.9016177204e-05
7.7186848981e-01 6.4076285464e+00 1.0431614046e+01 1.2448096780e+02 4.8567487526e+01 0.0000000000e+00 3.9015994480e-05
7.7190750944e-01 6.4085384953e+00 1.0433614536e+01 1.2447604128e+02 4.8558669568e+01 0.0000000000e+00 3.9010454597e-05
7.7194651072e-01 6.4152127458e+00 1.0435612616e+01 1.2447106898e+02 4.8506212463e+01 0.0000000000e+00 3.8969868951e-05
7.7198544918e-01 6.4193452835e+00 1.0437606992e+01 1.2446604189e+02 4.8473028164e+01 0.0000000000e+00 3.8944781588e-05
7.7202440028e-01 6.4143397027e+00 1.0439601300e+01 1.2446107817e+02 4.8508920614e+01 0.0000000000e+00 3.8975173063e-05
7.7206339952e-01 6.4104285206e+00 1.0441597403e+01 1.2445609540e+02 4.8536574036e+01 0.0000000000e+00 3.8998952909e-05
7.7210239818e-01 6.4108600273e+00 1.0443593759e+01 1.2445110879e+02 4.8531362510e+01 0.0000000000e+00 3.8996327940e-05
7.7214139218e-01 6.4114669049e+00 1.0445590337e+01 1.2444614149e+02 4.8524831888e+01 0.0000000000e+00 3.8992636741e-05
7.7218038346e-01 6.4119428352e+00 1.0447587670e+01 1.2444118801e+02 4.8519298754e+01 0.0000000000e+00 3.8989742489e-05
7.7221937166e-01 6.4125620757e+00 1.0449586173e+01 1.2443625279e+02 4.8512689359e+01 0.0000000000e+00 3.8985977375e-05
7.7225835541e-01 6.4131615273e+00 1.0451586349e+01 1.2443134506e+02 4.8506241629e+01 0.0000000000e+00 3.8982333274e-05
7.7229733633e-01 6.4138735385e+00 1.0453588668e+01 1.2442647272e+02 4.8498957757e+01 0.0000000000e+00 3.8978005803e-05
7.7233631142e-01 6.4144536917e+00 1.0455593496e+01 1.2442164431e+02 4.8492689435e+01 0.0000000000e+00 3.8974480450e-05
7.7237528529e-01 6.4148472231e+00 1.0457601035e+01 1.2441686236e+02 4.8487850931e+01 0.0000000000e+00 3.8972089483e-05
7.7241425560e-01 6.4153984748e+00 1.0459611267e+01 1.2441212504e+02 4.8481838475e+01 0.0000000000e+00 3.8968740754e-05
7.7245322277e-01 6.4160917612e+00 1.0461623763e+01 1.2440742810e+02 4.8474769661e+01 0.0000000000e+00 3.8964530014e-05
7.7249218466e-01 6.4166644898e+00 1.0463637461e+01 1.2440276521e+02 4.8468626265e+01 0.0000000000e+00 3.8961052178e-05
7.7253114488e-01 6.4173885185e+00 1.0465651402e+01 1.2439814272e+02 4.8461357123e+01 0.0000000000e+00 3.8956656478e-05
7.7257009798e-01 6.4178495908e+00 1.0467664404e+01 1.2439353793e+02 4.8456081812e+01 0.0000000000e+00 3.8953857747e-05
7.7260905259e-01 6.4182462450e+00 1.0469676798e+01 1.2438896380e+02 4.8451305486e+01 0.0000000000e+00 3.8951450358e-05
7.7264800088e-01 6.4205168553e+00 1.0471687486e+01 1.2438438767e+02 4.8432388884e+01 0.0000000000e+00 3.8937675211e-05
7.7268692794e-01 6.4183909161e+00 1.0473696337e+01 1.2437981793e+02 4.8446651019e+01 0.0000000000e+00 3.8950572389e-05
7.7272590202e-01 6.4114471395e+00 1.0475706369e+01 1.2437528222e+02 4.8497351501e+01 0.0000000000e+00 3.8992756948e-05
7.7276491346e-01 6.4117500937e+00 1.0477716933e+01 1.2437074923e+02 4.8493292553e+01 0.0000000000e+00 3.8990914547e-05
7.7280388385e-01 6.4181485650e+00 1.0479725373e+01 1.2436619963e+02 4.8443175773e+01 0.0000000000e+00 3.8952043174e-05
7.7284281754e-01 6.4211818157e+00 1.0481731192e+01 1.2436165424e+02 4.8418522402e+01 0.0000000000e+00 3.8933642930e-05
7.7288175114e-01 6.4214148504e+00 1.0483736107e+01 1.2435710538e+02 4.8414994313e+01 0.0000000000e+00 3.8932230019e-05
7.7292068200e-01 6.4234159572e+00 1.0485740438e+01 1.2435252524e+02 4.8398128843e+01 0.0000000000e+00 3.8920101340e-05
7.7295959134e-01 6.4240991938e+00 1.0487743634e+01 1.2434790718e+02 4.8391184284e+01 0.0000000000e+00 3.8915961983e-05
7.7299851393e-01 6.4185971337e+00 1.0489746796e+01 1.2434329309e+02 4.8430868340e+01 0.0000000000e+00 3.8949320979e-05
7.7303748998e-01 6.4152384925e+00 1.0491752659e+01 1.2433859528e+02 4.8454393171e+01 0.0000000000e+00 3.8969712551e-05
7.7307645335e-01 6.4196605239e+00 1.0493757734e+01 1.2433385423e+02 4.8419170207e+01 0.0000000000e+00 3.8942869186e-05
7.7311537572e-01 6.4246631186e+00 1.0495761364e+01 1.2432905908e+02 4.8379602471e+01 0.0000000000e+00 3.8912546134e-05
7.7315427844e-01 6.4277032216e+00 1.0497764064e+01 1.2432420691e+02 4.8354833220e+01 0.0000000000e+00 3.8894141715e-05
7.7319316400e-01 6.4237097164e+00 1.0499766868e+01 1.2431932996e+02 4.8382996527e+01 0.0000000000e+00 3.8918321505e-05
7.7323211509e-01 6.4162656559e+00 1.0501773994e+01 1.2431435437e+02 4.8437191133e+01 0.0000000000e+00 3.8963473990e-05
7.7327109095e-01 6.4206216447e+00 1.0503783173e+01 1.2430929284e+02 4.8402358726e+01 0.0000000000e+00 3.8937039719e-05
7.7330998917e-01 6.4299582270e+00 1.0505790919e+01 1.2430415029e+02 4.8330076924e+01 0.0000000000e+00 3.8880501424e-05
7.7334885195e-01 6.4268834011e+00 1.0507798304e+01 1.2429902215e+02 4.8351204771e+01 0.0000000000e+00 3.8899103095e-05
7.7338778737e-01 6.4179279846e+00 1.0509811999e+01 1.2429378472e+02 4.8416632680e+01 0.0000000000e+00 3.8953381933e-05
7.7342675872e-01 6.4228051812e+00 1.0511828544e+01 1.2428846982e+02 4.8377798450e+01 0.0000000000e+00 3.8923802443e-05
7.7346563498e-01 6.4298176181e+00 1.0513843322e+01 1.2428313926e+02 4.8322964445e+01 0.0000000000e+00 3.8881351673e-05
7.7350452142e-01 6.4238767960e+00 1.0515860545e+01 1.2427783832e+02 4.8365590696e+01 0.0000000000e+00 3.8917309273e-05
7.7354346960e-01 6.4220286873e+00 1.0517881379e+01 1.2427252230e+02 4.8377439727e+01 0.0000000000e+00 3.8928508759e-05
7.7358237844e-01 6.4303540753e+00 1.0519899695e+01 1.2426722720e+02 4.8312746758e+01 0.0000000000e+00 3.8878107966e-05
7.7362122581e-01 6.4297052983e+00 1.0521916068e+01 1.2426202639e+02 4.8315599480e+01 0.0000000000e+00 3.8882030887e-05
7.7366014250e-01 6.4223591984e+00 1.0523934445e+01 1.2425692568e+02 4.8368878879e+01 0.0000000000e+00 3.8926505397e-05
7.7369907882e-01 6.4271773676e+00 1.0525953509e+01 1.2425187271e+02 4.8330653414e+01 0.0000000000e+00 3.8897323926e-05
7.7373793715e-01 6.4298569326e+00 1.0527969000e+01 1.2424682800e+02 4.8308550760e+01 0.0000000000e+00 3.8881113938e-05
7.7377684105e-01 6.4260884227e+00 1.0529985092e+01 1.2424186242e+02 4.8334948982e+01 0.0000000000e+00 3.8903915346e-05
7.7381574498e-01 6.4262134591e+00 1.0532000750e+01 1.2423690973e+02 4.8332081763e+01 0.0000000000e+00 3.8903158383e-05
7.7385464737e-01 6.4257161259e+00 1.0534016621e+01 1.2423202530e+02 4.8333922191e+01 0.0000000000e+00 3.8906169383e-05
7.7389355732e-01 6.4303214872e+00 1.0536031519e+01 1.2422715603e+02 4.8297412607e+01 0.0000000000e+00 3.8878304996e-05
7.7393240398e-01 6.4322847351e+00 1.0538044019e+01 1.2422227306e+02 4.8280773540e+01 0.0000000000e+00 3.8866438644e-05
7.7397129019e-01 6.4284904162e+00 1.0540057427e+01 1.2421743680e+02 4.8307389744e+01 0.0000000000e+00 3.8889378970e-05
7.7401018274e-01 6.4274618364e+00 1.0542071696e+01 1.2421258619e+02 4.8313233650e+01 0.0000000000e+00 3.8895602396e-05
7.7404908140e-01 6.4272316224e+00 1.0544087089e+01 1.2420775426e+02 4.8313084683e+01 0.0000000000e+00 3.8896995579e-05
7.7408797673e-01 6.4328364962e+00 1.0546102555e+01 1.2420289617e+02 4.8269101912e+01 0.0000000000e+00 3.8863104969e-05
7.7412680761e-01 6.4348591513e+00 1.0548116959e+01 1.2419804366e+02 4.8252044349e+01 0.0000000000e+00 3.8850889215e-05
7.7416567850e-01 6.4317296601e+00 1.0550133011e+01 1.2419318682e+02 4.8273634537e+01 0.0000000000e+00 3.8869792919e-05
7.7420454720e-01 6.4315686571e+00 1.0552151739e+01 1.2418827264e+02 4.8272932801e+01 0.0000000000e+00 3.8870765956e-05
7.7424342004e-01 6.4314186079e+00 1.0554171494e+01 1.2418337375e+02 4.8272154760e+01 0.0000000000e+00 3.8871672836e-05
7.7428229054e-01 6.4318297799e+00 1.0556193566e+01 1.2417842936e+02 4.8267146990e+01 0.0000000000e+00 3.8869187860e-05
7.7432115841e-01 6.4323000496e+00 1.0558216553e+01 1.2417348225e+02 4.8261695385e+01 0.0000000000e+00 3.8866346108e-05
7.7436002323e-01 6.4329732473e+00 1.0560241452e+01 1.2416849199e+02 4.8254705567e+01 0.0000000000e+00 3.8862278824e-05
7.7439888297e-01 6.4336675823e+00 1.0562267093e+01 1.2416348788e+02 4.8247553319e+01 0.0000000000e+00 3.8858084724e-05
7.7443773940e-01 6.4338537952e+00 1.0564294081e+01 1.2415844398e+02 4.8244196999e+01 0.0000000000e+00 3.8856960067e-05
7.7447659689e-01 6.4349543997e+00 1.0566321608e+01 1.2415336521e+02 4.8233972419e+01 0.0000000000e+00 3.8850314155e-05
7.7451544003e-01 6.4357897116e+00 1.0568348795e+01 1.2414825322e+02 4.8225726285e+01 0.0000000000e+00 3.8845271708e-05
7.7455428743e-01 6.4337278782e+00 1.0570375707e+01 1.2414312962e+02 4.8239190393e+01 0.0000000000e+00 3.8857720552e-05
7.7459315547e-01 6.4340934774e+00 1.0572402631e+01 1.2413796030e+02 4.8234440772e+01 0.0000000000e+00 3.8855512572e-05
7.7463199846e-01 6.4334007740e+00 1.0574428181e+01 1.2413277015e+02 4.8237617442e+01 0.0000000000e+00 3.8859696261e-05
7.7467087486e-01 6.4342858484e+00 1.0576452924e+01 1.2412754480e+02 4.8228951792e+01 0.0000000000e+00 3.8854350877e-05
7.7470970716e-01 6.4371447464e+00 1.0578475569e+01 1.2412228024e+02 4.8205487498e+01 0.0000000000e+00 3.8837094682e-05
7.7474854905e-01 6.4382529026e+00 1.0580496098e+01 1.2411701026e+02 4.8195143986e+01 0.0000000000e+00 3.8830410017e-05
7.7478736798e-01 6.4404976697e+00 1.0582514815e+01 1.2411164404e+02 4.8176263081e+01 0.0000000000e+00 3.8816876089e-05
7.7482618281e-01 6.4338099190e+00 1.0584532544e+01 1.2410633718e+02 4.8224278749e+01 0.0000000000e+00 3.8857225057e-05
7.7486508243e-01 6.4345765133e+00 1.0586552034e+01 1.2410097678e+02 4.8216450812e+01 0.0000000000e+00 3.8852595736e-05
7.7490388800e-01 6.4426054448e+00 1.0588567730e+01 1.2409548610e+02 4.8154231686e+01 0.0000000000e+00 3.8804176687e-05
7.7494269078e-01 6.4347747648e+00 1.0590582700e+01 1.2409012062e+02 4.8210747523e+01 0.0000000000e+00 3.8851398710e-05
7.7498159079e-01 6.4353463388e+00 1.0592600798e+01 1.2408467573e+02 4.8204350315e+01 0.0000000000e+00 3.8847948010e-05
7.7502038668e-01 6.4440745077e+00 1.0594614791e+01 1.2407911568e+02 4.8136902953e+01 0.0000000000e+00 3.8795330454e-05
7.7505918146e-01 6.4362993237e+00 1.0596628813e+01 1.2407369272e+02 4.8192946940e+01 0.0000000000e+00 3.8842196024e-05
7.7509807107e-01 6.4367634248e+00 1.0598646227e+01 1.2406819798e+02 4.8187338027e+01 0.0000000000e+00 3.8839395438e-05
7.7513686025e-01 6.4456766680e+00 1.0600660059e+01 1.2406261294e+02 4.8118537173e+01 0.0000000000e+00 3.8785687350e-05
7.7517564245e-01 6.4390721073e+00 1.0602674068e+01 1.2405715454e+02 4.8165773139e+01 0.0000000000e+00 3.8825469855e-05
7.7521451119e-01 6.4354374370e+00 1.0604691966e+01 1.2405164173e+02 4.8190835098e+01 0.0000000000e+00 3.8847398090e-05
7.7525333724e-01 6.4433157432e+00 1.0606708679e+01 1.2404611621e+02 4.8129767791e+01 0.0000000000e+00 3.8799898990e-05
7.7529211098e-01 6.4448158474e+00 1.0608723946e+01 1.2404062599e+02 4.8116435334e+01 0.0000000000e+00 3.8790867873e-05
7.7533091898e-01 6.4378651254e+00 1.0610742083e+01 1.2403517499e+02 4.8166268078e+01 0.0000000000e+00 3.8832748921e-05
7.7536977648e-01 6.4383694610e+00 1.0612763438e+01 1.2402971206e+02 4.8160373839e+01 0.0000000000e+00 3.8829707042e-05
7.7540857839e-01 6.4459815406e+00 1.0614783689e+01 1.2402422853e+02 4.8101374379e+01 0.0000000000e+00 3.8783852921e-05
7.7544734419e-01 6.4462257668e+00 1.0616804289e+01 1.2401881311e+02 4.8097451749e+01 0.0000000000e+00 3.8782383528e-05
7.7548614316e-01 6.4407638627e+00 1.0618827549e+01 1.2401339917e+02 4.8136137972e+01 0.0000000000e+00 3.8815271811e-05
7.7552497473e-01 6.4364660348e+00 1.0620854911e+01 1.2400796291e+02 4.8166168452e+01 0.0000000000e+00 3.8841189971e-05
7.7556382554e-01 6.4427106666e+00 1.0622883490e+01 1.2400251744e+02 4.8117370100e+01 0.0000000000e+00 3.8803542940e-05
7.7560258182e-01 6.4519164905e+00 1.0624910265e+01 1.2399701488e+02 4.8046582385e+01 0.0000000000e+00 3.8748176665e-05
7.7564132189e-01 6.4464539904e+00 1.0626936774e+01 1.2399156492e+02 4.8085181832e+01 0.0000000000e+00 3.8781010517e-05
7.7568014384e-01 6.4402918683e+00 1.0628967965e+01 1.2398598568e+02 4.8129024357e+01 0.0000000000e+00 3.8818116494e-05
7.7571895813e-01 6.4413899741e+00 1.0630998723e+01 1.2398036204e+02 4.8118636869e+01 0.0000000000e+00 3.8811498916e-05
7.7575776684e-01 6.4404094880e+00 1.0633029177e+01 1.2397469563e+02 4.8123762884e+01 0.0000000000e+00 3.8817407568e-05
7.7579659294e-01 6.4444129136e+00 1.0635058988e+01 1.2396895562e+02 4.8091640496e+01 0.0000000000e+00 3.8793293253e-05
7.7583535342e-01 6.4526174678e+00 1.0637085563e+01 1.2396311905e+02 4.8028230277e+01 0.0000000000e+00 3.8743967274e-05
7.7587408088e-01 6.4514226726e+00 1.0639108873e+01 1.2395725785e+02 4.8034853759e+01 0.0000000000e+00 3.8751142606e-05
7.7591285571e-01 6.4455650904e+00 1.0641132862e+01 1.2395135655e+02 4.8076217837e+01 0.0000000000e+00 3.8786358759e-05
7.7595165359e-01 6.4438832797e+00 1.0643156485e+01 1.2394541822e+02 4.8086461546e+01 0.0000000000e+00 3.8796481741e-05
7.7599044867e-01 6.4444782572e+00 1.0645178900e+01 1.2393943886e+02 4.8079702466e+01 0.0000000000e+00 3.8792899909e-05
7.7602923939e-01 6.4451820562e+00 1.0647199780e+01 1.2393342593e+02 4.8072119936e+01 0.0000000000e+00 3.8788663815e-05
7.7606802600e-01 6.4458614741e+00 1.0649219666e+01 1.2392737605e+02 4.8064706535e+01 0.0000000000e+00 3.8784575344e-05
7.7610680854e-01 6.4464364900e+00 1.0651238813e+01 1.2392128999e+02 4.8058058969e+01 0.0000000000e+00 3.8781115798e-05
7.7614558823e-01 6.4467938274e+00 1.0653257611e+01 1.2391516730e+02 4.8053020856e+01 0.0000000000e+00 3.8778966211e-05
7.7618436648e-01 6.4472331356e+00 1.0655276311e+01 1.2390900370e+02 4.8047356555e+01 0.0000000000e+00 3.8776323850e-05
7.7622314088e-01 6.4475809052e+00 1.0657294988e+01 1.2390279786e+02 4.8042358709e+01 0.0000000000e+00 3.8774232332e-05
7.7626191494e-01 6.4484305438e+00 1.0659313707e+01 1.2389654396e+02 4.8033604114e+01 0.0000000000e+00 3.8769123479e-05
7.7630067913e-01 6.4503543179e+00 1.0661332205e+01 1.2389023206e+02 4.8016832083e+01 0.0000000000e+00 3.8757560853e-05
7.7633943006e-01 6.4519327882e+00 1.0663350294e+01 1.2388386434e+02 4.8002617360e+01 0.0000000000e+00 3.8748078786e-05
7.7637817528e-01 6.4521431688e+00 1.0665368412e+01 1.2387744677e+02 4.7998565563e+01 0.0000000000e+00 3.8746815354e-05
7.7641692369e-01 6.4512953260e+00 1.0667387449e+01 1.2387096504e+02 4.8002361845e+01 0.0000000000e+00 3.8751907542e-05
7.7645567910e-01 6.4498069961e+00 1.0669407797e+01 1.2386442248e+02 4.8010902713e+01 0.0000000000e+00 3.8760849767e-05
7.7649444539e-01 6.4481689682e+00 1.0671429980e+01 1.2385781807e+02 4.8020538340e+01 0.0000000000e+00 3.8770696182e-05
7.7653322049e-01 6.4484318497e+00 1.0673453944e+01 1.2385115573e+02 4.8015997773e+01 0.0000000000e+00 3.8769115628e-05
7.7657198362e-01 6.4506088474e+00 1.0675478639e+01 1.2384446947e+02 4.7997201660e+01 0.0000000000e+00 3.8756031549e-05
7.7661073255e-01 6.4521540431e+00 1.0677503650e+01 1.2383778935e+02 4.7983118708e+01 0.0000000000e+00 3.8746750051e-05
7.7664947712e-01 6.4527775231e+00 1.0679529325e+01 1.2383113593e+02 4.7975904752e+01 0.0000000000e+00 3.8743006264e-05
7.7668821857e-01 6.4531308347e+00 1.0681555917e+01 1.2382455348e+02 4.7970727950e+01 0.0000000000e+00 3.8740885069e-05
7.7672695889e-01 6.4535522325e+00 1.0683583874e+01 1.2381809107e+02 4.7965092174e+01 0.0000000000e+00 3.8738355404e-05
7.7676569528e-01 6.4543813275e+00 1.0685613384e+01 1.2381178633e+02 4.7956488797e+01 0.0000000000e+00 3.8733379284e-05
7.7680442565e-01 6.4547480922e+00 1.0687645067e+01 1.2380567217e+02 4.7951395781e+01 0.0000000000e+00 3.8731178418e-05
7.7684315763e-01 6.4551039639e+00 1.0689679973e+01 1.2379977134e+02 4.7946466869e+01 0.0000000000e+00 3.8729043157e-05
7.7688188374e-01 6.4572663941e+00 1.0691717928e+01 1.2379409146e+02 4.7928211376e+01 0.0000000000e+00 3.8716073450e-05
7.7692058978e-01 6.4562482882e+00 1.0693759815e+01 1.2378865955e+02 4.7933665972e+01 0.0000000000e+00 3.8722178708e-05
7.7695932810e-01 6.4494979194e+00 1.0695807778e+01 1.2378344212e+02 4.7981813340e+01 0.0000000000e+00 3.8762707287e-05
7.7699811520e-01 6.4482059244e+00 1.0697860443e+01 1.2377833541e+02 4.7989447322e+01 0.0000000000e+00 3.8770473979e-05
7.7703686904e-01 6.4538801965e+00 1.0699913027e+01 1.2377330404e+02 4.7945305876e+01 0.0000000000e+00 3.8736386854e-05
7.7707558797e-01 6.4575678402e+00 1.0701962827e+01 1.2376829995e+02 4.7915989044e+01 0.0000000000e+00 3.8714266143e-05
7.7711429758e-01 6.4602639034e+00 1.0704010069e+01 1.2376328282e+02 4.7894050718e+01 0.0000000000e+00 3.8698109510e-05
7.7715298419e-01 6.4593192137e+00 1.0706055430e+01 1.2375828942e+02 4.7899122695e+01 0.0000000000e+00 3.8703769195e-05
7.7719170512e-01 6.4525559230e+00 1.0708103058e+01 1.2375336857e+02 4.7947421939e+01 0.0000000000e+00 3.8744336815e-05
7.7723047286e-01 6.4510759903e+00 1.0710153664e+01 1.2374848537e+02 4.7956529097e+01 0.0000000000e+00 3.8753225102e-05
7.7726921157e-01 6.4571741763e+00 1.0712207372e+01 1.2374370821e+02 4.7909389164e+01 0.0000000000e+00 3.8716626371e-05
7.7730790611e-01 6.4635865178e+00 1.0714266667e+01 1.2373915861e+02 4.7860099911e+01 0.0000000000e+00 3.8678216701e-05
7.7734656800e-01 6.4602593958e+00 1.0716333984e+01 1.2373489208e+02 4.7883097450e+01 0.0000000000e+00 3.8698136512e-05
7.7738530239e-01 6.4511977000e+00 1.0718412171e+01 1.2373091315e+02 4.7948814663e+01 0.0000000000e+00 3.8752493975e-05
7.7742407299e-01 6.4554232811e+00 1.0720506149e+01 1.2372744006e+02 4.7916083376e+01 0.0000000000e+00 3.8727127427e-05
7.7746275664e-01 6.4657786129e+00 1.0722638325e+01 1.2372526107e+02 4.7838500387e+01 0.0000000000e+00 3.8665103612e-05
7.7750140319e-01 6.4624009282e+00 1.0724831005e+01 1.2372486089e+02 4.7863349188e+01 0.0000000000e+00 3.8685312592e-05
7.7754012727e-01 6.4538952476e+00 1.0727062573e+01 1.2372573229e+02 4.7926766528e+01 0.0000000000e+00 3.8736296517e-05
7.7757887579e-01 6.4597783212e+00 1.0729339004e+01 1.2372794122e+02 4.7883973360e+01 0.0000000000e+00 3.8701018451e-05
7.7761752930e-01 6.4657544986e+00 1.0731669730e+01 1.2373199205e+02 4.7841281354e+01 0.0000000000e+00 3.8665247815e-05
7.7765620628e-01 6.4600316092e+00 1.0734071265e+01 1.2373849323e+02 4.7886179480e+01 0.0000000000e+00 3.8699501043e-05
7.7769492831e-01 6.4609138710e+00 1.0736568289e+01 1.2374780752e+02 4.7883244536e+01 0.0000000000e+00 3.8694216482e-05
7.7773359472e-01 6.4672937772e+00 1.0739170950e+01 1.2376083412e+02 4.7841043868e+01 0.0000000000e+00 3.8656045111e-05
7.7777224040e-01 6.4656303482e+00 1.0741905549e+01 1.2377811210e+02 4.7860032756e+01 0.0000000000e+00 3.8665990249e-05
7.7781092670e-01 6.4648626466e+00 1.0744792424e+01 1.2380025950e+02 4.7874280657e+01 0.0000000000e+00 3.8670581831e-05
7.7784958156e-01 6.4685043574e+00 1.0747844731e+01 1.2382788907e+02 4.7858006360e+01 0.0000000000e+00 3.8648810635e-05
7.7788822432e-01 6.4685449504e+00 1.0751072224e+01 1.2386142597e+02 4.7870667563e+01 0.0000000000e+00 3.8648568096e-05
7.7792687870e-01 6.4724550424e+00 1.0754470981e+01 1.2390041550e+02 4.7856808077e+01 0.0000000000e+00 3.8625220007e-05
7.7796547476e-01 6.4747965189e+00 1.0757936840e+01 1.2394105180e+02 4.7855191833e+01 0.0000000000e+00 3.8611251994e-05
7.7800410120e-01 6.4719448974e+00 1.0761246164e+01 1.2397732713e+02 4.7890289974e+01 0.0000000000e+00 3.8628264604e-05
7.7804273129e-01 6.4793887680e+00 1.0764372909e+01 1.2400752325e+02 4.7846921865e+01 0.0000000000e+00 3.8583886374e-05
7.7808126897e-01 6.4834958203e+00 1.0767312959e+01 1.2403160738e+02 4.7825899337e+01 0.0000000000e+00 3.8559444924e-05
7.7811985018e-01 6.4786512513e+00 1.0770077662e+01 1.2404985355e+02 4.7868703198e+01 0.0000000000e+00 3.8588278687e-05
7.7815844553e-01 6.4785288902e+00 1.0772674890e+01 1.2406242840e+02 4.7874459814e+01 0.0000000000e+00 3.8589007510e-05
7.7819702819e-01 6.4803508185e+00 1.0775115137e+01 1.2406983114e+02 4.7863855912e+01 0.0000000000e+00 3.8578158344e-05
7.7823560185e-01 6.4810111032e+00 1.0777415181e+01 1.2407274849e+02 4.7860104897e+01 0.0000000000e+00 3.8574228005e-05
7.7827417665e-01 6.4814502032e+00 1.0779612452e+01 1.2407221958e+02 4.7856658497e+01 0.0000000000e+00 3.8571614710e-05
7.7831274508e-01 6.4848032653e+00 1.0781700785e+01 1.2406768081e+02 4.7830163744e+01 0.0000000000e+00 3.8551670694e-05
7.7835127999e-01 6.4851703063e+00 1.0783636267e+01 1.2405809800e+02 4.7823762578e+01 0.0000000000e+00 3.8549488786e-05
7.7838984405e-01 6.4842930795e+00 1.0785414856e+01 1.2404322147e+02 4.7824496808e+01 0.0000000000e+00 3.8554703949e-05
7.7842838940e-01 6.4844249521e+00 1.0787045094e+01 1.2402332938e+02 4.7815855028e+01 0.0000000000e+00 3.8553919869e-05
7.7846695189e-01 6.4824943546e+00 1.0788543952e+01 1.2399900120e+02 4.7820713145e+01 0.0000000000e+00 3.8565401885e-05
7.7850552020e-01 6.4820390336e+00 1.0789932876e+01 1.2397092121e+02 4.7813242317e+01 0.0000000000e+00 3.8568110853e-05
7.7854408812e-01 6.4819507459e+00 1.0791233553e+01 1.2393983527e+02 4.7801904135e+01 0.0000000000e+00 3.8568636171e-05
7.7858265747e-01 6.4811010239e+00 1.0792467909e+01 1.2390645925e+02 4.7795296968e+01 0.0000000000e+00 3.8573692815e-05
7.7862123550e-01 6.4795528333e+00 1.0793655492e+01 1.2387144579e+02 4.7793207718e+01 0.0000000000e+00 3.8582909412e-05
7.7865982329e-01 6.4791944809e+00 1.0794812822e+01 1.2383533166e+02 4.7781916420e+01 0.0000000000e+00 3.8585043363e-05
7.7869840559e-01 6.4749036347e+00 1.0795953172e+01 1.2379857510e+02 4.7799389028e+01 0.0000000000e+00 3.8610613239e-05
7.7873704452e-01 6.4733792643e+00 1.0797086796e+01 1.2376147824e+02 4.7796318271e+01 0.0000000000e+00 3.8619705380e-05
7.7877564500e-01 6.4757341199e+00 1.0798217052e+01 1.2372423301e+02 4.7764558703e+01 0.0000000000e+00 3.8605661593e-05
7.7881425584e-01 6.4755398355e+00 1.0799350620e+01 1.2368705563e+02 4.7751638772e+01 0.0000000000e+00 3.8606819872e-05
7.7885285864e-01 6.4748022711e+00 1.0800498581e+01 1.2365025584e+02 4.7742869459e+01 0.0000000000e+00 3.8611217692e-05
7.7889147828e-01 6.4755952143e+00 1.0801673406e+01 1.2361422433e+02 4.7723112796e+01 0.0000000000e+00 3.8606489709e-05
7.7893007162e-01 6.4764804633e+00 1.0802885410e+01 1.2357934177e+02 4.7703124587e+01 0.0000000000e+00 3.8601212714e-05
7.7896868070e-01 6.4680004009e+00 1.0804147192e+01 1.2354601398e+02 4.7752785376e+01 0.0000000000e+00 3.8651821970e-05
7.7900737526e-01 6.4665463749e+00 1.0805468047e+01 1.2351454029e+02 4.7751354871e+01 0.0000000000e+00 3.8660512970e-05
7.7904600173e-01 6.4718243382e+00 1.0806851287e+01 1.2348513888e+02 4.7701054769e+01 0.0000000000e+00 3.8628984184e-05
7.7908463323e-01 6.4708797276e+00 1.0808292913e+01 1.2345765750e+02 4.7697400778e+01 0.0000000000e+00 3.8634623192e-05
7.7912327097e-01 6.4710907974e+00 1.0809762128e+01 1.2343125727e+02 4.7685645720e+01 0.0000000000e+00 3.8633363034e-05
7.7916189996e-01 6.4658333977e+00 1.0811225831e+01 1.2340492126e+02 4.7714236382e+01 0.0000000000e+00 3.8664776004e-05
7.7920060053e-01 6.4663183847e+00 1.0812676646e+01 1.2337817905e+02 4.7700318677e+01 0.0000000000e+00 3.8661876067e-05
7.7923922371e-01 6.4720916973e+00 1.0814110033e+01 1.2335093802e+02 4.7647245971e+01 0.0000000000e+00 3.8627388438e-05
7.7927785530e-01 6.4626678931e+00 1.0815528741e+01 1.2332335869e+02 4.7706056047e+01 0.0000000000e+00 3.8683714549e-05
7.7931659114e-01 6.4624759248e+00 1.0816939186e+01 1.2329546771e+02 4.7696683572e+01 0.0000000000e+00 3.8684863651e-05
7.7935522503e-01 6.4704016406e+00 1.0818339848e+01 1.2326732168e+02 4.7627384098e+01 0.0000000000e+00 3.8637477839e-05
7.7939386609e-01 6.4609010484e+00 1.0819733457e+01 1.2323910529e+02 4.7686500832e+01 0.0000000000e+00 3.8694293277e-05
7.7943261362e-01 6.4602590367e+00 1.0821126309e+01 1.2321079670e+02 4.7680284954e+01 0.0000000000e+00 3.8698138663e-05
7.7947126237e-01 6.4683740636e+00 1.0822514573e+01 1.2318237093e+02 4.7609480263e+01 0.0000000000e+00 3.8649589146e-05
7.7950991280e-01 6.4601192066e+00 1.0823899869e+01 1.2315397823e+02 4.7659328834e+01 0.0000000000e+00 3.8698976289e-05
7.7954866032e-01 6.4549400331e+00 1.0825286858e+01 1.2312551999e+02 4.7686546798e+01 0.0000000000e+00 3.8730026727e-05
7.7958737285e-01 6.4619567115e+00 1.0826672008e+01 1.2309701680e+02 4.7623739330e+01 0.0000000000e+00 3.8687971950e-05
7.7962603627e-01 6.4622167903e+00 1.0828054874e+01 1.2306848891e+02 4.7610786244e+01 0.0000000000e+00 3.8686414912e-05
7.7966474568e-01 6.4528101377e+00 1.0829438664e+01 1.2303996933e+02 4.7669142090e+01 0.0000000000e+00 3.8742810445e-05
7.7970352189e-01 6.4549552558e+00 1.0830824061e+01 1.2301139258e+02 4.7642232869e+01 0.0000000000e+00 3.8729935389e-05
7.7974220555e-01 6.4627394017e+00 1.0832206869e+01 1.2298275318e+02 4.7573770787e+01 0.0000000000e+00 3.8683286523e-05
7.7978088846e-01 6.4557149252e+00 1.0833588645e+01 1.2295414832e+02 4.7614458563e+01 0.0000000000e+00 3.8725377885e-05
7.7981965631e-01 6.4476496597e+00 1.0834973811e+01 1.2292546790e+02 4.7662898260e+01 0.0000000000e+00 3.8773818863e-05
7.7985843610e-01 6.4529302880e+00 1.0836359110e+01 1.2289676473e+02 4.7612774058e+01 0.0000000000e+00 3.8742089073e-05
7.7989714048e-01 6.4580362640e+00 1.0837743244e+01 1.2286803114e+02 4.7564006346e+01 0.0000000000e+00 3.8711458063e-05
7.7993585901e-01 6.4504392603e+00 1.0839128444e+01 1.2283931883e+02 4.7608896804e+01 0.0000000000e+00 3.8757050475e-05
7.7997465458e-01 6.4449829493e+00 1.0840517405e+01 1.2281052930e+02 4.7638034990e+01 0.0000000000e+00 3.8789862125e-05
7.8001343874e-01 6.4506785874e+00 1.0841905703e+01 1.2278171011e+02 4.7584803850e+01 0.0000000000e+00 3.8755612547e-05
7.8005216581e-01 6.4533673201e+00 1.0843292372e+01 1.2275283642e+02 4.7553792588e+01 0.0000000000e+00 3.8739465398e-05
7.8009091767e-01 6.4459220489e+00 1.0844678091e+01 1.2272393388e+02 4.7597509305e+01 0.0000000000e+00 3.8784210870e-05
7.8012973423e-01 6.4398938700e+00 1.0846064513e+01 1.2269496590e+02 4.7630818292e+01 0.0000000000e+00 3.8820515531e-05
7.8016855870e-01 6.4450224032e+00 1.0847449403e+01 1.2266589187e+02 4.7581639053e+01 0.0000000000e+00 3.8789624669e-05
7.8020731348e-01 6.4501537356e+00 1.0848830448e+01 1.2263669996e+02 4.7532471698e+01 0.0000000000e+00 3.8758766108e-05
7.8024607623e-01 6.4430941280e+00 1.0850209114e+01 1.2260742440e+02 4.7573193081e+01 0.0000000000e+00 3.8801233543e-05
7.8028491595e-01 6.4345028937e+00 1.0851587892e+01 1.2257805836e+02 4.7625302366e+01 0.0000000000e+00 3.8853040263e-05
7.8032378231e-01 6.4390983625e+00 1.0852965270e+01 1.2254855619e+02 4.7579858737e+01 0.0000000000e+00 3.8825311546e-05
7.8036256657e-01 6.4465604042e+00 1.0854338572e+01 1.2251892513e+02 4.7513292922e+01 0.0000000000e+00 3.8780370357e-05
7.8040134305e-01 6.4398027144e+00 1.0855709282e+01 1.2248923611e+02 4.7551626013e+01 0.0000000000e+00 3.8821065037e-05
7.8044020870e-01 6.4304668977e+00 1.0857081383e+01 1.2245944994e+02 4.7609081847e+01 0.0000000000e+00 3.8877425850e-05
7.8047909791e-01 6.4320379650e+00 1.0858452810e+01 1.2242958153e+02 4.7585843787e+01 0.0000000000e+00 3.8867929785e-05
7.8051794456e-01 6.4382661241e+00 1.0859822722e+01 1.2239962630e+02 4.7528179148e+01 0.0000000000e+00 3.8830330275e-05
7.8055675857e-01 6.4371147874e+00 1.0861191285e+01 1.2236963345e+02 4.7525031590e+01 0.0000000000e+00 3.8837275434e-05
7.8059561911e-01 6.4292366706e+00 1.0862562534e+01 1.2233956037e+02 4.7571572896e+01 0.0000000000e+00 3.8884865002e-05
7.8063452830e-01 6.4233028435e+00 1.0863936482e+01 1.2230943749e+02 4.7603795302e+01 0.0000000000e+00 3.8920786719e-05
7.8067346069e-01 6.4279985719e+00 1.0865311911e+01 1.2227927540e+02 4.7557289425e+01 0.0000000000e+00 3.8892354627e-05
7.8071231301e-01 6.4350644944e+00 1.0866686109e+01 1.2224910198e+02 4.7493347613e+01 0.0000000000e+00 3.8849649482e-05
7.8075115998e-01 6.4281188056e+00 1.0868062503e+01 1.2221897187e+02 4.7532946871e+01 0.0000000000e+00 3.8891627171e-05
7.8079009626e-01 6.4188538499e+00 1.0869443362e+01 1.2218885619e+02 4.7589826411e+01 0.0000000000e+00 3.8947763237e-05
7.8082905551e-01 6.4195664898e+00 1.0870827424e+01 1.2215876262e+02 4.7572823963e+01 0.0000000000e+00 3.8943439623e-05
7.8086798314e-01 6.4254596628e+00 1.0872212921e+01 1.2212873284e+02 4.7517508183e+01 0.0000000000e+00 3.8907722267e-05
7.8090687096e-01 6.4254923854e+00 1.0873600508e+01 1.2209879157e+02 4.7505616785e+01 0.0000000000e+00 3.8907524125e-05
7.8094579819e-01 6.4175018048e+00 1.0874992700e+01 1.2206894482e+02 4.7553140044e+01 0.0000000000e+00 3.8955968787e-05
7.8098478289e-01 6.4108951350e+00 1.0876390115e+01 1.2203918317e+02 4.7590539465e+01 0.0000000000e+00 3.8996114386e-05
7.8102379042e-01 6.4155928266e+00 1.0877790606e+01 1.2200950410e+02 4.7544127019e+01 0.0000000000e+00 3.8967560249e-05
7.8106271801e-01 6.4226379761e+00 1.0879189485e+01 1.2197986007e+02 4.7480435814e+01 0.0000000000e+00 3.8924815774e-05
7.8110164005e-01 6.4155321074e+00 1.0880586965e+01 1.2195025338e+02 4.7521488219e+01 0.0000000000e+00 3.8967929053e-05
7.8114065387e-01 6.4060167480e+00 1.0881984621e+01 1.2192063833e+02 4.7580518099e+01 0.0000000000e+00 3.9025811176e-05
7.8117969167e-01 6.4073585539e+00 1.0883380521e+01 1.2189096719e+02 4.7558976981e+01 0.0000000000e+00 3.9017638532e-05
7.8121868915e-01 6.4134490151e+00 1.0884771722e+01 1.2186122724e+02 4.7502220316e+01 0.0000000000e+00 3.8980585861e-05
7.8125765284e-01 6.4119514914e+00 1.0886158494e+01 1.2183144712e+02 4.7501703374e+01 0.0000000000e+00 3.8989689853e-05
7.8129666853e-01 6.4036648185e+00 1.0887543256e+01 1.2180164903e+02 4.7551539813e+01 0.0000000000e+00 3.9040144524e-05
7.8133573313e-01 6.3983915539e+00 1.0888926854e+01 1.2177183887e+02 4.7579082118e+01 0.0000000000e+00 3.9072319644e-05
7.8137481317e-01 6.4031533897e+00 1.0890307985e+01 1.2174199354e+02 4.7532046372e+01 0.0000000000e+00 3.9043262715e-05
7.8141381966e-01 6.4087752236e+00 1.0891684994e+01 1.2171210699e+02 4.7478692398e+01 0.0000000000e+00 3.9009013623e-05
7.8145283119e-01 6.4013552318e+00 1.0893059557e+01 1.2168222614e+02 4.7522056555e+01 0.0000000000e+00 3.9054230073e-05
7.8149192812e-01 6.3917804802e+00 1.0894434508e+01 1.2165233568e+02 4.7581552613e+01 0.0000000000e+00 3.9112732481e-05
7.8153105666e-01 6.3961699381e+00 1.0895808213e+01 1.2162237671e+02 4.7537189400e+01 0.0000000000e+00 3.9085890841e-05
7.8157009990e-01 6.4032453749e+00 1.0897177361e+01 1.2159233170e+02 4.7472931528e+01 0.0000000000e+00 3.9042701843e-05
7.8160914206e-01 6.3958809877e+00 1.0898543449e+01 1.2156223602e+02 4.7515829428e+01 0.0000000000e+00 3.9087656647e-05
7.8164827521e-01 6.3855205693e+00 1.0899909702e+01 1.2153207442e+02 4.7581114609e+01 0.0000000000e+00 3.9151075827e-05
7.8168744421e-01 6.3896418154e+00 1.0901274523e+01 1.2150178346e+02 4.7538573744e+01 0.0000000000e+00 3.9125823829e-05
7.8172652686e-01 6.3969149842e+00 1.0902634604e+01 1.2147135478e+02 4.7472631372e+01 0.0000000000e+00 3.9081338523e-05
7.8176560689e-01 6.3896960125e+00 1.0903991535e+01 1.2144083530e+02 4.7514324257e+01 0.0000000000e+00 3.9125491966e-05
7.8180477784e-01 6.3792569306e+00 1.0905349051e+01 1.2141020971e+02 4.7580075168e+01 0.0000000000e+00 3.9189517325e-05
7.8184398593e-01 6.3833564747e+00 1.0906705647e+01 1.2137943391e+02 4.7537464965e+01 0.0000000000e+00 3.9164348880e-05
7.8188310654e-01 6.3903660102e+00 1.0908058554e+01 1.2134851170e+02 4.7473224343e+01 0.0000000000e+00 3.9121389855e-05
7.8192222871e-01 6.3830859404e+00 1.0909409514e+01 1.2131750591e+02 4.7515225020e+01 0.0000000000e+00 3.9166008782e-05
7.8196143856e-01 6.3731201457e+00 1.0910762958e+01 1.2128636157e+02 4.7577308600e+01 0.0000000000e+00 3.9227253572e-05
7.8200068321e-01 6.3775728735e+00 1.0912116112e+01 1.2125511592e+02 4.7531842571e+01 0.0000000000e+00 3.9199865679e-05
7.8203983829e-01 6.3834953230e+00 1.0913468577e+01 1.2122377155e+02 4.7475468149e+01 0.0000000000e+00 3.9163497011e-05
7.8207901021e-01 6.3742263403e+00 1.0914821331e+01 1.2119241337e+02 4.7532205046e+01 0.0000000000e+00 3.9220446005e-05
7.8211827918e-01 6.3700179648e+00 1.0916179975e+01 1.2116087701e+02 4.7551230497e+01 0.0000000000e+00 3.9246357134e-05
7.8215750292e-01 6.3760868570e+00 1.0917537857e+01 1.2112933440e+02 4.7493602706e+01 0.0000000000e+00 3.9209001635e-05
7.8219669719e-01 6.3734401355e+00 1.0918896724e+01 1.2109778583e+02 4.7500950530e+01 0.0000000000e+00 3.9225284098e-05
7.8223595349e-01 6.3631702902e+00 1.0920259837e+01 1.2106623547e+02 4.7565219046e+01 0.0000000000e+00 3.9288591786e-05
7.8227527437e-01 6.3655725952e+00 1.0921626842e+01 1.2103466835e+02 4.7534870800e+01 0.0000000000e+00 3.9273764655e-05
7.8231450102e-01 6.3721224681e+00 1.0922993835e+01 1.2100315916e+02 4.7473647816e+01 0.0000000000e+00 3.9233395348e-05
7.8235374116e-01 6.3627356931e+00 1.0924364453e+01 1.2097179015e+02 4.7531359146e+01 0.0000000000e+00 3.9291275335e-05
7.8239308357e-01 6.3584888272e+00 1.0925740267e+01 1.2094051978e+02 4.7550810841e+01 0.0000000000e+00 3.9317518170e-05
7.8243237620e-01 6.3646365776e+00 1.0927119042e+01 1.2090939215e+02 4.7492653618e+01 0.0000000000e+00 3.9279540466e-05
7.8247164265e-01 6.3615227006e+00 1.0928502093e+01 1.2087847166e+02 4.7503749239e+01 0.0000000000e+00 3.9298767255e-05
7.8251097373e-01 6.3514732721e+00 1.0929890821e+01 1.2084766824e+02 4.7566786107e+01 0.0000000000e+00 3.9360946554e-05
7.8255036454e-01 6.3539766498e+00 1.0931281210e+01 1.2081684802e+02 4.7535919111e+01 0.0000000000e+00 3.9345438893e-05
7.8258966461e-01 6.3602352683e+00 1.0932667868e+01 1.2078591733e+02 4.7476984828e+01 0.0000000000e+00 3.9306722071e-05
7.8262897799e-01 6.3505904494e+00 1.0934050323e+01 1.2075490709e+02 4.7536881826e+01 0.0000000000e+00 3.9366418287e-05
7.8266839744e-01 6.3493160426e+00 1.0935430782e+01 1.2072371664e+02 4.7534142195e+01 0.0000000000e+00 3.9374319741e-05
7.8270772663e-01 6.3553370581e+00 1.0936804837e+01 1.2069231257e+02 4.7476755155e+01 0.0000000000e+00 3.9337016702e-05
7.8274707148e-01 6.3452423775e+00 1.0938173149e+01 1.2066079652e+02 4.7539868985e+01 0.0000000000e+00 3.9399598176e-05
7.8278652582e-01 6.3439591838e+00 1.0939538766e+01 1.2062911163e+02 4.7536998639e+01 0.0000000000e+00 3.9407567539e-05
7.8282588661e-01 6.3502536342e+00 1.0940897137e+01 1.2059726257e+02 4.7477340872e+01 0.0000000000e+00 3.9368506268e-05
7.8286526284e-01 6.3400171734e+00 1.0942249345e+01 1.2056536259e+02 4.7541417984e+01 0.0000000000e+00 3.9432069845e-05
7.8290475075e-01 6.3387126818e+00 1.0943599349e+01 1.2053334992e+02 4.7538576039e+01 0.0000000000e+00 3.9440184869e-05
7.8294414321e-01 6.3450975396e+00 1.0944943263e+01 1.2050119792e+02 4.7478071521e+01 0.0000000000e+00 3.9400497540e-05
7.8298355175e-01 6.3347982028e+00 1.0946281873e+01 1.2046903036e+02 4.7542568247e+01 0.0000000000e+00 3.9464556249e-05
7.8302307232e-01 6.3334174407e+00 1.0947620137e+01 1.2043680050e+02 4.7540210965e+01 0.0000000000e+00 3.9473160003e-05
7.8306249807e-01 6.3399076746e+00 1.0948953883e+01 1.2040445069e+02 4.7478787100e+01 0.0000000000e+00 3.9432750890e-05
7.8310193782e-01 6.3297842792e+00 1.0950285754e+01 1.2037218002e+02 4.7541975649e+01 0.0000000000e+00 3.9495816757e-05
7.8314148970e-01 6.3282501131e+00 1.0951618765e+01 1.2033988045e+02 4.7540741241e+01 0.0000000000e+00 3.9505391780e-05
7.8318094860e-01 6.3347181729e+00 1.0952948902e+01 1.2030749355e+02 4.7479418288e+01 0.0000000000e+00 3.9465054826e-05
7.8322041981e-01 6.3247641668e+00 1.0954279048e+01 1.2027521120e+02 4.7541381790e+01 0.0000000000e+00 3.9527165505e-05
7.8326000293e-01 6.3228370935e+00 1.0955611378e+01 1.2024291036e+02 4.7543099948e+01 0.0000000000e+00 3.9539212588e-05
7.8329949824e-01 6.3289619006e+00 1.0956942408e+01 1.2021061071e+02 4.7484331791e+01 0.0000000000e+00 3.9500948801e-05
7.8333900483e-01 6.3204652100e+00 1.0958276801e+01 1.2017841689e+02 4.7535431687e+01 0.0000000000e+00 3.9554050484e-05
7.8337860634e-01 6.3178620731e+00 1.0959615494e+01 1.2014624859e+02 4.7542288516e+01 0.0000000000e+00 3.9570347866e-05
7.8341814553e-01 6.3212714205e+00 1.0960956344e+01 1.2011413844e+02 4.7503947563e+01 0.0000000000e+00 3.9549005789e-05
7.8345770435e-01 6.3195078513e+00 1.0962301665e+01 1.2008214984e+02 4.7504549669e+01 0.0000000000e+00 3.9560042630e-05
7.8349726561e-01 6.3190045619e+00 1.0963652451e+01 1.2005027677e+02 4.7495723257e+01 0.0000000000e+00 3.9563193467e-05
7.8353683074e-01 6.3116697113e+00 1.0965010655e+01 1.2001855262e+02 4.7538352811e+01 0.0000000000e+00 3.9609170225e-05
7.8357648395e-01 6.3102892759e+00 1.0966373365e+01 1.1998685033e+02 4.7536192512e+01 0.0000000000e+00 3.9617835106e-05
7.8361606641e-01 6.3150603143e+00 1.0967735962e+01 1.1995507529e+02 4.7487699769e+01 0.0000000000e+00 3.9587903766e-05
7.8365565976e-01 6.3073756203e+00 1.0969096299e+01 1.1992320622e+02 4.7532925515e+01 0.0000000000e+00 3.9636136335e-05
7.8369533868e-01 6.3045838158e+00 1.0970456182e+01 1.1989114300e+02 4.7541259859e+01 0.0000000000e+00 3.9653688063e-05
7.8373496714e-01 6.3062035342e+00 1.0971812291e+01 1.1985887583e+02 4.7516257279e+01 0.0000000000e+00 3.9643503202e-05
7.8377462569e-01 6.3057475719e+00 1.0973164832e+01 1.1982641110e+02 4.7506822042e+01 0.0000000000e+00 3.9646369784e-05
7.8381425988e-01 6.3065948933e+00 1.0974514380e+01 1.1979371776e+02 4.7487479291e+01 0.0000000000e+00 3.9641043103e-05
7.8385390777e-01 6.2978010607e+00 1.0975861250e+01 1.1976087179e+02 4.7540748998e+01 0.0000000000e+00 3.9696395232e-05
7.8389365267e-01 6.2947902396e+00 1.0977207439e+01 1.1972784831e+02 4.7550372509e+01 0.0000000000e+00 3.9715382163e-05
7.8393333854e-01 6.2980669681e+00 1.0978549776e+01 1.1969467169e+02 4.7512463861e+01 0.0000000000e+00 3.9694719232e-05
7.8397304211e-01 6.2972638623e+00 1.0979888908e+01 1.1966139512e+02 4.7505312521e+01 0.0000000000e+00 3.9699781598e-05
7.8401273810e-01 6.2964593006e+00 1.0981226004e+01 1.1962803382e+02 4.7498136695e+01 0.0000000000e+00 3.9704854437e-05
7.8405245182e-01 6.2913647895e+00 1.0982561030e+01 1.1959466373e+02 4.7523338630e+01 0.0000000000e+00 3.9737005938e-05
7.8409221211e-01 6.2895327048e+00 1.0983895293e+01 1.1956125482e+02 4.7523902186e+01 0.0000000000e+00 3.9748580973e-05
7.8413194898e-01 6.2869471281e+00 1.0985228098e+01 1.1952785757e+02 4.7530166524e+01 0.0000000000e+00 3.9764928017e-05
7.8417174197e-01 6.2849367259e+00 1.0986561106e+01 1.1949448053e+02 4.7532093695e+01 0.0000000000e+00 3.9777647875e-05
7.8421150427e-01 6.2860729451e+00 1.0987893425e+01 1.1946111530e+02 4.7510232678e+01 0.0000000000e+00 3.9770457992e-05
7.8425128288e-01 6.2848708767e+00 1.0989226321e+01 1.1942780259e+02 4.7506068516e+01 0.0000000000e+00 3.9778064642e-05
7.8429106040e-01 6.2833391986e+00 1.0990560091e+01 1.1939453734e+02 4.7504413482e+01 0.0000000000e+00 3.9787761268e-05
7.8433085841e-01 6.2796030631e+00 1.0991896497e+01 1.1936135651e+02 4.7519467117e+01 0.0000000000e+00 3.9811433539e-05
7.8437068327e-01 6.2783014256e+00 1.0993235890e+01 1.1932826953e+02 4.7516143875e+01 0.0000000000e+00 3.9819687373e-05
7.8441049778e-01 6.2736326783e+00 1.0994580278e+01 1.1929533412e+02 4.7538380169e+01 0.0000000000e+00 3.9849320612e-05
7.8445038191e-01 6.2712442024e+00 1.0995930138e+01 1.1926251890e+02 4.7543404090e+01 0.0000000000e+00 3.9864497687e-05
7.8449022678e-01 6.2732909327e+00 1.0997280966e+01 1.1922974648e+02 4.7514832229e+01 0.0000000000e+00 3.9851491455e-05
7.8453008489e-01 6.2717537163e+00 1.0998630097e+01 1.1919693644e+02 4.7513399694e+01 0.0000000000e+00 3.9861259117e-05
7.8456994929e-01 6.2701577138e+00 1.0999977184e+01 1.1916402163e+02 4.7512370130e+01 0.0000000000e+00 3.9871405380e-05
7.8460982770e-01 6.2683915850e+00 1.1001321035e+01 1.1913098055e+02 4.7512579156e+01 0.0000000000e+00 3.9882639208e-05
7.8464971457e-01 6.2665150740e+00 1.1002661750e+01 1.1909780044e+02 4.7513569757e+01 0.0000000000e+00 3.9894582084e-05
7.8468961687e-01 6.2647623349e+00 1.1003999401e+01 1.1906448356e+02 4.7513567634e+01 0.0000000000e+00 3.9905743687e-05
7.8472952606e-01 6.2628591970e+00 1.1005334356e+01 1.1903103977e+02 4.7514655855e+01 0.0000000000e+00 3.9917870119e-05
7.8476945261e-01 6.2610983594e+00 1.1006667064e+01 1.1899748115e+02 4.7514618969e+01 0.0000000000e+00 3.9929096406e-05
7.8480938425e-01 6.2594775700e+00 1.1007998024e+01 1.1896382259e+02 4.7513479064e+01 0.0000000000e+00 3.9939435393e-05
7.8484933148e-01 6.2568423643e+00 1.1009327968e+01 1.1893009114e+02 4.7520012579e+01 0.0000000000e+00 3.9956256758e-05
7.8488929677e-01 6.2550199813e+00 1.1010657524e+01 1.1889630117e+02 4.7520352264e+01 0.0000000000e+00 3.9967897904e-05
7.8492926728e-01 6.2526366424e+00 1.1011986485e+01 1.1886248826e+02 4.7524946298e+01 0.0000000000e+00 3.9983132604e-05
7.8496926303e-01 6.2507993981e+00 1.1013315977e+01 1.1882864608e+02 4.7525379758e+01 0.0000000000e+00 3.9994884506e-05
7.8500925704e-01 6.2492224840e+00 1.1014645510e+01 1.1879480938e+02 4.7523835840e+01 0.0000000000e+00 4.0004976722e-05
7.8504927298e-01 6.2474194439e+00 1.1015975871e+01 1.1876098629e+02 4.7524016659e+01 0.0000000000e+00 4.0016522381e-05
7.8508929009e-01 6.2461063629e+00 1.1017307494e+01 1.1872719038e+02 4.7520480551e+01 0.0000000000e+00 4.0024934811e-05
7.8512932285e-01 6.2442918975e+00 1.1018641317e+01 1.1869344569e+02 4.7520778832e+01 0.0000000000e+00 4.0036565251e-05
7.8516936322e-01 6.2429870414e+00 1.1019978399e+01 1.1865977509e+02 4.7517227851e+01 0.0000000000e+00 4.0044933354e-05
7.8520941272e-01 6.2409742145e+00 1.1021320274e+01 1.1862621076e+02 4.7519107870e+01 0.0000000000e+00 4.0057848568e-05
7.8524947892e-01 6.2398868270e+00 1.1022665986e+01 1.1859271979e+02 4.7513970638e+01 0.0000000000e+00 4.0064829208e-05
7.8528954238e-01 6.2380592147e+00 1.1024012693e+01 1.1855923043e+02 4.7514469784e+01 0.0000000000e+00 4.0076567309e-05
7.8532963205e-01 6.2361235822e+00 1.1025358818e+01 1.1852565817e+02 4.7515759031e+01 0.0000000000e+00 4.0089006689e-05
7.8536972039e-01 6.2343670727e+00 1.1026702847e+01 1.1849195454e+02 4.7515631161e+01 0.0000000000e+00 4.0100301616e-05
7.8540983265e-01 6.2315600634e+00 1.1028044267e+01 1.1845810635e+02 4.7523455262e+01 0.0000000000e+00 4.0118364816e-05
7.8544995712e-01 6.2295884258e+00 1.1029383152e+01 1.1842409991e+02 4.7524849083e+01 0.0000000000e+00 4.0131062104e-05
7.8549009478e-01 6.2276991942e+00 1.1030719461e+01 1.1838993854e+02 4.7525552717e+01 0.0000000000e+00 4.0143236242e-05
7.8553024359e-01 6.2258258569e+00 1.1032053808e+01 1.1835562829e+02 4.7526075663e+01 0.0000000000e+00 4.0155315254e-05
7.8557040541e-01 6.2240710119e+00 1.1033386649e+01 1.1832118673e+02 4.7525641379e+01 0.0000000000e+00 4.0166636839e-05
7.8561057687e-01 6.2221055760e+00 1.1034718494e+01 1.1828663979e+02 4.7526773030e+01 0.0000000000e+00 4.0179324659e-05
7.8565076406e-01 6.2205594575e+00 1.1036049809e+01 1.1825200647e+02 4.7524666905e+01 0.0000000000e+00 4.0189311220e-05
7.8569095549e-01 6.2181583765e+00 1.1037380851e+01 1.1821731050e+02 4.7529068632e+01 0.0000000000e+00 4.0204829929e-05
7.8573117372e-01 6.2155098745e+00 1.1038712121e+01 1.1818257649e+02 4.7535350628e+01 0.0000000000e+00 4.0221961681e-05
7.8577139941e-01 6.2170350200e+00 1.1040042363e+01 1.1814781314e+02 4.7509710319e+01 0.0000000000e+00 4.0212094543e-05
7.8581159791e-01 6.2156802423e+00 1.1041371656e+01 1.1811308446e+02 4.7506097424e+01 0.0000000000e+00 4.0220859223e-05
7.8585184113e-01 6.2133871919e+00 1.1042701116e+01 1.1807838885e+02 4.7509669526e+01 0.0000000000e+00 4.0235702730e-05
7.8589206931e-01 6.2115506531e+00 1.1044030685e+01 1.1804374240e+02 4.7509772112e+01 0.0000000000e+00 4.0247599023e-05
7.8593233633e-01 6.2074041872e+00 1.1045361640e+01 1.1800917079e+02 4.7527584492e+01 0.0000000000e+00 4.0274483901e-05
7.8597261828e-01 6.2048971303e+00 1.1046694727e+01 1.1797467483e+02 4.7532889082e+01 0.0000000000e+00 4.0290756599e-05
7.8601291784e-01 6.2028338404e+00 1.1048029886e+01 1.1794026421e+02 4.7534831354e+01 0.0000000000e+00 4.0304158782e-05
7.8605322660e-01 6.2028556084e+00 1.1049364398e+01 1.1790586596e+02 4.7520800660e+01 0.0000000000e+00 4.0304017340e-05
7.8609352588e-01 6.2009706138e+00 1.1050697138e+01 1.1787144792e+02 4.7521370145e+01 0.0000000000e+00 4.0316269109e-05
7.8613385914e-01 6.2008441624e+00 1.1052027978e+01 1.1783696477e+02 4.7508436629e+01 0.0000000000e+00 4.0317091263e-05
7.8617416006e-01 6.1995799097e+00 1.1053356040e+01 1.1780240872e+02 4.7504189978e+01 0.0000000000e+00 4.0325312947e-05
7.8621450976e-01 6.1947359595e+00 1.1054682220e+01 1.1776778911e+02 4.7527364314e+01 0.0000000000e+00 4.0356845172e-05
7.8625487375e-01 6.1915331417e+00 1.1056007368e+01 1.1773309127e+02 4.7537939545e+01 0.0000000000e+00 4.0377721362e-05
7.8629526520e-01 6.1883842539e+00 1.1057331329e+01 1.1769834224e+02 4.7548090669e+01 0.0000000000e+00 4.0398267099e-05
7.8633567029e-01 6.1928589450e+00 1.1058654486e+01 1.1766350991e+02 4.7499672993e+01 0.0000000000e+00 4.0369077064e-05
7.8637600336e-01 6.1928289105e+00 1.1059975583e+01 1.1762864139e+02 4.7485827192e+01 0.0000000000e+00 4.0369272850e-05
7.8641640883e-01 6.1855566921e+00 1.1061297534e+01 1.1759374696e+02 4.7527552012e+01 0.0000000000e+00 4.0416734086e-05
7.8645683683e-01 6.1819329799e+00 1.1062621043e+01 1.1755878597e+02 4.7541273235e+01 0.0000000000e+00 4.0440425480e-05
7.8649728968e-01 6.1788192628e+00 1.1063945271e+01 1.1752384849e+02 4.7551094916e+01 0.0000000000e+00 4.0460804786e-05
7.8653775844e-01 6.1832148543e+00 1.1065269181e+01 1.1748889963e+02 4.7503160733e+01 0.0000000000e+00 4.0432041566e-05
7.8657815377e-01 6.1833931481e+00 1.1066592180e+01 1.1745400225e+02 4.7487681696e+01 0.0000000000e+00 4.0430875737e-05
7.8661862019e-01 6.1761226337e+00 1.1067916650e+01 1.1741916383e+02 4.7529482005e+01 0.0000000000e+00 4.0478470851e-05
7.8665911071e-01 6.1724084052e+00 1.1069241946e+01 1.1738434558e+02 4.7543980353e+01 0.0000000000e+00 4.0502828651e-05
7.8669962585e-01 6.1693949098e+00 1.1070567151e+01 1.1734955610e+02 4.7553106025e+01 0.0000000000e+00 4.0522612615e-05
7.8674015593e-01 6.1739839622e+00 1.1071890842e+01 1.1731472196e+02 4.7503655128e+01 0.0000000000e+00 4.0492492616e-05
7.8678061083e-01 6.1739287582e+00 1.1073211243e+01 1.1727985617e+02 4.7489961725e+01 0.0000000000e+00 4.0492854678e-05
7.8682114164e-01 6.1661342964e+00 1.1074530525e+01 1.1724497043e+02 4.7535848553e+01 0.0000000000e+00 4.0544040721e-05
7.8686169891e-01 6.1643168137e+00 1.1075849478e+01 1.1721002044e+02 4.7535689674e+01 0.0000000000e+00 4.0555994696e-05
7.8690225363e-01 6.1623801528e+00 1.1077166662e+01 1.1717503408e+02 4.7536435265e+01 0.0000000000e+00 4.0568740292e-05
7.8694283639e-01 6.1637999624e+00 1.1078483180e+01 1.1713998392e+02 4.7511269280e+01 0.0000000000e+00 4.0559395426e-05
7.8698337242e-01 6.1621390793e+00 1.1079798361e+01 1.1710489621e+02 4.7509839805e+01 0.0000000000e+00 4.0570327411e-05
7.8702397705e-01 6.1547663625e+00 1.1081114317e+01 1.1706979488e+02 4.7552493462e+01 0.0000000000e+00 4.0618926094e-05
7.8706461027e-01 6.1586053712e+00 1.1082431413e+01 1.1703461171e+02 4.7508569171e+01 0.0000000000e+00 4.0593606008e-05
7.8710516426e-01 6.1587353879e+00 1.1083747279e+01 1.1699944546e+02 4.7493291274e+01 0.0000000000e+00 4.0592749039e-05
7.8714579577e-01 6.1506966358e+00 1.1085065357e+01 1.1696425738e+02 4.7541060918e+01 0.0000000000e+00 4.0645802387e-05
7.8718645586e-01 6.1496161409e+00 1.1086386423e+01 1.1692898489e+02 4.7535074632e+01 0.0000000000e+00 4.0652943903e-05
7.8722710166e-01 6.1480086436e+00 1.1087707056e+01 1.1689370764e+02 4.7533158466e+01 0.0000000000e+00 4.0663573279e-05
7.8726778301e-01 6.1482059006e+00 1.1089029136e+01 1.1685833297e+02 4.7517249284e+01 0.0000000000e+00 4.0662268643e-05
7.8730842620e-01 6.1460581214e+00 1.1090350706e+01 1.1682288164e+02 4.7519434138e+01 0.0000000000e+00 4.0676478332e-05
7.8734913597e-01 6.1393280121e+00 1.1091672674e+01 1.1678736001e+02 4.7557061531e+01 0.0000000000e+00 4.0721069066e-05
7.8738986834e-01 6.1436933588e+00 1.1092994224e+01 1.1675171321e+02 4.7508764837e+01 0.0000000000e+00 4.0692135072e-05
7.8743052024e-01 6.1433358613e+00 1.1094312685e+01 1.1671598332e+02 4.7496989403e+01 0.0000000000e+00 4.0694503059e-05
7.8747125734e-01 6.1339616180e+00 1.1095630847e+01 1.1668021777e+02 4.7554999946e+01 0.0000000000e+00 4.0756694542e-05
7.8751203363e-01 6.1374608958e+00 1.1096948403e+01 1.1664435910e+02 4.7513279953e+01 0.0000000000e+00 4.0733457084e-05
7.8755272426e-01 6.1376817026e+00 1.1098262218e+01 1.1660845531e+02 4.7496946306e+01 0.0000000000e+00 4.0731991673e-05
7.8759349761e-01 6.1289593886e+00 1.1099575390e+01 1.1657255695e+02 4.7549897772e+01 0.0000000000e+00 4.0789958645e-05
7.8763430417e-01 6.1299779196e+00 1.1100888841e+01 1.1653659005e+02 4.7527328636e+01 0.0000000000e+00 4.0783181160e-05
7.8767506397e-01 6.1290961902e+00 1.1102200213e+01 1.1650060201e+02 4.7519486723e+01 0.0000000000e+00 4.0789048213e-05
7.8771588227e-01 6.1253265853e+00 1.1103512065e+01 1.1646459917e+02 4.7534036574e+01 0.0000000000e+00 4.0814150318e-05
7.8775669227e-01 6.1244704439e+00 1.1104824203e+01 1.1642857621e+02 4.7525976846e+01 0.0000000000e+00 4.0819855739e-05
7.8779752198e-01 6.1204896822e+00 1.1106137516e+01 1.1639257257e+02 4.7542181515e+01 0.0000000000e+00 4.0846404941e-05
7.8783838508e-01 6.1216493077e+00 1.1107452075e+01 1.1635654308e+02 4.7518461625e+01 0.0000000000e+00 4.0838667397e-05
7.8787919932e-01 6.1197552741e+00 1.1108766924e+01 1.1632053164e+02 4.7518457205e+01 0.0000000000e+00 4.0851306760e-05
7.8792008770e-01 6.1125962831e+00 1.1110083908e+01 1.1628450194e+02 4.7559374348e+01 0.0000000000e+00 4.0899151264e-05
7.8796099762e-01 6.1167820299e+00 1.1111402723e+01 1.1624839367e+02 4.7512071339e+01 0.0000000000e+00 4.0871163755e-05
7.8800183002e-01 6.1158313389e+00 1.1112720073e+01 1.1621227742e+02 4.7504693549e+01 0.0000000000e+00 4.0877517077e-05
7.8804275265e-01 6.1068549714e+00 1.1114039908e+01 1.1617611053e+02 4.7559714075e+01 0.0000000000e+00 4.0937602280e-05
7.8808370523e-01 6.1107907760e+00 1.1115360889e+01 1.1613984971e+02 4.7514247322e+01 0.0000000000e+00 4.0911235413e-05
7.8812457512e-01 6.1101548977e+00 1.1116679662e+01 1.1610355149e+02 4.7504340493e+01 0.0000000000e+00 4.0915493009e-05
7.8816553621e-01 6.1010256832e+00 1.1117999382e+01 1.1606722306e+02 4.7560536986e+01 0.0000000000e+00 4.0976716536e-05
7.8820652856e-01 6.1048785939e+00 1.1119318215e+01 1.1603084292e+02 4.7515622602e+01 0.0000000000e+00 4.0950855313e-05
7.8824743793e-01 6.1043875234e+00 1.1120633056e+01 1.1599443622e+02 4.7504534966e+01 0.0000000000e+00 4.0954149625e-05
7.8828843686e-01 6.0952362517e+00 1.1121947858e+01 1.1595807157e+02 4.7560942177e+01 0.0000000000e+00 4.1015637405e-05
7.8832946920e-01 6.0990483949e+00 1.1123261709e+01 1.1592166458e+02 4.7516291508e+01 0.0000000000e+00 4.0990001032e-05
7.8837041686e-01 6.0985181652e+00 1.1124571543e+01 1.1588522683e+02 4.7505485631e+01 0.0000000000e+00 4.0993564868e-05
7.8841145633e-01 6.0893052715e+00 1.1125881392e+01 1.1584885467e+02 4.7562426874e+01 0.0000000000e+00 4.1055586615e-05
7.8845252803e-01 6.0931218093e+00 1.1127189936e+01 1.1581247112e+02 4.7517707155e+01 0.0000000000e+00 4.1029870701e-05
7.8849351607e-01 6.0926542866e+00 1.1128494648e+01 1.1577606548e+02 4.7506415116e+01 0.0000000000e+00 4.1033019147e-05
7.8853459407e-01 6.0834551341e+00 1.1129799852e+01 1.1573972937e+02 4.7563320029e+01 0.0000000000e+00 4.1095067604e-05
7.8857570621e-01 6.0872114214e+00 1.1131104451e+01 1.1570336159e+02 4.7519033585e+01 0.0000000000e+00 4.1069708721e-05
7.8861673349e-01 6.0866777741e+00 1.1132405883e+01 1.1566696636e+02 4.7508251075e+01 0.0000000000e+00 4.1073309493e-05
7.8865785283e-01 6.0776005477e+00 1.1133707491e+01 1.1563060358e+02 4.7564249521e+01 0.0000000000e+00 4.1134654711e-05
7.8869900280e-01 6.0814130565e+00 1.1135009000e+01 1.1559417472e+02 4.7519455448e+01 0.0000000000e+00 4.1108866916e-05
7.8874007056e-01 6.0807884070e+00 1.1136307607e+01 1.1555771542e+02 4.7509347343e+01 0.0000000000e+00 4.1113089828e-05
7.8878122898e-01 6.0717469722e+00 1.1137606276e+01 1.1552124571e+02 4.7565077334e+01 0.0000000000e+00 4.1174311306e-05
7.8882241918e-01 6.0756332629e+00 1.1138905552e+01 1.1548466909e+02 4.7519601698e+01 0.0000000000e+00 4.1147974076e-05
7.8886352492e-01 6.0748990142e+00 1.1140202207e+01 1.1544804332e+02 4.7510272619e+01 0.0000000000e+00 4.1152947467e-05
7.8890472508e-01 6.0658417070e+00 1.1141500301e+01 1.1541135996e+02 4.7566094508e+01 0.0000000000e+00 4.1214395640e-05
7.8894595372e-01 6.0696535244e+00 1.1142800316e+01 1.1537453826e+02 4.7521056100e+01 0.0000000000e+00 4.1188512490e-05
7.8898710210e-01 6.0692029694e+00 1.1144098566e+01 1.1533766764e+02 4.7509396300e+01 0.0000000000e+00 4.1191570171e-05
7.8902833686e-01 6.0600246810e+00 1.1145400235e+01 1.1530068765e+02 4.7566096557e+01 0.0000000000e+00 4.1253957395e-05
7.8906961002e-01 6.0630208681e+00 1.1146704701e+01 1.1526356866e+02 4.7527285148e+01 0.0000000000e+00 4.1233570763e-05
7.8911080400e-01 6.0644782210e+00 1.1148008719e+01 1.1522639605e+02 4.7500539970e+01 0.0000000000e+00 4.1223661936e-05
7.8915205734e-01 6.0560667371e+00 1.1149316636e+01 1.1518910628e+02 4.7551121577e+01 0.0000000000e+00 4.1280918929e-05
7.8919336583e-01 6.0552971902e+00 1.1150627854e+01 1.1515170046e+02 4.7541721257e+01 0.0000000000e+00 4.1286165179e-05
7.8923462967e-01 6.0585018843e+00 1.1151940125e+01 1.1511421797e+02 4.7501106780e+01 0.0000000000e+00 4.1264326524e-05
7.8927589449e-01 6.0524617774e+00 1.1153254985e+01 1.1507665326e+02 4.7532994629e+01 0.0000000000e+00 4.1305506618e-05
7.8931724068e-01 6.0471691492e+00 1.1154573632e+01 1.1503898804e+02 4.7559025225e+01 0.0000000000e+00 4.1341658193e-05
7.8935857780e-01 6.0521430871e+00 1.1155892705e+01 1.1500124886e+02 4.7504349782e+01 0.0000000000e+00 4.1307681660e-05
7.8939985605e-01 6.0495568502e+00 1.1157208303e+01 1.1496351697e+02 4.7509065463e+01 0.0000000000e+00 4.1325341044e-05
7.8944122849e-01 6.0396869461e+00 1.1158523288e+01 1.1492585762e+02 4.7571115294e+01 0.0000000000e+00 4.1392873874e-05
7.8948264180e-01 6.0433656451e+00 1.1159834881e+01 1.1488819124e+02 4.7526576244e+01 0.0000000000e+00 4.1367677331e-05
7.8952396384e-01 6.0430161690e+00 1.1161141067e+01 1.1485048574e+02 4.7513725979e+01 0.0000000000e+00 4.1370069682e-05
7.8956538193e-01 6.0337779181e+00 1.1162445945e+01 1.1481286115e+02 4.7570884572e+01 0.0000000000e+00 4.1433410940e-05
7.8960683066e-01 6.0373415913e+00 1.1163748661e+01 1.1477521523e+02 4.7527216035e+01 0.0000000000e+00 4.1408953961e-05
7.8964819984e-01 6.0369828211e+00 1.1165046845e+01 1.1473753330e+02 4.7514435894e+01 0.0000000000e+00 4.1411414842e-05
7.8968965349e-01 6.0276622511e+00 1.1166344128e+01 1.1469990604e+02 4.7572301358e+01 0.0000000000e+00 4.1475449284e-05
7.8973115074e-01 6.0306016198e+00 1.1167640562e+01 1.1466223549e+02 4.7533497783e+01 0.0000000000e+00 4.1455233783e-05
7.8977256396e-01 6.0328571518e+00 1.1168933531e+01 1.1462451411e+02 4.7500094577e+01 0.0000000000e+00 4.1439734724e-05
7.8981403021e-01 6.0244208474e+00 1.1170225815e+01 1.1458682403e+02 4.7550970844e+01 0.0000000000e+00 4.1497764902e-05
7.8985555949e-01 6.0218832787e+00 1.1171519468e+01 1.1454908438e+02 4.7555340697e+01 0.0000000000e+00 4.1515251696e-05
7.8989706071e-01 6.0274131513e+00 1.1172811980e+01 1.1451129321e+02 4.7496036164e+01 0.0000000000e+00 4.1477163374e-05
7.8993851382e-01 6.0233091818e+00 1.1174102987e+01 1.1447347935e+02 4.7512702691e+01 0.0000000000e+00 4.1505423755e-05
7.8998007156e-01 6.0134301884e+00 1.1175396572e+01 1.1443559677e+02 4.7575008434e+01 0.0000000000e+00 4.1573609765e-05
7.9002166104e-01 6.0170641463e+00 1.1176691582e+01 1.1439761097e+02 4.7530493355e+01 0.0000000000e+00 4.1548501714e-05
7.9006316856e-01 6.0169000227e+00 1.1177985261e+01 1.1435957592e+02 4.7515986426e+01 0.0000000000e+00 4.1549635037e-05
7.9010476031e-01 6.0073180215e+00 1.1179281671e+01 1.1432147539e+02 4.7575921144e+01 0.0000000000e+00 4.1615908981e-05
7.9014640038e-01 6.0102267781e+00 1.1180577926e+01 1.1428333194e+02 4.7537029865e+01 0.0000000000e+00 4.1595768218e-05
7.9018795184e-01 6.0124110446e+00 1.1181868686e+01 1.1424521203e+02 4.7503909489e+01 0.0000000000e+00 4.1580656769e-05
7.9022956170e-01 6.0036717583e+00 1.1183157476e+01 1.1420716002e+02 4.7557213578e+01 0.0000000000e+00 4.1641183939e-05
7.9027123421e-01 6.0016329929e+00 1.1184444708e+01 1.1416915669e+02 4.7557538435e+01 0.0000000000e+00 4.1655329523e-05
7.9031287236e-01 6.0073994562e+00 1.1185728051e+01 1.1413116084e+02 4.7496076162e+01 0.0000000000e+00 4.1615344846e-05
7.9035446490e-01 6.0028957274e+00 1.1187007460e+01 1.1409317017e+02 4.7515888727e+01 0.0000000000e+00 4.1646567149e-05
7.9039616549e-01 5.9929335759e+00 1.1188287635e+01 1.1405522823e+02 4.7579047384e+01 0.0000000000e+00 4.1715796919e-05
7.9043789649e-01 5.9967009346e+00 1.1189567265e+01 1.1401727410e+02 4.7533333469e+01 0.0000000000e+00 4.1689589447e-05
7.9047954467e-01 5.9965719916e+00 1.1190844625e+01 1.1397929718e+02 4.7518522806e+01 0.0000000000e+00 4.1690485890e-05
7.9052127747e-01 5.9867975403e+00 1.1192122630e+01 1.1394134827e+02 4.7580257852e+01 0.0000000000e+00 4.1758552602e-05
7.9056306177e-01 5.9887441530e+00 1.1193402895e+01 1.1390330152e+02 4.7548909510e+01 0.0000000000e+00 4.1744979183e-05
7.9060476742e-01 5.9946798811e+00 1.1194682153e+01 1.1386518948e+02 4.7485934086e+01 0.0000000000e+00 4.1703644724e-05
7.9064646906e-01 5.9880217773e+00 1.1195961854e+01 1.1382702683e+02 4.7522800962e+01 0.0000000000e+00 4.1750015163e-05
7.9068826745e-01 5.9788697528e+00 1.1197247183e+01 1.1378867990e+02 4.7579511096e+01 0.0000000000e+00 4.1813923088e-05
7.9073009691e-01 5.9827802720e+00 1.1198536011e+01 1.1375014446e+02 4.7532309099e+01 0.0000000000e+00 4.1786592292e-05
7.9077184064e-01 5.9821451985e+00 1.1199826776e+01 1.1371146289e+02 4.7521189773e+01 0.0000000000e+00 4.1791028419e-05
7.9081367897e-01 5.9723421015e+00 1.1201125012e+01 1.1367251486e+02 4.7582888308e+01 0.0000000000e+00 4.1859624876e-05
7.9085555989e-01 5.9739248981e+00 1.1202431094e+01 1.1363323444e+02 4.7553842898e+01 0.0000000000e+00 4.1848534132e-05
7.9089737603e-01 5.9804693962e+00 1.1203742248e+01 1.1359364685e+02 4.7485255471e+01 0.0000000000e+00 4.1802738788e-05
7.9093916537e-01 5.9742617017e+00 1.1205064004e+01 1.1355369138e+02 4.7517876286e+01 0.0000000000e+00 4.1846174889e-05
7.9098106838e-01 5.9637494965e+00 1.1206384745e+01 1.1351374286e+02 4.7584888888e+01 0.0000000000e+00 4.1919936467e-05
7.9102300524e-01 5.9668959382e+00 1.1207690380e+01 1.1347415668e+02 4.7543210847e+01 0.0000000000e+00 4.1897831400e-05
7.9106486405e-01 5.9686937581e+00 1.1208971686e+01 1.1343505243e+02 4.7512511541e+01 0.0000000000e+00 4.1885211427e-05
7.9110677566e-01 5.9598432618e+00 1.1210232854e+01 1.1339671509e+02 4.7566987129e+01 0.0000000000e+00 4.1947411872e-05
7.9114875887e-01 5.9582626071e+00 1.1211466975e+01 1.1335902009e+02 4.7563789801e+01 0.0000000000e+00 4.1958540012e-05
7.9119069274e-01 5.9639590890e+00 1.1212677882e+01 1.1332216216e+02 4.7502908920e+01 0.0000000000e+00 4.1918463268e-05
7.9123259580e-01 5.9597555727e+00 1.1213857997e+01 1.1328584482e+02 4.7521179115e+01 0.0000000000e+00 4.1948029068e-05
7.9127458880e-01 5.9494318216e+00 1.1215024985e+01 1.1325037724e+02 4.7588736471e+01 0.0000000000e+00 4.2020819382e-05
7.9131663744e-01 5.9514079514e+00 1.1216169368e+01 1.1321521338e+02 4.7558163676e+01 0.0000000000e+00 4.2006866618e-05
7.9135860253e-01 5.9577322231e+00 1.1217306538e+01 1.1318060175e+02 4.7493155747e+01 0.0000000000e+00 4.1962275349e-05
7.9140056199e-01 5.9515800231e+00 1.1218430298e+01 1.1314606871e+02 4.7527744008e+01 0.0000000000e+00 4.2005652118e-05
7.9144261384e-01 5.9418566043e+00 1.1219554769e+01 1.1311174913e+02 4.7591079971e+01 0.0000000000e+00 4.2074391331e-05
7.9148471077e-01 5.9448772123e+00 1.1220677722e+01 1.1307737218e+02 4.7552442273e+01 0.0000000000e+00 4.2053013220e-05
7.9152671986e-01 5.9479810697e+00 1.1221799750e+01 1.1304284009e+02 4.7513113593e+01 0.0000000000e+00 4.2031068537e-05
7.9156877291e-01 5.9402100241e+00 1.1222924557e+01 1.1300810561e+02 4.7560652382e+01 0.0000000000e+00 4.2086054026e-05
7.9161089197e-01 5.9358465481e+00 1.1224060915e+01 1.1297291528e+02 4.7580793392e+01 0.0000000000e+00 4.2116991734e-05
7.9165300689e-01 5.9405416625e+00 1.1225213212e+01 1.1293708376e+02 4.7528108620e+01 0.0000000000e+00 4.2083704518e-05
7.9169505938e-01 5.9388784345e+00 1.1226390640e+01 1.1290033338e+02 4.7525948974e+01 0.0000000000e+00 4.2095490379e-05
7.9173719787e-01 5.9294933505e+00 1.1227609206e+01 1.1286222662e+02 4.7585105484e+01 0.0000000000e+00 4.2162118282e-05
7.9177938362e-01 5.9288870202e+00 1.1228880098e+01 1.1282240187e+02 4.7573179202e+01 0.0000000000e+00 4.2166430082e-05
7.9182153073e-01 5.9345151022e+00 1.1230215401e+01 1.1278043838e+02 4.7510384774e+01 0.0000000000e+00 4.2126440946e-05
7.9186363650e-01 5.9294608950e+00 1.1231629780e+01 1.1273593121e+02 4.7532116836e+01 0.0000000000e+00 4.2162349061e-05
7.9190585543e-01 5.9189621999e+00 1.1233138486e+01 1.1268849234e+02 4.7596389594e+01 0.0000000000e+00 4.2237134071e-05
7.9194811077e-01 5.9200524877e+00 1.1234751840e+01 1.1263778928e+02 4.7566212255e+01 0.0000000000e+00 4.2229355318e-05
7.9199031414e-01 5.9256571900e+00 1.1236469638e+01 1.1258380206e+02 4.7498445508e+01 0.0000000000e+00 4.2189413255e-05
7.9203248959e-01 5.9190568764e+00 1.1238295388e+01 1.1252651746e+02 4.7527215827e+01 0.0000000000e+00 4.2236458480e-05
7.9207478706e-01 5.9079188962e+00 1.1240229814e+01 1.1246600963e+02 4.7591212578e+01 0.0000000000e+00 4.2316085307e-05
7.9211712177e-01 5.9086092217e+00 1.1242257820e+01 1.1240268060e+02 4.7558857077e+01 0.0000000000e+00 4.2311141356e-05
7.9215940934e-01 5.9137335877e+00 1.1244360109e+01 1.1233728070e+02 4.7489998929e+01 0.0000000000e+00 4.2274477924e-05
7.9220167072e-01 5.9069993760e+00 1.1246462449e+01 1.1227178540e+02 4.7516420037e+01 0.0000000000e+00 4.2322672492e-05
7.9224405468e-01 5.8959380082e+00 1.1248519680e+01 1.1220769892e+02 4.7578391581e+01 0.0000000000e+00 4.2402074047e-05
7.9228647487e-01 5.8962204935e+00 1.1250538038e+01 1.1214497761e+02 4.7549518262e+01 0.0000000000e+00 4.2400042582e-05
7.9232885477e-01 5.9008006071e+00 1.1252518608e+01 1.1208304405e+02 4.7486371558e+01 0.0000000000e+00 4.2367132301e-05
7.9237120913e-01 5.8959170405e+00 1.1254481542e+01 1.1202194439e+02 4.7499796732e+01 0.0000000000e+00 4.2402224842e-05
7.9241365922e-01 5.8857896933e+00 1.1256423068e+01 1.1196107692e+02 4.7555673391e+01 0.0000000000e+00 4.2475183965e-05
7.9245615950e-01 5.8835651534e+00 1.1258361633e+01 1.1190070467e+02 4.7548000979e+01 0.0000000000e+00 4.2491243571e-05
7.9249864171e-01 5.8869957804e+00 1.1260285061e+01 1.1184026376e+02 4.7494625415e+01 0.0000000000e+00 4.2466481942e-05
7.9254109247e-01 5.8857352903e+00 1.1262202243e+01 1.1177997336e+02 4.7479188176e+01 0.0000000000e+00 4.2475576571e-05
7.9258359286e-01 5.8771147786e+00 1.1264115458e+01 1.1171971337e+02 4.7523197001e+01 0.0000000000e+00 4.2537879456e-05
7.9262616822e-01 5.8704807843e+00 1.1266026572e+01 1.1165945854e+02 4.7551240965e+01 0.0000000000e+00 4.2585949803e-05
7.9266876476e-01 5.8722808179e+00 1.1267934970e+01 1.1159921302e+02 4.7511016793e+01 0.0000000000e+00 4.2572895908e-05
7.9271131402e-01 5.8759623302e+00 1.1269837800e+01 1.1153894383e+02 4.7455607084e+01 0.0000000000e+00 4.2546222380e-05
7.9275385720e-01 5.8689798095e+00 1.1271735898e+01 1.1147871946e+02 4.7486412921e+01 0.0000000000e+00 4.2596841038e-05
7.9279650770e-01 5.8571295623e+00 1.1273634459e+01 1.1141859142e+02 4.7556823797e+01 0.0000000000e+00 4.2683023713e-05
7.9283922325e-01 5.8579704007e+00 1.1275530964e+01 1.1135852077e+02 4.7524361321e+01 0.0000000000e+00 4.2676897099e-05
7.9288186149e-01 5.8633239041e+00 1.1277422237e+01 1.1129851599e+02 4.7455384442e+01 0.0000000000e+00 4.2637930991e-05
7.9292449911e-01 5.8576206437e+00 1.1279309406e+01 1.1123859513e+02 4.7476015390e+01 0.0000000000e+00 4.2679445325e-05
7.9296722038e-01 5.8470744833e+00 1.1281197537e+01 1.1117878353e+02 4.7536072889e+01 0.0000000000e+00 4.2756424724e-05
7.9301001196e-01 5.8457430695e+00 1.1283085157e+01 1.1111902087e+02 4.7521341405e+01 0.0000000000e+00 4.2766162835e-05
7.9305275271e-01 5.8486986659e+00 1.1284968973e+01 1.1105926762e+02 4.7471785590e+01 0.0000000000e+00 4.2744551272e-05
7.9309550107e-01 5.8495763592e+00 1.1286848968e+01 1.1099948715e+02 4.7439113679e+01 0.0000000000e+00 4.2738137713e-05
7.9313822898e-01 5.8419308895e+00 1.1288726573e+01 1.1093969217e+02 4.7475609635e+01 0.0000000000e+00 4.2794070100e-05
7.9318108921e-01 5.8311445677e+00 1.1290605652e+01 1.1087986806e+02 4.7537780436e+01 0.0000000000e+00 4.2873229620e-05
7.9322397544e-01 5.8318831830e+00 1.1292485279e+01 1.1081996958e+02 4.7506082557e+01 0.0000000000e+00 4.2867799672e-05
7.9326682480e-01 5.8360504703e+00 1.1294361238e+01 1.1075998528e+02 4.7446464797e+01 0.0000000000e+00 4.2837189512e-05
7.9330964982e-01 5.8329301957e+00 1.1296234480e+01 1.1069992630e+02 4.7446104525e+01 0.0000000000e+00 4.2860104890e-05
7.9335254501e-01 5.8237168310e+00 1.1298107492e+01 1.1063982880e+02 4.7495367654e+01 0.0000000000e+00 4.2927911376e-05
7.9339550565e-01 5.8181742556e+00 1.1299979673e+01 1.1057971043e+02 4.7514781086e+01 0.0000000000e+00 4.2968805852e-05
7.9343848263e-01 5.8201232810e+00 1.1301848301e+01 1.1051959751e+02 4.7473048324e+01 0.0000000000e+00 4.2954416587e-05
7.9348141448e-01 5.8223590364e+00 1.1303712164e+01 1.1045948812e+02 4.7429009201e+01 0.0000000000e+00 4.2937922316e-05
7.9352435847e-01 5.8174727904e+00 1.1305572514e+01 1.1039941296e+02 4.7443029360e+01 0.0000000000e+00 4.2973986988e-05
7.9356736245e-01 5.8071816994e+00 1.1307432939e+01 1.1033941823e+02 4.7501276840e+01 0.0000000000e+00 4.3050142555e-05
7.9361045876e-01 5.8042722555e+00 1.1309293540e+01 1.1027949391e+02 4.7499276849e+01 0.0000000000e+00 4.3071721828e-05
7.9365350590e-01 5.8067436709e+00 1.1311150337e+01 1.1021959172e+02 4.7453270698e+01 0.0000000000e+00 4.3053390018e-05
7.9369656554e-01 5.8076980620e+00 1.1313004051e+01 1.1015975287e+02 4.7419714186e+01 0.0000000000e+00 4.3046314965e-05
7.9373959853e-01 5.8027788760e+00 1.1314854214e+01 1.1009992533e+02 4.7434137886e+01 0.0000000000e+00 4.3082806590e-05
7.9378273115e-01 5.7929440928e+00 1.1316704376e+01 1.1004015891e+02 4.7488874893e+01 0.0000000000e+00 4.3155949029e-05
7.9382591042e-01 5.7894839006e+00 1.1318553348e+01 1.0998039556e+02 4.7491450642e+01 0.0000000000e+00 4.3181741981e-05
7.9386909463e-01 5.7914997866e+00 1.1320398987e+01 1.0992061458e+02 4.7449114489e+01 0.0000000000e+00 4.3166711424e-05
7.9391224385e-01 5.7921892446e+00 1.1322240449e+01 1.0986082691e+02 4.7417661214e+01 0.0000000000e+00 4.3161573188e-05
7.9395541778e-01 5.7895596775e+00 1.1324079088e+01 1.0980100968e+02 4.7413368114e+01 0.0000000000e+00 4.3181176795e-05
7.9399860620e-01 5.7804027868e+00 1.1325916472e+01 1.0974120637e+02 4.7462612217e+01 0.0000000000e+00 4.3249581253e-05
7.9404191694e-01 5.7740138552e+00 1.1327754074e+01 1.0968138044e+02 4.7489226383e+01 0.0000000000e+00 4.3297436804e-05
7.9408520107e-01 5.7749722733e+00 1.1329589710e+01 1.0962150418e+02 4.7455424456e+01 0.0000000000e+00 4.3290251134e-05
7.9412849744e-01 5.7761789718e+00 1.1331421800e+01 1.0956160002e+02 4.7419583324e+01 0.0000000000e+00 4.3281207390e-05
7.9417176349e-01 5.7765698745e+00 1.1333251468e+01 1.0950163366e+02 4.7390422013e+01 0.0000000000e+00 4.3278278534e-05
7.9421505400e-01 5.7690043698e+00 1.1335079426e+01 1.0944168008e+02 4.7426589176e+01 0.0000000000e+00 4.3335033911e-05
7.9425843356e-01 5.7575562310e+00 1.1336910134e+01 1.0938170487e+02 4.7494848718e+01 0.0000000000e+00 4.3421199893e-05
7.9430189640e-01 5.7585306273e+00 1.1338741994e+01 1.0932167952e+02 4.7460752837e+01 0.0000000000e+00 4.3413852627e-05
7.9434526126e-01 5.7609557092e+00 1.1340571229e+01 1.0926166184e+02 4.7414729150e+01 0.0000000000e+00 4.3395577508e-05
7.9438868756e-01 5.7593654310e+00 1.1342399748e+01 1.0920164961e+02 4.7401771478e+01 0.0000000000e+00 4.3407559912e-05
7.9443207638e-01 5.7581504330e+00 1.1344227852e+01 1.0914160681e+02 4.7385704870e+01 0.0000000000e+00 4.3416719120e-05
7.9447552099e-01 5.7498773533e+00 1.1346055155e+01 1.0908156979e+02 4.7427781101e+01 0.0000000000e+00 4.3479188274e-05
7.9451903476e-01 5.7401824994e+00 1.1347884651e+01 1.0902149400e+02 4.7481719446e+01 0.0000000000e+00 4.3552622243e-05
7.9456262624e-01 5.7416361247e+00 1.1349712988e+01 1.0896137164e+02 4.7443520137e+01 0.0000000000e+00 4.3541595910e-05
7.9460611795e-01 5.7431633727e+00 1.1351537028e+01 1.0890121839e+02 4.7404719023e+01 0.0000000000e+00 4.3530017131e-05
7.9464968627e-01 5.7413215549e+00 1.1353357694e+01 1.0884105022e+02 4.7393726856e+01 0.0000000000e+00 4.3543981575e-05
7.9469320591e-01 5.7408370885e+00 1.1355175118e+01 1.0878083957e+02 4.7371506060e+01 0.0000000000e+00 4.3547656230e-05
7.9473678159e-01 5.7330646429e+00 1.1356988818e+01 1.0872062002e+02 4.7409468926e+01 0.0000000000e+00 4.3606694773e-05
7.9478041930e-01 5.7218096218e+00 1.1358803117e+01 1.0866042827e+02 4.7476425928e+01 0.0000000000e+00 4.3692470831e-05
7.9482416653e-01 5.7230098980e+00 1.1360615739e+01 1.0860021512e+02 4.7440165690e+01 0.0000000000e+00 4.3683307290e-05
7.9486778592e-01 5.7255123881e+00 1.1362423266e+01 1.0853998163e+02 4.7393130200e+01 0.0000000000e+00 4.3664214319e-05
7.9491149496e-01 5.7231627374e+00 1.1364227713e+01 1.0847977231e+02 4.7386286781e+01 0.0000000000e+00 4.3682140710e-05
7.9495515020e-01 5.7215641911e+00 1.1366030164e+01 1.0841956545e+02 4.7373219031e+01 0.0000000000e+00 4.3694345052e-05
7.9499888365e-01 5.7180522328e+00 1.1367830190e+01 1.0835932423e+02 4.7375976914e+01 0.0000000000e+00 4.3721181588e-05
7.9504259256e-01 5.7080207686e+00 1.1369630071e+01 1.0829912463e+02 4.7432870786e+01 0.0000000000e+00 4.3798018636e-05
7.9508647968e-01 5.7029262466e+00 1.1371430838e+01 1.0823889504e+02 4.7448840454e+01 0.0000000000e+00 4.3837144159e-05
7.9513026685e-01 5.7046555749e+00 1.1373229689e+01 1.0817862729e+02 4.7408045004e+01 0.0000000000e+00 4.3823855221e-05
7.9517412739e-01 5.7051559836e+00 1.1375024979e+01 1.0811832812e+02 4.7377463661e+01 0.0000000000e+00 4.3820011358e-05
7.9521790687e-01 5.7019843068e+00 1.1376817720e+01 1.0805800609e+02 4.7377369122e+01 0.0000000000e+00 4.3844385840e-05
7.9526181617e-01 5.7007763945e+00 1.1378608162e+01 1.0799762684e+02 4.7360929181e+01 0.0000000000e+00 4.3853675833e-05
7.9530561422e-01 5.6971168230e+00 1.1380395138e+01 1.0793720165e+02 4.7364836022e+01 0.0000000000e+00 4.3881845461e-05
7.9534957986e-01 5.6881934119e+00 1.1382180138e+01 1.0787675611e+02 4.7412573860e+01 0.0000000000e+00 4.3950685551e-05
7.9539351560e-01 5.6812434987e+00 1.1383964141e+01 1.0781629472e+02 4.7443968362e+01 0.0000000000e+00 4.4004450796e-05
7.9543758876e-01 5.6832383309e+00 1.1385745188e+01 1.0775578084e+02 4.7400695943e+01 0.0000000000e+00 4.3989005113e-05
7.9548149361e-01 5.6837374164e+00 1.1387520821e+01 1.0769525854e+02 4.7369912898e+01 0.0000000000e+00 4.3985142466e-05
7.9552555904e-01 5.6813804715e+00 1.1389293006e+01 1.0763471582e+02 4.7362923659e+01 0.0000000000e+00 4.4003389890e-05
7.9556950039e-01 5.6778427547e+00 1.1391062953e+01 1.0757419625e+02 4.7365787014e+01 0.0000000000e+00 4.4030807262e-05
7.9561362066e-01 5.6766338714e+00 1.1392831536e+01 1.0751371226e+02 4.7349236667e+01 0.0000000000e+00 4.4040183965e-05
7.9565758075e-01 5.6727559416e+00 1.1394599339e+01 1.0745329522e+02 4.7354978925e+01 0.0000000000e+00 4.4070290098e-05
7.9570176124e-01 5.6638850008e+00 1.1396368167e+01 1.0739295161e+02 4.7402512407e+01 0.0000000000e+00 4.4139314263e-05
7.9574585938e-01 5.6567869727e+00 1.1398139535e+01 1.0733266101e+02 4.7435346925e+01 0.0000000000e+00 4.4194699430e-05
7.9579015064e-01 5.6589672484e+00 1.1399910236e+01 1.0727239721e+02 4.7390447983e+01 0.0000000000e+00 4.4177672184e-05
7.9583421473e-01 5.6594173435e+00 1.1401678081e+01 1.0721215772e+02 4.7360068720e+01 0.0000000000e+00 4.4174158721e-05
7.9587849895e-01 5.6573043225e+00 1.1403443534e+01 1.0715191486e+02 4.7351136140e+01 0.0000000000e+00 4.4190657908e-05
7.9592259604e-01 5.6536044203e+00 1.1405206484e+01 1.0709166070e+02 4.7355480123e+01 0.0000000000e+00 4.4219577709e-05
7.9596693811e-01 5.6511999990e+00 1.1406966638e+01 1.0703136460e+02 4.7348954477e+01 0.0000000000e+00 4.4238391854e-05
7.9601107283e-01 5.6487144541e+00 1.1408722897e+01 1.0697101924e+02 4.7343081384e+01 0.0000000000e+00 4.4257857612e-05
7.9605545382e-01 5.6464948739e+00 1.1410475366e+01 1.0691058525e+02 4.7334934164e+01 0.0000000000e+00 4.4275254929e-05
7.9609962334e-01 5.6367140081e+00 1.1412224526e+01 1.0685010486e+02 4.7390245764e+01 0.0000000000e+00 4.4352081663e-05
7.9614415799e-01 5.6296239609e+00 1.1413973093e+01 1.0678954097e+02 4.7423034695e+01 0.0000000000e+00 4.4407939454e-05
7.9618843922e-01 5.6302656505e+00 1.1415718662e+01 1.0672887013e+02 4.7390690225e+01 0.0000000000e+00 4.4402878215e-05
7.9623296374e-01 5.6321874937e+00 1.1417460227e+01 1.0666808843e+02 4.7347539720e+01 0.0000000000e+00 4.4387726844e-05
7.9627721467e-01 5.6289315967e+00 1.1419199506e+01 1.0660722032e+02 4.7347892976e+01 0.0000000000e+00 4.4413401674e-05
7.9632179055e-01 5.6262618912e+00 1.1420938815e+01 1.0654624568e+02 4.7343266162e+01 0.0000000000e+00 4.4434476182e-05
7.9636608362e-01 5.6223319282e+00 1.1422677665e+01 1.0648520420e+02 4.7349216287e+01 0.0000000000e+00 4.4465535509e-05
7.9641072162e-01 5.6200602942e+00 1.1424418738e+01 1.0642403985e+02 4.7341146837e+01 0.0000000000e+00 4.4483508524e-05
7.9645505064e-01 5.6161885220e+00 1.1426159907e+01 1.0636284274e+02 4.7346542200e+01 0.0000000000e+00 4.4514175231e-05
7.9649974997e-01 5.6136031611e+00 1.1427904256e+01 1.0630152662e+02 4.7341040847e+01 0.0000000000e+00 4.4534676361e-05
7.9654411999e-01 5.6106237773e+00 1.1429648517e+01 1.0624019296e+02 4.7338850893e+01 0.0000000000e+00 4.4558325406e-05
7.9658886662e-01 5.6077850924e+00 1.1431394917e+01 1.0617875746e+02 4.7335425533e+01 0.0000000000e+00 4.4580881021e-05
7.9663328175e-01 5.5982622170e+00 1.1433141485e+01 1.0611734072e+02 4.7388518350e+01 0.0000000000e+00 4.4656714943e-05
7.9667818005e-01 5.5926867683e+00 1.1434891805e+01 1.0605580557e+02 4.7408253834e+01 0.0000000000e+00 4.4701234015e-05
7.9672268422e-01 5.5921098246e+00 1.1436639790e+01 1.0599426488e+02 4.7385632707e+01 0.0000000000e+00 4.4705845886e-05
7.9676759174e-01 5.5936443828e+00 1.1438385139e+01 1.0593267873e+02 4.7345107895e+01 0.0000000000e+00 4.4693581303e-05
7.9681207138e-01 5.5902426356e+00 1.1440126605e+01 1.0587114882e+02 4.7346401452e+01 0.0000000000e+00 4.4720778023e-05
7.9685703330e-01 5.5879859249e+00 1.1441861839e+01 1.0580959200e+02 4.7337982513e+01 0.0000000000e+00 4.4738838530e-05
7.9690154906e-01 5.5832961709e+00 1.1443593849e+01 1.0574824725e+02 4.7350276618e+01 0.0000000000e+00 4.4776417433e-05
7.9694658613e-01 5.5812470758e+00 1.1445313874e+01 1.0568686291e+02 4.7340164964e+01 0.0000000000e+00 4.4792856615e-05
7.9699113477e-01 5.5767165484e+00 1.1447030796e+01 1.0562579455e+02 4.7351247655e+01 0.0000000000e+00 4.4829246355e-05
7.9703624463e-01 5.5750989862e+00 1.1448736039e+01 1.0556467539e+02 4.7337578963e+01 0.0000000000e+00 4.4842253136e-05
7.9708081928e-01 5.5705997997e+00 1.1450438774e+01 1.0550377223e+02 4.7348479528e+01 0.0000000000e+00 4.4878470719e-05
7.9712600157e-01 5.5692443758e+00 1.1452136481e+01 1.0544280846e+02 4.7332636774e+01 0.0000000000e+00 4.4889393090e-05
7.9717059807e-01 5.5637414543e+00 1.1453831462e+01 1.0538186995e+02 4.7352070013e+01 0.0000000000e+00 4.4933791776e-05
7.9721586915e-01 5.5611350355e+00 1.1455527269e+01 1.0532084286e+02 4.7346828562e+01 0.0000000000e+00 4.4954851555e-05
7.9726050777e-01 5.5532819982e+00 1.1457223209e+01 1.0525972784e+02 4.7386269902e+01 0.0000000000e+00 4.5018423354e-05
7.9730590600e-01 5.5489225371e+00 1.1458924194e+01 1.0519835388e+02 4.7395847201e+01 0.0000000000e+00 4.5053791674e-05
7.9735061535e-01 5.5396065094e+00 1.1460627349e+01 1.0513686398e+02 4.7447803288e+01 0.0000000000e+00 4.5129559216e-05
7.9739616512e-01 5.5368696349e+00 1.1462336753e+01 1.0507508194e+02 4.7443360990e+01 0.0000000000e+00 4.5151866756e-05
7.9744091909e-01 5.5305321943e+00 1.1464043506e+01 1.0501331724e+02 4.7469806497e+01 0.0000000000e+00 4.5203606311e-05
7.9748657233e-01 5.5333402775e+00 1.1465754006e+01 1.0495127073e+02 4.7417683290e+01 0.0000000000e+00 4.5180666191e-05
7.9753128042e-01 5.5318163810e+00 1.1467462328e+01 1.0488930772e+02 4.7402742832e+01 0.0000000000e+00 4.5193112493e-05
7.9757695855e-01 5.5341016239e+00 1.1469171526e+01 1.0482711252e+02 4.7355072080e+01 0.0000000000e+00 4.5174450523e-05
7.9762162932e-01 5.5239290859e+00 1.1470885976e+01 1.0476516478e+02 4.7414242268e+01 0.0000000000e+00 4.5257641094e-05
7.9766747384e-01 5.5132294787e+00 1.1472594255e+01 1.0470293015e+02 4.7478039213e+01 0.0000000000e+00 4.5345473278e-05
7.9771232027e-01 5.4830980851e+00 1.1474329809e+01 1.0464152573e+02 4.7710949225e+01 0.0000000000e+00 4.5594661288e-05
7.9775866316e-01 5.5455331683e+00 1.1476032417e+01 1.0457838350e+02 4.7145324140e+01 0.0000000000e+00 4.5081328055e-05
7.9780248292e-01 5.3367503960e+00 1.1477772175e+01 1.0451782923e+02 4.8961362944e+01 0.0000000000e+00 4.6844986453e-05
7.9785235313e-01 5.5298397236e+00 1.1479546124e+01 1.0445743677e+02 4.7224441390e+01 0.0000000000e+00 4.5209266904e-05
7.9789290146e-01 4.8832792092e+00 1.1481131610e+01 1.0439747535e+02 5.3446398862e+01 0.0000000000e+00 5.1195106667e-05
7.9795474334e-01 4.7317901468e+00 1.1483384947e+01 1.0435048772e+02 5.5132668866e+01 0.0000000000e+00 5.2834126672e-05
7.9799856971e-01 1.2450808858e+01 1.1484537288e+01 1.0425432425e+02 2.0933243263e+01 0.0000000000e+00 2.0079016782e-05
7.9799673554e-01 2.8893188894e+00 1.1485069261e+01 1.0422237973e+02 9.0179021183e+01 0.0000000000e+00 8.6525582522e-05
7.9816978671e-01 8.4859274419e-01 1.1492343560e+01 1.0417268857e+02 3.0689835991e+02 0.0000000000e+00 2.9460539430e-04
7.9858594633e-01 8.1330213370e-01 1.1505278993e+01 1.0409333505e+02 3.1997129582e+02 0.0000000000e+00 3.0738884068e-04
7.9878456439e-01 9.5900233807e-01 1.1514487286e+01 1.0401696808e+02 2.7115931827e+02 0.0000000000e+00 2.6068758133e-04
7.9910732150e-01 8.5798683879e-01 1.1524485581e+01 1.0396053196e+02 3.0291994951e+02 0.0000000000e+00 2.9137976097e-04
7.9936732391e-01 8.8358187833e-01 1.1535036848e+01 1.0388774059e+02 2.9393920117e+02 0.0000000000e+00 2.8293925683e-04
7.9967320001e-01 8.6519929641e-01 1.1545281736e+01 1.0382893068e+02 3.0001449121e+02 0.0000000000e+00 2.8895076665e-04
7.9994522544e-01 8.6978315231e-01 1.1555939607e+01 1.0376327396e+02 2.9824466501e+02 0.0000000000e+00 2.8742796332e-04
8.0024805594e-01 8.6334392185e-01 1.1566516854e+01 1.0370253154e+02 3.0029322301e+02 0.0000000000e+00 2.8957173807e-04
8.0052436892e-01 8.6534574022e-01 1.1577224758e+01 1.0363920812e+02 2.9941560725e+02 0.0000000000e+00 2.8890186706e-04
8.0082585967e-01 8.6207967376e-01 1.1587748028e+01 1.0357628471e+02 3.0036749462e+02 0.0000000000e+00 2.8999639779e-04
8.0110436172e-01 8.6376031136e-01 1.1598287596e+01 1.0351106452e+02 2.9959429475e+02 0.0000000000e+00 2.8943214537e-04
8.0140472396e-01 8.6172259540e-01 1.1608653344e+01 1.0344601017e+02 3.0011401210e+02 0.0000000000e+00 2.9011656574e-04
8.0168459485e-01 8.6326144205e-01 1.1619020333e+01 1.0337956681e+02 2.9938661040e+02 0.0000000000e+00 2.8959940503e-04
8.0198392277e-01 8.6155030769e-01 1.1629322298e+01 1.0331372159e+02 2.9979015928e+02 0.0000000000e+00 2.9017458153e-04
8.0226494401e-01 8.6269612046e-01 1.1639631656e+01 1.0324729914e+02 2.9919949995e+02 0.0000000000e+00 2.8978917845e-04
8.0256350113e-01 8.6125006922e-01 1.1649914183e+01 1.0318118011e+02 2.9950993271e+02 0.0000000000e+00 2.9027573864e-04
8.0284549549e-01 8.6218582390e-01 1.1660203616e+01 1.0311459381e+02 2.9899179199e+02 0.0000000000e+00 2.8996069417e-04
8.0314342252e-01 8.6082557293e-01 1.1670453657e+01 1.0304799361e+02 2.9927083037e+02 0.0000000000e+00 2.9041888143e-04
8.0342633325e-01 8.6146571075e-01 1.1680717822e+01 1.0298074437e+02 2.9885328890e+02 0.0000000000e+00 2.9020307701e-04
8.0372382867e-01 8.6024656005e-01 1.1690944735e+01 1.0291341880e+02 2.9908116922e+02 0.0000000000e+00 2.9061435594e-04
8.0400756196e-01 8.6092162702e-01 1.1701183484e+01 1.0284546033e+02 2.9864931111e+02 0.0000000000e+00 2.9038647904e-04
8.0430460163e-01 8.5989810060e-01 1.1711381562e+01 1.0277744242e+02 2.9880703990e+02 0.0000000000e+00 2.9073212259e-04
8.0458902621e-01 8.6028588292e-01 1.1721587145e+01 1.0270892838e+02 2.9847324714e+02 0.0000000000e+00 2.9060107223e-04
8.0488580377e-01 8.5931709867e-01 1.1731753385e+01 1.0264038550e+02 2.9861033156e+02 0.0000000000e+00 2.9092869255e-04
8.0517088359e-01 8.5971126352e-01 1.1741908652e+01 1.0257143775e+02 2.9827292634e+02 0.0000000000e+00 2.9079530606e-04
8.0546739438e-01 8.5875626349e-01 1.1752017931e+01 1.0250231552e+02 2.9840340001e+02 0.0000000000e+00 2.9111869180e-04
8.0575312098e-01 8.5897283637e-01 1.1762109091e+01 1.0243265415e+02 2.9812541741e+02 0.0000000000e+00 2.9104529202e-04
8.0604948497e-01 8.5825726853e-01 1.1772155406e+01 1.0236266128e+02 2.9817009721e+02 0.0000000000e+00 2.9128794962e-04
8.0633569688e-01 8.5847037021e-01 1.1782184185e+01 1.0229212459e+02 2.9789066733e+02 0.0000000000e+00 2.9121564200e-04
8.0663191625e-01 8.5766545714e-01 1.1792181898e+01 1.0222134217e+02 2.9796391272e+02 0.0000000000e+00 2.9148894586e-04
8.0691867477e-01 8.5773307774e-01 1.1802173001e+01 1.0215022309e+02 2.9773313442e+02 0.0000000000e+00 2.9146596591e-04
8.0721484818e-01 8.5712173036e-01 1.1812134841e+01 1.0207903013e+02 2.9773784315e+02 0.0000000000e+00 2.9167385582e-04
8.0750202248e-01 8.5722722805e-01 1.1822076010e+01 1.0200758474e+02 2.9749283912e+02 0.0000000000e+00 2.9163795995e-04
8.0779812410e-01 8.5649603775e-01 1.1831971528e+01 1.0193597526e+02 2.9753778992e+02 0.0000000000e+00 2.9188693115e-04
8.0808579634e-01 8.5648118038e-01 1.1841829680e+01 1.0186394007e+02 2.9733268636e+02 0.0000000000e+00 2.9189199451e-04
8.0838190809e-01 8.5587131064e-01 1.1851632530e+01 1.0179158370e+02 2.9733320427e+02 0.0000000000e+00 2.9209998850e-04
8.0866999632e-01 8.5581874580e-01 1.1861401463e+01 1.0171879744e+02 2.9713884494e+02 0.0000000000e+00 2.9211792944e-04
8.0896614395e-01 8.5517332046e-01 1.1871138953e+01 1.0164577795e+02 2.9714964067e+02 0.0000000000e+00 2.9233839973e-04
8.0925467312e-01 8.5518298108e-01 1.1880868566e+01 1.0157243169e+02 2.9693186704e+02 0.0000000000e+00 2.9233509732e-04
8.0955081415e-01 8.5463540597e-01 1.1890577392e+01 1.0149882227e+02 2.9690679078e+02 0.0000000000e+00 2.9252239991e-04
8.0983971792e-01 8.5446886393e-01 1.1900265549e+01 1.0142462332e+02 2.9674756916e+02 0.0000000000e+00 2.9257941460e-04
8.1013597298e-01 8.5389632065e-01 1.1909903402e+01 1.0134958636e+02 2.9672685053e+02 0.0000000000e+00 2.9277559108e-04
8.1042526910e-01 8.5377212958e-01 1.1919475554e+01 1.0127329042e+02 2.9654660451e+02 0.0000000000e+00 2.9281817869e-04
8.1072160933e-01 8.5316270821e-01 1.1928952179e+01 1.0119566821e+02 2.9653097597e+02 0.0000000000e+00 2.9302734120e-04
8.1101132378e-01 8.5308236123e-01 1.1938336459e+01 1.0111665175e+02 2.9632734288e+02 0.0000000000e+00 2.9305493978e-04
8.1130771921e-01 8.5255650833e-01 1.1947634341e+01 1.0103661512e+02 2.9627542026e+02 0.0000000000e+00 2.9323569471e-04
8.1159779517e-01 8.5231712662e-01 1.1956879399e+01 1.0095587128e+02 2.9612179590e+02 0.0000000000e+00 2.9331805286e-04
8.1189435532e-01 8.5168729444e-01 1.1966077093e+01 1.0087490439e+02 2.9610311510e+02 0.0000000000e+00 2.9353496481e-04
8.1218486510e-01 8.5143826312e-01 1.1975267148e+01 1.0079407763e+02 2.9595239607e+02 0.0000000000e+00 2.9362081883e-04
8.1248159696e-01 8.5093361818e-01 1.1984527502e+01 1.0071433633e+02 2.9589363429e+02 0.0000000000e+00 2.9379495023e-04
8.1277245500e-01 8.5081531895e-01 1.1993973015e+01 1.0063700994e+02 2.9570756338e+02 0.0000000000e+00 2.9383580012e-04
8.1306926856e-01 8.5038301329e-01 1.2003809589e+01 1.0056449685e+02 2.9564471325e+02 0.0000000000e+00 2.9398517620e-04
8.1336042535e-01 8.5016515760e-01 1.2014383797e+01 1.0050056918e+02 2.9553248649e+02 0.0000000000e+00 2.9406051020e-04
8.1365738958e-01 8.4983185057e-01 1.2026261866e+01 1.0045088499e+02 2.9550223649e+02 0.0000000000e+00 2.9417584176e-04
8.1394877704e-01 8.4992671578e-01 1.2040071663e+01 1.0042111270e+02 2.9538168066e+02 0.0000000000e+00 2.9414300711e-04
8.1424567559e-01 8.4976542510e-01 1.2056005526e+01 1.0041166851e+02 2.9540996123e+02 0.0000000000e+00 2.9419883725e-04
8.1453717471e-01 8.4997432118e-01 1.2072836814e+01 1.0041418078e+02 2.9534474829e+02 0.0000000000e+00 2.9412653273e-04
8.1483392866e-01 8.5001652792e-01 1.2089764118e+01 1.0041800216e+02 2.9534132238e+02 0.0000000000e+00 2.9411192817e-04
8.1512539857e-01 8.5032854473e-01 1.2106294624e+01 1.0041865227e+02 2.9523486213e+02 0.0000000000e+00 2.9400400769e-04
8.1542193667e-01 8.5034204829e-01 1.2122591410e+01 1.0041605535e+02 2.9522253885e+02 0.0000000000e+00 2.9399933886e-04
8.1571339725e-01 8.5041386723e-01 1.2138580082e+01 1.0041003209e+02 2.9517989993e+02 0.0000000000e+00 2.9397451010e-04
8.1600988569e-01 8.5030218504e-01 1.2154312757e+01 1.0040109644e+02 2.9519239809e+02 0.0000000000e+00 2.9401312192e-04
8.1630142349e-01 8.5053351237e-01 1.2169876144e+01 1.0038996277e+02 2.9507938638e+02 0.0000000000e+00 2.9393315650e-04
8.1659775201e-01 8.5051176561e-01 1.2185336197e+01 1.0037749717e+02 2.9505028981e+02 0.0000000000e+00 2.9394067208e-04
8.1688930483e-01 8.5056819798e-01 1.2200744386e+01 1.0036432216e+02 2.9499199006e+02 0.0000000000e+00 2.9392117010e-04
8.1718559435e-01 8.5050061004e-01 1.2216113634e+01 1.0035102545e+02 2.9497634766e+02 0.0000000000e+00 2.9394452755e-04
8.1747719389e-01 8.5060560280e-01 1.2231460149e+01 1.0033764813e+02 2.9490062081e+02 0.0000000000e+00 2.9390824511e-04
8.1777341084e-01 8.5053766272e-01 1.2246803326e+01 1.0032456081e+02 2.9488570937e+02 0.0000000000e+00 2.9393172220e-04
8.1806505733e-01 8.5070140827e-01 1.2262140005e+01 1.0031163391e+02 2.9479095996e+02 0.0000000000e+00 2.9387514534e-04
8.1836116113e-01 8.5050299300e-01 1.2277491814e+01 1.0029896994e+02 2.9482250728e+02 0.0000000000e+00 2.9394370397e-04
8.1865294474e-01 8.5065594493e-01 1.2292860140e+01 1.0028646548e+02 2.9473274735e+02 0.0000000000e+00 2.9389085151e-04
8.1894894283e-01 8.5072800614e-01 1.2308248722e+01 1.0027418287e+02 2.9467168749e+02 0.0000000000e+00 2.9386595739e-04
8.1924067666e-01 8.5071962257e-01 1.2323665514e+01 1.0026209052e+02 2.9463905576e+02 0.0000000000e+00 2.9386885334e-04
8.1953668054e-01 8.5068049299e-01 1.2339119104e+01 1.0025015151e+02 2.9461752190e+02 0.0000000000e+00 2.9388237071e-04
8.1982844140e-01 8.5089681700e-01 1.2354595643e+01 1.0023820902e+02 2.9450753317e+02 0.0000000000e+00 2.9380765682e-04
8.2012429585e-01 8.5072192621e-01 1.2370081452e+01 1.0022636755e+02 2.9453327950e+02 0.0000000000e+00 2.9386805758e-04
8.2041617751e-01 8.5086581943e-01 1.2385553903e+01 1.0021450823e+02 2.9444862498e+02 0.0000000000e+00 2.9381836042e-04
8.2071193257e-01 8.5091185230e-01 1.2401002516e+01 1.0020280120e+02 2.9439830029e+02 0.0000000000e+00 2.9380246535e-04
8.2100378244e-01 8.5093095433e-01 1.2416426159e+01 1.0019098518e+02 2.9435697653e+02 0.0000000000e+00 2.9379586996e-04
8.2129952431e-01 8.5088241511e-01 1.2431838896e+01 1.0017926683e+02 2.9433933834e+02 0.0000000000e+00 2.9381262976e-04
8.2159140770e-01 8.5098346179e-01 1.2447244498e+01 1.0016745084e+02 2.9426967543e+02 0.0000000000e+00 2.9377774214e-04
8.2188707980e-01 8.5099959080e-01 1.2462638440e+01 1.0015560915e+02 2.9422931054e+02 0.0000000000e+00 2.9377217416e-04
8.2217895205e-01 8.5105958744e-01 1.2478036018e+01 1.0014367823e+02 2.9417352118e+02 0.0000000000e+00 2.9375146428e-04
8.2247458272e-01 8.5090681312e-01 1.2493437489e+01 1.0013171609e+02 2.9419119269e+02 0.0000000000e+00 2.9380420528e-04
8.2276656046e-01 8.5104601567e-01 1.2508857061e+01 1.0011955777e+02 2.9410735707e+02 0.0000000000e+00 2.9375614878e-04
8.2306209502e-01 8.5114875804e-01 1.2524291144e+01 1.0010727196e+02 2.9403576936e+02 0.0000000000e+00 2.9372068941e-04
8.2335400184e-01 8.5119839703e-01 1.2539758206e+01 1.0009469223e+02 2.9398167508e+02 0.0000000000e+00 2.9370356062e-04
8.2364950214e-01 8.5109563601e-01 1.2555254342e+01 1.0008196854e+02 2.9397979587e+02 0.0000000000e+00 2.9373902229e-04
8.2394147989e-01 8.5117593892e-01 1.2570729482e+01 1.0006930691e+02 2.9391487216e+02 0.0000000000e+00 2.9371130993e-04
8.2423692476e-01 8.5119099281e-01 1.2586184679e+01 1.0005720885e+02 2.9387414133e+02 0.0000000000e+00 2.9370611544e-04
8.2452889212e-01 8.5124011425e-01 1.2601574215e+01 1.0004505805e+02 2.9382149752e+02 0.0000000000e+00 2.9368916692e-04
8.2482430310e-01 8.5110453080e-01 1.2616963357e+01 1.0003348970e+02 2.9383432375e+02 0.0000000000e+00 2.9373595246e-04
8.2511636402e-01 8.5122360098e-01 1.2632310494e+01 1.0002182556e+02 2.9375896488e+02 0.0000000000e+00 2.9369486432e-04
8.2541169282e-01 8.5133787527e-01 1.2647642439e+01 1.0001054610e+02 2.9368641115e+02 0.0000000000e+00 2.9365544194e-04
8.2570367491e-01 8.5139188273e-01 1.2662935025e+01 9.9999356194e+01 2.9363492365e+02 0.0000000000e+00 2.9363681410e-04
8.2599896645e-01 8.5131146323e-01 1.2678218430e+01 9.9988683343e+01 2.9363131962e+02 0.0000000000e+00 2.9366455263e-04
8.2629100401e-01 8.5139634840e-01 1.2693447101e+01 9.9978066229e+01 2.9357086866e+02 0.0000000000e+00 2.9363527395e-04
8.2658623700e-01 8.5139618707e-01 1.2708674544e+01 9.9968115958e+01 2.9354170677e+02 0.0000000000e+00 2.9363532959e-04
8.2687827467e-01 8.5148982344e-01 1.2723850101e+01 9.9958206888e+01 2.9348033334e+02 0.0000000000e+00 2.9360303919e-04
8.2717344308e-01 8.5149491808e-01 1.2739033177e+01 9.9948840494e+01 2.9345107754e+02 0.0000000000e+00 2.9360128251e-04
8.2746547723e-01 8.5163373516e-01 1.2754181806e+01 9.9939459679e+01 2.9337570705e+02 0.0000000000e+00 2.9355342523e-04
8.2776054993e-01 8.5159896522e-01 1.2769325114e+01 9.9930502001e+01 2.9336138864e+02 0.0000000000e+00 2.9356541073e-04
8.2805260806e-01 8.5157050086e-01 1.2784424774e+01 9.9921689721e+01 2.9334532379e+02 0.0000000000e+00 2.9357522336e-04
8.2834770038e-01 8.5163511586e-01 1.2799497832e+01 9.9913562123e+01 2.9329920838e+02 0.0000000000e+00 2.9355294931e-04
8.2863971395e-01 8.5185635055e-01 1.2814479558e+01 9.9905840371e+01 2.9320037441e+02 0.0000000000e+00 2.9347671100e-04
8.2893465380e-01 8.5184441991e-01 1.2829400819e+01 9.9899298668e+01 2.9318528223e+02 0.0000000000e+00 2.9348082133e-04
8.2922667560e-01 8.5187514791e-01 1.2844202325e+01 9.9893602360e+01 2.9315798977e+02 0.0000000000e+00 2.9347023518e-04
8.2952159427e-01 8.5191770787e-01 1.2858922096e+01 9.9889391639e+01 2.9313098764e+02 0.0000000000e+00 2.9345557404e-04
8.2981358675e-01 8.5203032155e-01 1.2873510417e+01 9.9886173001e+01 2.9308280021e+02 0.0000000000e+00 2.9341678773e-04
8.3010842784e-01 8.5213180168e-01 1.2888007280e+01 9.9884290028e+01 2.9304237276e+02 0.0000000000e+00 2.9338184481e-04
8.3040035043e-01 8.5222788249e-01 1.2902392969e+01 9.9883300535e+01 2.9300643228e+02 0.0000000000e+00 2.9334876872e-04
8.3069512538e-01 8.5216625070e-01 1.2916707241e+01 9.9883523290e+01 2.9302827707e+02 0.0000000000e+00 2.9336998478e-04
8.3098709040e-01 8.5240174813e-01 1.2930849502e+01 9.9885340317e+01 2.9295264978e+02 0.0000000000e+00 2.9328893394e-04
8.3128170325e-01 8.5254195646e-01 1.2944806244e+01 9.9888886789e+01 2.9291487073e+02 0.0000000000e+00 2.9324069989e-04
8.3157357180e-01 8.5258404359e-01 1.2958623251e+01 9.9893908771e+01 2.9291513700e+02 0.0000000000e+00 2.9322622430e-04
8.3186815570e-01 8.5278969113e-01 1.2972300952e+01 9.9900463836e+01 2.9286371797e+02 0.0000000000e+00 2.9315551372e-04
8.3215988283e-01 8.5301971566e-01 1.2985800761e+01 9.9908913523e+01 2.9280950865e+02 0.0000000000e+00 2.9307646167e-04
8.3245430862e-01 8.5307198247e-01 1.2999101567e+01 9.9919582060e+01 2.9282283358e+02 0.0000000000e+00 2.9305850519e-04
8.3274599984e-01 8.5333979773e-01 1.3012189281e+01 9.9932651591e+01 2.9276922235e+02 0.0000000000e+00 2.9296653064e-04
8.3304024168e-01 8.5341551629e-01 1.3025038501e+01 9.9948404990e+01 2.9278939474e+02 0.0000000000e+00 2.9294053744e-04
8.3333188092e-01 8.5362104090e-01 1.3037631940e+01 9.9967017391e+01 2.9277341057e+02 0.0000000000e+00 2.9287000674e-04
8.3362598170e-01 8.5395871155e-01 1.3049953055e+01 9.9988569458e+01 2.9272073727e+02 0.0000000000e+00 2.9275420066e-04
8.3391738932e-01 8.5418549532e-01 1.3062008649e+01 1.0001297493e+02 2.9271444985e+02 0.0000000000e+00 2.9267647527e-04
8.3421133465e-01 8.5435958424e-01 1.3073817989e+01 1.0004003402e+02 2.9273398423e+02 0.0000000000e+00 2.9261683794e-04
8.3450262299e-01 8.5463999712e-01 1.3085395904e+01 1.0006956147e+02 2.9272431025e+02 0.0000000000e+00 2.9252082847e-04
8.3479637630e-01 8.5494510828e-01 1.3096744447e+01 1.0010152059e+02 2.9271329709e+02 0.0000000000e+00 2.9241643420e-04
8.3508745586e-01 8.5541727878e-01 1.3107854097e+01 1.0013597804e+02 2.9265242977e+02 0.0000000000e+00 2.9225502711e-04
8.3538088636e-01 8.5567390675e-01 1.3118706979e+01 1.0017314025e+02 2.9267323528e+02 0.0000000000e+00 2.9216737595e-04
8.3567179061e-01 8.5601403964e-01 1.3129293625e+01 1.0021313726e+02 2.9267375482e+02 0.0000000000e+00 2.9205128470e-04
8.3596498893e-01 8.5631398173e-01 1.3139606163e+01 1.0025607000e+02 2.9269658134e+02 0.0000000000e+00 2.9194898756e-04
8.3625568859e-01 8.5659239022e-01 1.3149650632e+01 1.0030194406e+02 2.9273533481e+02 0.0000000000e+00 2.9185409870e-04
8.3654869712e-01 8.5700687093e-01 1.3159435263e+01 1.0035070865e+02 2.9273600963e+02 0.0000000000e+00 2.9171294709e-04
8.3683911448e-01 8.5755296809e-01 1.3168969900e+01 1.0040227008e+02 2.9269990839e+02 0.0000000000e+00 2.9152718176e-04
8.3713175149e-01 8.5796528129e-01 1.3178267943e+01 1.0045651187e+02 2.9271729888e+02 0.0000000000e+00 2.9138708226e-04
8.3742188865e-01 8.5835346333e-01 1.3187348839e+01 1.0051324108e+02 2.9275014717e+02 0.0000000000e+00 2.9125530528e-04
8.3771426210e-01 8.5881458783e-01 1.3196231344e+01 1.0057223105e+02 2.9276467959e+02 0.0000000000e+00 2.9109892117e-04
8.3800408649e-01 8.5934037843e-01 1.3204932090e+01 1.0063327063e+02 2.9276312727e+02 0.0000000000e+00 2.9092081121e-04
8.3829610372e-01 8.5974900210e-01 1.3213459719e+01 1.0069626125e+02 2.9280714780e+02 0.0000000000e+00 2.9078254164e-04
8.3858565157e-01 8.6028494784e-01 1.3221812477e+01 1.0076119554e+02 2.9281343291e+02 0.0000000000e+00 2.9060138810e-04
8.3887730650e-01 8.6076475384e-01 1.3229977033e+01 1.0082818860e+02 2.9284478758e+02 0.0000000000e+00 2.9043940157e-04
8.3916653038e-01 8.6136701619e-01 1.3237943805e+01 1.0089731137e+02 2.9284065177e+02 0.0000000000e+00 2.9023632819e-04
8.3945777915e-01 8.6179293156e-01 1.3245710989e+01 1.0096856966e+02 2.9290263927e+02 0.0000000000e+00 2.9009288757e-04
8.3974671615e-01 8.6232534344e-01 1.3253296733e+01 1.0104177028e+02 2.9293401572e+02 0.0000000000e+00 2.8991378011e-04
8.4003760671e-01 8.6299658616e-01 1.3260727640e+01 1.0111659959e+02 2.9292294204e+02 0.0000000000e+00 2.8968828383e-04
8.4032609272e-01 8.6353845735e-01 1.3268037977e+01 1.0119271230e+02 2.9295948385e+02 0.0000000000e+00 2.8950650417e-04
8.4061661972e-01 8.6401000270e-01 1.3275258979e+01 1.0126981310e+02 2.9302268719e+02 0.0000000000e+00 2.8934850201e-04
8.4090478972e-01 8.6461185368e-01 1.3282410842e+01 1.0134769962e+02 2.9304392250e+02 0.0000000000e+00 2.8914708830e-04
8.4119491390e-01 8.6517235562e-01 1.3289505706e+01 1.0142627031e+02 2.9308111167e+02 0.0000000000e+00 2.8895976435e-04
8.4148270925e-01 8.6577954037e-01 1.3296556297e+01 1.0150542446e+02 2.9310413254e+02 0.0000000000e+00 2.8875711234e-04
8.4177242812e-01 8.6635336522e-01 1.3303576469e+01 1.0158504410e+02 2.9313975158e+02 0.0000000000e+00 2.8856585550e-04
8.4205984096e-01 8.6696811465e-01 1.3310582459e+01 1.0166497506e+02 2.9316238204e+02 0.0000000000e+00 2.8836123933e-04
8.4234915060e-01 8.6758219220e-01 1.3317583617e+01 1.0174510450e+02 2.9318577945e+02 0.0000000000e+00 2.8815713629e-04
8.4263615524e-01 8.6816461893e-01 1.3324578810e+01 1.0182540409e+02 2.9322032329e+02 0.0000000000e+00 2.8796381993e-04
8.4292507824e-01 8.6860359201e-01 1.3331556202e+01 1.0190595122e+02 2.9330396559e+02 0.0000000000e+00 2.8781828938e-04
8.4321179181e-01 8.6930545952e-01 1.3338502047e+01 1.0198680026e+02 2.9329966569e+02 0.0000000000e+00 2.8758590811e-04
8.4350025006e-01 8.6992843912e-01 1.3345407912e+01 1.0206796943e+02 2.9332288969e+02 0.0000000000e+00 2.8737995996e-04
8.4378655173e-01 8.7045968301e-01 1.3352282704e+01 1.0214936214e+02 2.9337763751e+02 0.0000000000e+00 2.8720457119e-04
8.4407465920e-01 8.7105678201e-01 1.3359137978e+01 1.0223085580e+02 2.9341042373e+02 0.0000000000e+00 2.8700769590e-04
8.4436056713e-01 8.7166608607e-01 1.3365977793e+01 1.0231242360e+02 2.9343926887e+02 0.0000000000e+00 2.8680707440e-04
8.4464827335e-01 8.7230118836e-01 1.3372794026e+01 1.0239416690e+02 2.9345989740e+02 0.0000000000e+00 2.8659825681e-04
8.4493376364e-01 8.7283683012e-01 1.3379573319e+01 1.0247625455e+02 2.9351492460e+02 0.0000000000e+00 2.8642237744e-04
8.4522111810e-01 8.7338226306e-01 1.3386313223e+01 1.0255876301e+02 2.9356779772e+02 0.0000000000e+00 2.8624350479e-04
8.4550625065e-01 8.7414546625e-01 1.3393026198e+01 1.0264160210e+02 2.9354840260e+02 0.0000000000e+00 2.8599358991e-04
8.4579310528e-01 8.7468604210e-01 1.3399730624e+01 1.0272463566e+02 2.9360430689e+02 0.0000000000e+00 2.8581683938e-04
8.4607788433e-01 8.7523313248e-01 1.3406454062e+01 1.0280764383e+02 2.9365788387e+02 0.0000000000e+00 2.8563818110e-04
8.4636438165e-01 8.7582729961e-01 1.3413209740e+01 1.0289043533e+02 2.9369498809e+02 0.0000000000e+00 2.8544440224e-04
8.4664877313e-01 8.7645155226e-01 1.3420005670e+01 1.0297290563e+02 2.9372104300e+02 0.0000000000e+00 2.8524109445e-04
8.4693486384e-01 8.7703751009e-01 1.3426842752e+01 1.0305502608e+02 2.9375888970e+02 0.0000000000e+00 2.8505052193e-04
8.4721887418e-01 8.7766243510e-01 1.3433707856e+01 1.0313689268e+02 2.9378291857e+02 0.0000000000e+00 2.8484755642e-04
8.4750455895e-01 8.7825233176e-01 1.3440578940e+01 1.0321880486e+02 2.9381876122e+02 0.0000000000e+00 2.8465623257e-04
8.4778818664e-01 8.7891444974e-01 1.3447416701e+01 1.0330108233e+02 2.9383144845e+02 0.0000000000e+00 2.8444179075e-04
8.4807344253e-01 8.7947821541e-01 1.3454221880e+01 1.0338367762e+02 2.9387788069e+02 0.0000000000e+00 2.8425945705e-04
8.4835670556e-01 8.7996122109e-01 1.3461024811e+01 1.0346635036e+02 2.9395144887e+02 0.0000000000e+00 2.8410342866e-04
8.4864164939e-01 8.8064499196e-01 1.3467839637e+01 1.0354892002e+02 2.9395761334e+02 0.0000000000e+00 2.8388283847e-04
8.4892447123e-01 8.8130859719e-01 1.3474662085e+01 1.0363139452e+02 2.9397022465e+02 0.0000000000e+00 2.8366908118e-04
8.4920898755e-01 8.8181513910e-01 1.3481485623e+01 1.0371389778e+02 2.9403526085e+02 0.0000000000e+00 2.8350613288e-04
8.4949148350e-01 8.8244731004e-01 1.3488285755e+01 1.0379666278e+02 2.9405909451e+02 0.0000000000e+00 2.8330303368e-04
8.4977559362e-01 8.8302988421e-01 1.3495047283e+01 1.0387981662e+02 2.9410051257e+02 0.0000000000e+00 2.8311612605e-04
8.5005771575e-01 8.8370902991e-01 1.3501776803e+01 1.0396329144e+02 2.9411064028e+02 0.0000000000e+00 2.8289854640e-04
8.5034139071e-01 8.8426467420e-01 1.3508486874e+01 1.0404695690e+02 2.9416236998e+02 0.0000000000e+00 2.8272078179e-04
8.5062315731e-01 8.8477463346e-01 1.3515195119e+01 1.0413064921e+02 2.9422930220e+02 0.0000000000e+00 2.8255782947e-04
8.5090650637e-01 8.8539822070e-01 1.3521918320e+01 1.0421419300e+02 2.9425796935e+02 0.0000000000e+00 2.8235882358e-04
8.5118787496e-01 8.8613861216e-01 1.3528671755e+01 1.0429738183e+02 2.9424680406e+02 0.0000000000e+00 2.8212290557e-04
8.5147075218e-01 8.8672987552e-01 1.3535468763e+01 1.0438009074e+02 2.9428378816e+02 0.0000000000e+00 2.8193478860e-04
8.5175174454e-01 8.8726813551e-01 1.3542303950e+01 1.0446238923e+02 2.9433714863e+02 0.0000000000e+00 2.8176375325e-04
8.5203427969e-01 8.8789662072e-01 1.3549151342e+01 1.0454470886e+02 2.9436058890e+02 0.0000000000e+00 2.8156431072e-04
8.5231487316e-01 8.8846847377e-01 1.3555938026e+01 1.0462780094e+02 2.9440493396e+02 0.0000000000e+00 2.8138308492e-04
8.5259704586e-01 8.8894424403e-01 1.3562647486e+01 1.0471178171e+02 2.9448354725e+02 0.0000000000e+00 2.8123248638e-04
8.5287733813e-01 8.8966145792e-01 1.3569338584e+01 1.0479612475e+02 2.9448315373e+02 0.0000000000e+00 2.8100576660e-04
8.5315905739e-01 8.9034288481e-01 1.3576066632e+01 1.0488031034e+02 2.9449415536e+02 0.0000000000e+00 2.8079069791e-04
8.5343891953e-01 8.9091105535e-01 1.3582843916e+01 1.0496400960e+02 2.9454121421e+02 0.0000000000e+00 2.8061162615e-04
8.5372028064e-01 8.9158222551e-01 1.3589677827e+01 1.0504707819e+02 2.9455241250e+02 0.0000000000e+00 2.8040038579e-04
8.5399972030e-01 8.9219913306e-01 1.3596558869e+01 1.0512956367e+02 2.9457987510e+02 0.0000000000e+00 2.8020650406e-04
8.5428069365e-01 8.9296417008e-01 1.3603455344e+01 1.0521174702e+02 2.9455758291e+02 0.0000000000e+00 2.7996644029e-04
8.5455965318e-01 8.9359486268e-01 1.3610328248e+01 1.0529417390e+02 2.9458029106e+02 0.0000000000e+00 2.7976884206e-04
8.5484023133e-01 8.9424310184e-01 1.3617141898e+01 1.0537707332e+02 2.9459850768e+02 0.0000000000e+00 2.7956603689e-04
8.5511878525e-01 8.9490771137e-01 1.3623924930e+01 1.0546025505e+02 2.9461209719e+02 0.0000000000e+00 2.7935841520e-04
8.5539894816e-01 8.9559920191e-01 1.3630716063e+01 1.0554344619e+02 2.9461684973e+02 0.0000000000e+00 2.7914272307e-04
8.5567707070e-01 8.9631616868e-01 1.3637526330e+01 1.0562649914e+02 2.9461283538e+02 0.0000000000e+00 2.7891943573e-04
8.5595678704e-01 8.9709197459e-01 1.3644353497e+01 1.0570946572e+02 2.9458926374e+02 0.0000000000e+00 2.7867822596e-04
8.5623442715e-01 8.9791577615e-01 1.3651190735e+01 1.0579250556e+02 2.9455019159e+02 0.0000000000e+00 2.7842254991e-04
8.5651363214e-01 8.9881201469e-01 1.3658014194e+01 1.0587587080e+02 2.9448836094e+02 0.0000000000e+00 2.7814492454e-04
8.5679071700e-01 8.9948085752e-01 1.3664810956e+01 1.0595968368e+02 2.9450233097e+02 0.0000000000e+00 2.7793809942e-04
8.5706950833e-01 9.0033839921e-01 1.3671573461e+01 1.0604397328e+02 2.9445587729e+02 0.0000000000e+00 2.7767337283e-04
8.5734606375e-01 9.0095478403e-01 1.3678289330e+01 1.0612878404e+02 2.9448976221e+02 0.0000000000e+00 2.7748340364e-04
8.5762447514e-01 9.0189359339e-01 1.3684967604e+01 1.0621391559e+02 2.9441919859e+02 0.0000000000e+00 2.7719456245e-04
8.5790045287e-01 9.0254356320e-01 1.3691638298e+01 1.0629910719e+02 2.9444314802e+02 0.0000000000e+00 2.7699493985e-04
8.5817846502e-01 9.0351141411e-01 1.3698334565e+01 1.0638390520e+02 2.9436237201e+02 0.0000000000e+00 2.7669821996e-04
8.5845384931e-01 9.0413253174e-01 1.3705096488e+01 1.0646796934e+02 2.9439259622e+02 0.0000000000e+00 2.7650813484e-04
8.5873148129e-01 9.0493423363e-01 1.3711949210e+01 1.0655091828e+02 2.9436094447e+02 0.0000000000e+00 2.7626316997e-04
8.5900637565e-01 9.0563134533e-01 1.3718893291e+01 1.0663280424e+02 2.9436040611e+02 0.0000000000e+00 2.7605051580e-04
8.5928358232e-01 9.0646818887e-01 1.3725892005e+01 1.0671409233e+02 2.9431284418e+02 0.0000000000e+00 2.7579566836e-04
8.5955796699e-01 9.0718196643e-01 1.3732861628e+01 1.0679609296e+02 2.9430725287e+02 0.0000000000e+00 2.7557867027e-04
8.5983473966e-01 9.0805880801e-01 1.3739670598e+01 1.0687981097e+02 2.9425354952e+02 0.0000000000e+00 2.7531256544e-04
8.6010859212e-01 9.0877254601e-01 1.3746341278e+01 1.0696507714e+02 2.9425701077e+02 0.0000000000e+00 2.7509633857e-04
8.6038493234e-01 9.0950938362e-01 1.3752973127e+01 1.0705096790e+02 2.9425470980e+02 0.0000000000e+00 2.7487346970e-04
8.6065833906e-01 9.1031391862e-01 1.3759653833e+01 1.0713653013e+02 2.9422962766e+02 0.0000000000e+00 2.7463053666e-04
8.6093419341e-01 9.1105411950e-01 1.3766414422e+01 1.0722119664e+02 2.9422290713e+02 0.0000000000e+00 2.7440740857e-04
8.6120715388e-01 9.1173808220e-01 1.3773294677e+01 1.0730504611e+02 2.9423210516e+02 0.0000000000e+00 2.7420155512e-04
8.6148259652e-01 9.1250094344e-01 1.3780156909e+01 1.0738789076e+02 2.9421309515e+02 0.0000000000e+00 2.7397231948e-04
8.6175509852e-01 9.1326895651e-01 1.3787053103e+01 1.0747108992e+02 2.9419342777e+02 0.0000000000e+00 2.7374192259e-04
8.6203008037e-01 9.1402449220e-01 1.3794122424e+01 1.0755666447e+02 2.9418430631e+02 0.0000000000e+00 2.7351564661e-04
8.6230212981e-01 9.1482151481e-01 1.3800794068e+01 1.0763857653e+02 2.9415185035e+02 0.0000000000e+00 2.7327735077e-04
8.6257663507e-01 9.1558077422e-01 1.3807258284e+01 1.0772239025e+02 2.9413677440e+02 0.0000000000e+00 2.7305073134e-04
8.6284823127e-01 9.1633608206e-01 1.3815715717e+01 1.0783028489e+02 2.9418869070e+02 0.0000000000e+00 2.7282566396e-04
8.6312228640e-01 9.1700583968e-01 1.3822254814e+01 1.0791029995e+02 2.9419196499e+02 0.0000000000e+00 2.7262639907e-04
8.6339348407e-01 9.1768725810e-01 1.3825025178e+01 1.0795604324e+02 2.9409813171e+02 0.0000000000e+00 2.7242396339e-04
8.6366713433e-01 9.1969355710e-01 1.3839897660e+01 1.0821836661e+02 2.9416963339e+02 0.0000000000e+00 2.7182967421e-04
8.6393714342e-01 9.2019734970e-01 1.3867956364e+01 1.0842593730e+02 2.9457251028e+02 0.0000000000e+00 2.7168085203e-04
8.6421049603e-01 9.1172899800e-01 1.3806071494e+01 1.0717056513e+02 2.9386628417e+02 0.0000000000e+00 2.7420428718e-04
8.6448555199e-01 9.1950967497e-01 1.3725412891e+01 1.0701852739e+02 2.9096628971e+02 0.0000000000e+00 2.7188403429e-04
8.6475426410e-01 9.7957801563e-01 1.4260297439e+01 1.1697012532e+02 2.9852171918e+02 0.0000000000e+00 2.5521193413e-04
8.6499597586e-01 8.4116953126e-01 1.4449199197e+01 1.0610415418e+02 3.1534711564e+02 0.0000000000e+00 2.9720524901e-04
8.6534867460e-01 4.9692764412e-01 7.8998000709e+00 4.9187496458e+01 2.4745804062e+02 0.0000000000e+00 5.0309135134e-04
8.6600215856e-01 3.4617782464e-01 1.3034979344e+00 2.2979524287e+01 1.6595173529e+02 0.0000000000e+00 7.2217219650e-04
8.6679301899e-01 3.1292906259e-01 1.3323546384e-01 1.9663760243e+01 1.5709439129e+02 0.0000000000e+00 7.9890310579e-04
8.6759996477e-01 3.0896419509e-01 7.1015062807e-03 1.9313845283e+01 1.5627899276e+02 0.0000000000e+00 8.0915524832e-04
8.6841132949e-01 3.0861032071e-01 -3.6539542109e-03 1.9283040289e+01 1.5620864724e+02 0.0000000000e+00 8.1008308285e-04
8.6922013094e-01 3.0861231791e-01 -3.7224104702e-03 1.9283055935e+01 1.5620776307e+02 0.0000000000e+00 8.1007784035e-04
8.7003148517e-01 3.0864026105e-01 -2.7904360790e-03 1.9285634229e+01 1.5621450490e+02 0.0000000000e+00 8.1000449894e-04
8.7084013994e-01 3.0866655320e-01 -1.9560288253e-03 1.9287924519e+01 1.5621974845e+02 0.0000000000e+00 8.0993550291e-04
8.7165135617e-01 3.0868499757e-01 -1.3759112417e-03 1.9289601162e+01 1.5622399302e+02 0.0000000000e+00 8.0988710810e-04
8.7245991415e-01 3.0870016982e-01 -9.3848178412e-04 1.9290864290e+01 1.5622654420e+02 0.0000000000e+00 8.0984730312e-04
8.7327105078e-01 3.0871025963e-01 -6.1143402500e-04 1.9291809069e+01 1.5622908915e+02 0.0000000000e+00 8.0982083427e-04
8.7407955582e-01 3.0871881151e-01 -3.7356791668e-04 1.9292496654e+01 1.5623032947e+02 0.0000000000e+00 8.0979840127e-04
8.7489064758e-01 3.0872361285e-01 -2.0764041956e-04 1.9292976826e+01 1.5623178810e+02 0.0000000000e+00 8.0978580709e-04
8.7569912744e-01 3.0872792415e-01 -9.8329912228e-05 1.9293293808e+01 1.5623217321e+02 0.0000000000e+00 8.0977449866e-04
8.7651019658e-01 3.0872947821e-01 -3.1608037945e-05 1.9293488091e+01 1.5623296002e+02 0.0000000000e+00 8.0977042246e-04
8.7731866828e-01 3.0873137146e-01 5.0599507658e-06 1.9293595834e+01 1.5623287441e+02 0.0000000000e+00 8.0976545666e-04
8.7812972749e-01 3.0873132781e-01 2.2321574955e-05 1.9293647550e+01 1.5623331528e+02 0.0000000000e+00 8.0976557117e-04
8.7893819942e-01 3.0873217904e-01 2.8445190503e-05 1.9293666869e+01 1.5623304095e+02 0.0000000000e+00 8.0976333848e-04
8.7974925417e-01 3.0873160878e-01 2.9051107306e-05 1.9293670244e+01 1.5623335686e+02 0.0000000000e+00 8.0976483422e-04
8.8055772909e-01 3.0873210869e-01 2.7382464163e-05 1.9293665486e+01 1.5623306536e+02 0.0000000000e+00 8.0976352302e-04
8.8136878121e-01 3.0873139621e-01 2.2756481185e-05 1.9293653164e+01 1.5623332613e+02 0.0000000000e+00 8.0976539175e-04
8.8217725988e-01 3.0873181383e-01 1.6836013219e-05 1.9293637946e+01 1.5623299156e+02 0.0000000000e+00 8.0976429639e-04
8.8298830981e-01 3.0873113235e-01 1.3019746094e-05 1.9293627480e+01 1.5623325167e+02 0.0000000000e+00 8.0976608384e-04
8.8379679204e-01 3.0873161058e-01 1.0945413425e-05 1.9293621775e+01 1.5623296347e+02 0.0000000000e+00 8.0976482950e-04
8.8460783947e-01 3.0873103833e-01 9.9354577485e-06 1.9293618981e+01 1.5623323043e+02 0.0000000000e+00 8.0976633044e-04
8.8541632471e-01 3.0873157254e-01 9.5179374775e-06 1.9293617750e+01 1.5623295013e+02 0.0000000000e+00 8.0976492927e-04
8.8622736932e-01 3.0873106549e-01 9.3639139836e-06 1.9293617141e+01 1.5623320178e+02 0.0000000000e+00 8.0976625919e-04
8.8703585722e-01 3.0873152238e-01 9.2881600169e-06 1.9293616639e+01 1.5623296652e+02 0.0000000000e+00 8.0976506084e-04
8.8784689945e-01 3.0873107029e-01 9.2323637837e-06 1.9293616019e+01 1.5623319028e+02 0.0000000000e+00 8.0976624662e-04
8.8865538972e-01 3.0873155911e-01 9.1475363374e-06 1.9293615174e+01 1.5623293606e+02 0.0000000000e+00 8.0976496448e-04
8.8946642938e-01 3.0873111410e-01 9.0095409558e-06 1.9293614078e+01 1.5623315238e+02 0.0000000000e+00 8.0976613170e-04
8.9027492198e-01 3.0873139040e-01 8.8378167692e-06 1.9293612814e+01 1.5623300233e+02 0.0000000000e+00 8.0976540699e-04
8.9108596019e-01 3.0873068773e-01 8.6827014184e-06 1.9293611571e+01 1.5623334785e+02 0.0000000000e+00 8.0976725003e-04
8.9189445648e-01 3.0873134953e-01 8.5729196961e-06 1.9293610463e+01 1.5623300397e+02 0.0000000000e+00 8.0976551419e-04
8.9270549122e-01 3.0873103532e-01 8.4821630998e-06 1.9293609478e+01 1.5623315500e+02 0.0000000000e+00 8.0976633832e-04
8.9351398916e-01 3.0873115478e-01 8.3901015152e-06 1.9293608586e+01 1.5623308732e+02 0.0000000000e+00 8.0976602500e-04
8.9432502327e-01 3.0873070861e-01 8.2851031537e-06 1.9293607768e+01 1.5623330648e+02 0.0000000000e+00 8.0976719526e-04
8.9513352355e-01 3.0873175824e-01 8.1507062550e-06 1.9293606988e+01 1.5623276901e+02 0.0000000000e+00 8.0976444221e-04
8.9594455215e-01 3.0872978017e-01 7.9733633872e-06 1.9293606185e+01 1.5623376351e+02 0.0000000000e+00 8.0976963046e-04
8.9675306281e-01 3.0873251752e-01 7.7519530238e-06 1.9293605346e+01 1.5623237148e+02 0.0000000000e+00 8.0976245070e-04
8.9756407705e-01 3.0872866625e-01 7.5370192808e-06 1.9293604582e+01 1.5623431423e+02 0.0000000000e+00 8.0977255217e-04
8.9837260791e-01 3.0873342260e-01 7.3614766983e-06 1.9293603978e+01 1.5623190239e+02 0.0000000000e+00 8.0976007680e-04
8.9918359721e-01 3.0872708172e-01 7.2224942933e-06 1.9293603523e+01 1.5623510753e+02 0.0000000000e+00 8.0977670832e-04
8.9999216133e-01 3.0873487332e-01 7.1064014585e-06 1.9293603173e+01 1.5623116176e+02 0.0000000000e+00 8.0975627181e-04
9.0080310975e-01 3.0872492726e-01 6.9924013572e-06 1.9293602868e+01 1.5623619252e+02 0.0000000000e+00 8.0978235941e-04
9.0161172605e-01 3.0873694639e-01 6.8616353985e-06 1.9293602566e+01 1.5623010780e+02 0.0000000000e+00 8.0975083455e-04
9.0242261142e-01 3.0872242550e-01 6.7084088629e-06 1.9293602193e+01 1.5623745313e+02 0.0000000000e+00 8.0978892153e-04
9.0323130389e-01 3.0873975911e-01 6.5063213947e-06 1.9293601708e+01 1.5622867754e+02 0.0000000000e+00 8.0974345748e-04
9.0404209833e-01 3.0871961158e-01 6.2388921940e-06 1.9293601019e+01 1.5623886769e+02 0.0000000000e+00 8.0979630259e-04
9.0485089650e-01 3.0874653189e-01 5.9377292424e-06 1.9293600268e+01 1.5622523879e+02 0.0000000000e+00 8.0972569462e-04
9.0566154972e-01 3.0872016459e-01 5.7519496034e-06 1.9293599790e+01 1.5623857787e+02 0.0000000000e+00 8.0979485202e-04
9.0647048620e-01 3.0875369851e-01 5.6826508639e-06 1.9293599615e+01 1.5622160729e+02 0.0000000000e+00 8.0970689972e-04
9.0728096352e-01 3.0872992222e-01 5.6801715661e-06 1.9293599610e+01 1.5623363838e+02 0.0000000000e+00 8.0976925788e-04
9.0809002472e-01 3.0873852196e-01 5.7290078762e-06 1.9293599726e+01 1.5622928752e+02 0.0000000000e+00 8.0974670221e-04
9.0890045693e-01 3.0873055816e-01 5.8482203457e-06 1.9293599973e+01 1.5623331950e+02 0.0000000000e+00 8.0976758986e-04
9.0970955990e-01 3.0873049340e-01 5.9485839451e-06 1.9293600139e+01 1.5623335361e+02 0.0000000000e+00 8.0976775973e-04
9.1051999245e-01 3.0872998310e-01 5.9887021314e-06 1.9293600137e+01 1.5623361184e+02 0.0000000000e+00 8.0976909820e-04
9.1132909809e-01 3.0872972268e-01 5.9920007017e-06 1.9293599992e+01 1.5623374245e+02 0.0000000000e+00 8.0976978126e-04
9.1213953201e-01 3.0872998208e-01 5.9285328081e-06 1.9293599649e+01 1.5623360840e+02 0.0000000000e+00 8.0976910087e-04
9.1294863629e-01 3.0872938165e-01 5.7544078425e-06 1.9293599019e+01 1.5623390715e+02 0.0000000000e+00 8.0977067573e-04
9.1375907336e-01 3.0872979411e-01 5.4500144543e-06 1.9293598030e+01 1.5623369041e+02 0.0000000000e+00 8.0976959389e-04
9.1456817548e-01 3.0872923358e-01 5.0204710278e-06 1.9293596741e+01 1.5623396364e+02 0.0000000000e+00 8.0977106411e-04
9.1537861549e-01 3.0872975692e-01 4.6116408538e-06 1.9293595540e+01 1.5623368907e+02 0.0000000000e+00 8.0976969145e-04
9.1618771486e-01 3.0872934519e-01 4.3391358948e-06 1.9293594710e+01 1.5623389071e+02 0.0000000000e+00 8.0977077137e-04
9.1699815703e-01 3.0872995502e-01 4.1710821335e-06 1.9293594203e+01 1.5623357799e+02 0.0000000000e+00 8.0976917185e-04
9.1780725321e-01 3.0872960264e-01 4.0878477684e-06 1.9293593958e+01 1.5623375434e+02 0.0000000000e+00 8.0977009611e-04
9.1861769722e-01 3.0873019737e-01 4.0669070612e-06 1.9293593901e+01 1.5623345291e+02 0.0000000000e+00 8.0976853618e-04
9.1942679028e-01 3.0872981655e-01 4.0702018647e-06 1.9293593945e+01 1.5623364598e+02 0.0000000000e+00 8.0976953504e-04
9.2023723629e-01 3.0873037196e-01 4.1050721905e-06 1.9293594077e+01 1.5623336598e+02 0.0000000000e+00 8.0976807826e-04
9.2104632644e-01 3.0872996599e-01 4.1681974782e-06 1.9293594280e+01 1.5623357306e+02 0.0000000000e+00 8.0976914306e-04
9.2185677458e-01 3.0873049759e-01 4.2159477655e-06 1.9293594445e+01 1.5623330539e+02 0.0000000000e+00 8.0976774873e-04
9.2266586193e-01 3.0873007134e-01 4.2330130915e-06 1.9293594532e+01 1.5623352179e+02 0.0000000000e+00 8.0976886675e-04
9.2347631231e-01 3.0873058669e-01 4.2306592487e-06 1.9293594569e+01 1.5623326130e+02 0.0000000000e+00 8.0976751503e-04
9.2428539696e-01 3.0873014742e-01 4.2121345790e-06 1.9293594578e+01 1.5623348367e+02 0.0000000000e+00 8.0976866720e-04
9.2509584965e-01 3.0873065375e-01 4.1876905101e-06 1.9293594580e+01 1.5623322746e+02 0.0000000000e+00 8.0976733913e-04
9.2590493164e-01 3.0873020157e-01 4.1645388298e-06 1.9293594609e+01 1.5623345652e+02 0.0000000000e+00 8.0976852517e-04
9.2671538670e-01 3.0873070319e-01 4.1488237974e-06 1.9293594677e+01 1.5623320322e+02 0.0000000000e+00 8.0976720947e-04
9.2752446606e-01 3.0873024115e-01 4.1382439928e-06 1.9293594775e+01 1.5623343784e+02 0.0000000000e+00 8.0976842136e-04
9.2833492354e-01 3.0873074808e-01 4.1277430767e-06 1.9293594893e+01 1.5623318226e+02 0.0000000000e+00 8.0976709174e-04
9.2914400025e-01 3.0873027870e-01 4.1153113566e-06 1.9293595011e+01 1.5623342074e+02 0.0000000000e+00 8.0976832287e-04
9.2995446019e-01 3.0873077967e-01 4.0828171281e-06 1.9293595088e+01 1.5623316784e+02 0.0000000000e+00 8.0976700887e-04
9.3076353426e-01 3.0873030384e-01 4.0187376983e-06 1.9293595081e+01 1.5623340859e+02 0.0000000000e+00 8.0976825692e-04
9.3157399670e-01 3.0873079970e-01 3.9217123166e-06 1.9293594963e+01 1.5623315670e+02 0.0000000000e+00 8.0976695634e-04
9.3238306818e-01 3.0873032210e-01 3.7656205198e-06 1.9293594666e+01 1.5623339599e+02 0.0000000000e+00 8.0976820903e-04
9.3319353312e-01 3.0873080688e-01 3.5250054550e-06 1.9293594127e+01 1.5623314629e+02 0.0000000000e+00 8.0976693750e-04
9.3400260205e-01 3.0873032370e-01 3.1982108699e-06 1.9293593361e+01 1.5623338461e+02 0.0000000000e+00 8.0976820484e-04
9.3481306953e-01 3.0873080641e-01 2.8862943581e-06 1.9293592647e+01 1.5623313455e+02 0.0000000000e+00 8.0976693874e-04
9.3562213593e-01 3.0873032069e-01 2.6858689531e-06 1.9293592220e+01 1.5623337689e+02 0.0000000000e+00 8.0976821272e-04
9.3643260595e-01 3.0873081712e-01 2.5770583580e-06 1.9293592058e+01 1.5623312436e+02 0.0000000000e+00 8.0976691064e-04
9.3724166975e-01 3.0873032995e-01 2.5253127872e-06 1.9293592057e+01 1.5623337089e+02 0.0000000000e+00 8.0976818844e-04
9.3805214233e-01 3.0873083667e-01 2.5027429418e-06 1.9293592166e+01 1.5623311535e+02 0.0000000000e+00 8.0976685938e-04
9.3886120347e-01 3.0873034069e-01 2.5130442927e-06 1.9293592358e+01 1.5623336789e+02 0.0000000000e+00 8.0976816028e-04
9.3967167865e-01 3.0873085629e-01 2.5496940524e-06 1.9293592612e+01 1.5623310902e+02 0.0000000000e+00 8.0976680792e-04
9.4048073708e-01 3.0873035047e-01 2.5889459262e-06 1.9293592862e+01 1.5623336702e+02 0.0000000000e+00 8.0976813461e-04
9.4129121492e-01 3.0873087562e-01 2.6048640617e-06 1.9293593036e+01 1.5623310267e+02 0.0000000000e+00 8.0976675721e-04
9.4210027060e-01 3.0873036270e-01 2.5845177464e-06 1.9293593114e+01 1.5623336287e+02 0.0000000000e+00 8.0976810253e-04
9.4291075113e-01 3.0873088807e-01 2.5312441739e-06 1.9293593074e+01 1.5623309668e+02 0.0000000000e+00 8.0976672456e-04
9.4371980405e-01 3.0873038838e-01 2.4442556579e-06 1.9293592919e+01 1.5623334830e+02 0.0000000000e+00 8.0976803519e-04
9.4453028720e-01 3.0873088569e-01 2.3259299259e-06 1.9293592661e+01 1.5623309454e+02 0.0000000000e+00 8.0976673079e-04
9.4533933751e-01 3.0873038151e-01 2.2119466894e-06 1.9293592403e+01 1.5623334760e+02 0.0000000000e+00 8.0976805321e-04
9.4614982330e-01 3.0873088699e-01 2.1371349569e-06 1.9293592227e+01 1.5623309037e+02 0.0000000000e+00 8.0976672739e-04
9.4695887096e-01 3.0873038105e-01 2.0906778745e-06 1.9293592114e+01 1.5623334548e+02 0.0000000000e+00 8.0976805441e-04
9.4776935941e-01 3.0873089198e-01 2.0660715710e-06 1.9293592044e+01 1.5623308637e+02 0.0000000000e+00 8.0976671429e-04
9.4857840439e-01 3.0873038186e-01 2.0622620478e-06 1.9293592021e+01 1.5623334432e+02 0.0000000000e+00 8.0976805228e-04
9.4938889552e-01 3.0873090263e-01 2.0682144647e-06 1.9293592003e+01 1.5623308064e+02 0.0000000000e+00 8.0976668635e-04
9.5019793777e-01 3.0873038248e-01 2.0811869541e-06 1.9293591977e+01 1.5623334365e+02 0.0000000000e+00 8.0976805066e-04
9.5100843162e-01 3.0873091252e-01 2.0933503236e-06 1.9293591928e+01 1.5623307503e+02 0.0000000000e+00 8.0976666042e-04
9.5181747109e-01 3.0873037941e-01 2.1011953147e-06 1.9293591839e+01 1.5623334409e+02 0.0000000000e+00 8.0976805870e-04
9.5262796774e-01 3.0873091992e-01 2.1024208708e-06 1.9293591703e+01 1.5623306947e+02 0.0000000000e+00 8.0976664101e-04
9.5343700437e-01 3.0873037416e-01 2.0958306817e-06 1.9293591526e+01 1.5623334421e+02 0.0000000000e+00 8.0976807247e-04
9.5424750388e-01 3.0873092741e-01 2.0870137010e-06 1.9293591314e+01 1.5623306253e+02 0.0000000000e+00 8.0976662138e-04
9.5505653761e-01 3.0873036601e-01 2.0854504369e-06 1.9293591104e+01 1.5623334492e+02 0.0000000000e+00 8.0976809387e-04
9.5586704007e-01 3.0873093593e-01 2.0977393550e-06 1.9293590878e+01 1.5623305468e+02 0.0000000000e+00 8.0976659901e-04
9.5667607081e-01 3.0873035965e-01 2.1233208000e-06 1.9293590638e+01 1.5623334436e+02 0.0000000000e+00 8.0976811054e-04
9.5748657629e-01 3.0873094280e-01 2.1617252486e-06 1.9293590380e+01 1.5623304717e+02 0.0000000000e+00 8.0976658101e-04
9.5829560397e-01 3.0873034814e-01 2.2099807513e-06 1.9293590107e+01 1.5623334589e+02 0.0000000000e+00 8.0976814074e-04
9.5910611257e-01 3.0873094832e-01 2.2561471708e-06 1.9293589843e+01 1.5623304003e+02 0.0000000000e+00 8.0976656651e-04
9.5991513710e-01 3.0873033585e-01 2.2911396755e-06 1.9293589599e+01 1.5623334799e+02 0.0000000000e+00 8.0976817296e-04
9.6072564892e-01 3.0873095367e-01 2.3132360270e-06 1.9293589378e+01 1.5623303356e+02 0.0000000000e+00 8.0976655248e-04
9.6153467021e-01 3.0873032176e-01 2.3259340602e-06 1.9293589188e+01 1.5623335180e+02 0.0000000000e+00 8.0976820993e-04
9.6234518534e-01 3.0873095932e-01 2.3303186903e-06 1.9293589027e+01 1.5623302786e+02 0.0000000000e+00 8.0976653768e-04
9.6315420328e-01 3.0873030503e-01 2.3304864338e-06 1.9293588904e+01 1.5623335796e+02 0.0000000000e+00 8.0976825380e-04
9.6396472184e-01 3.0873096657e-01 2.3284941435e-06 1.9293588819e+01 1.5623302251e+02 0.0000000000e+00 8.0976651866e-04
9.6477373632e-01 3.0873028244e-01 2.3229155710e-06 1.9293588769e+01 1.5623336830e+02 0.0000000000e+00 8.0976831305e-04
9.6558425847e-01 3.0873096416e-01 2.3168445942e-06 1.9293588751e+01 1.5623302317e+02 0.0000000000e+00 8.0976652498e-04
9.6639326937e-01 3.0873023639e-01 2.3104912036e-06 1.9293588759e+01 1.5623339153e+02 0.0000000000e+00 8.0976843384e-04
9.6720379534e-01 3.0873097524e-01 2.2958582910e-06 1.9293588797e+01 1.5623301794e+02 0.0000000000e+00 8.0976649592e-04
9.6801280236e-01 3.0873020664e-01 2.2759891235e-06 1.9293588851e+01 1.5623340732e+02 0.0000000000e+00 8.0976851186e-04
9.6882333236e-01 3.0873099849e-01 2.2569425943e-06 1.9293588899e+01 1.5623300700e+02 0.0000000000e+00 8.0976643493e-04
9.6963233523e-01 3.0873020067e-01 2.2378859820e-06 1.9293588936e+01 1.5623341103e+02 0.0000000000e+00 8.0976852752e-04
9.7044286942e-01 3.0873102159e-01 2.2185396552e-06 1.9293588954e+01 1.5623299576e+02 0.0000000000e+00 8.0976637435e-04
9.7125186798e-01 3.0873018811e-01 2.1983725869e-06 1.9293588941e+01 1.5623341743e+02 0.0000000000e+00 8.0976856046e-04
9.7206240654e-01 3.0873104567e-01 2.1783596453e-06 1.9293588903e+01 1.5623298315e+02 0.0000000000e+00 8.0976631118e-04
9.7287140060e-01 3.0873017305e-01 2.1544621471e-06 1.9293588849e+01 1.5623342431e+02 0.0000000000e+00 8.0976859998e-04
9.7368194374e-01 3.0873107718e-01 2.1269392625e-06 1.9293588782e+01 1.5623296623e+02 0.0000000000e+00 8.0976622853e-04
9.7449093306e-01 3.0873015380e-01 2.0940556282e-06 1.9293588713e+01 1.5623343294e+02 0.0000000000e+00 8.0976865046e-04
9.7530148104e-01 3.0873111313e-01 2.0568366763e-06 1.9293588650e+01 1.5623294696e+02 0.0000000000e+00 8.0976613424e-04
9.7611046533e-01 3.0873013480e-01 2.0173924514e-06 1.9293588606e+01 1.5623344170e+02 0.0000000000e+00 8.0976870031e-04
9.7692101844e-01 3.0873115450e-01 1.9756838349e-06 1.9293588588e+01 1.5623292553e+02 0.0000000000e+00 8.0976602573e-04
9.7772999738e-01 3.0873009942e-01 1.9322789007e-06 1.9293588598e+01 1.5623345954e+02 0.0000000000e+00 8.0976879311e-04
9.7854055603e-01 3.0873120301e-01 1.8776892108e-06 1.9293588646e+01 1.5623290145e+02 0.0000000000e+00 8.0976589850e-04
9.7934952918e-01 3.0873004701e-01 1.8100708223e-06 1.9293588736e+01 1.5623348718e+02 0.0000000000e+00 8.0976893057e-04
9.8016009389e-01 3.0873124954e-01 1.7280416986e-06 1.9293588867e+01 1.5623287969e+02 0.0000000000e+00 8.0976577647e-04
9.8096906073e-01 3.0872998086e-01 1.6339120991e-06 1.9293589026e+01 1.5623352300e+02 0.0000000000e+00 8.0976910408e-04
9.8177963209e-01 3.0873133797e-01 1.5359273960e-06 1.9293589190e+01 1.5623283756e+02 0.0000000000e+00 8.0976554452e-04
9.8258859182e-01 3.0872991472e-01 1.4446938696e-06 1.9293589331e+01 1.5623355894e+02 0.0000000000e+00 8.0976927755e-04
9.8339917065e-01 3.0873143357e-01 1.3700235958e-06 1.9293589449e+01 1.5623279128e+02 0.0000000000e+00 8.0976529377e-04
9.8420812241e-01 3.0872980285e-01 1.3068592434e-06 1.9293589526e+01 1.5623361713e+02 0.0000000000e+00 8.0976957097e-04
9.8501870979e-01 3.0873145980e-01 1.2649351315e-06 1.9293589595e+01 1.5623277919e+02 0.0000000000e+00 8.0976522497e-04
9.8582765286e-01 3.0872954860e-01 1.2303304870e-06 1.9293589623e+01 1.5623374658e+02 0.0000000000e+00 8.0977023784e-04
9.8663825027e-01 3.0873152954e-01 1.2055184226e-06 1.9293589631e+01 1.5623274419e+02 0.0000000000e+00 8.0976504205e-04
9.8744718294e-01 3.0872931093e-01 1.1868585436e-06 1.9293589601e+01 1.5623386668e+02 0.0000000000e+00 8.0977086123e-04
9.8825779199e-01 3.0873168429e-01 1.1678606859e-06 1.9293589543e+01 1.5623266517e+02 0.0000000000e+00 8.0976463617e-04
9.8906671221e-01 3.0872897867e-01 1.1409781391e-06 1.9293589468e+01 1.5623403374e+02 0.0000000000e+00 8.0977173273e-04
9.8987733545e-01 3.0873161509e-01 1.1079202142e-06 1.9293589362e+01 1.5623269872e+02 0.0000000000e+00 8.0976481768e-04
9.9068624185e-01 3.0872873370e-01 1.0576514698e-06 1.9293589248e+01 1.5623415593e+02 0.0000000000e+00 8.0977237525e-04
9.9149688021e-01 3.0873131599e-01 9.9734394477e-07 1.9293589105e+01 1.5623284800e+02 0.0000000000e+00 8.0976560217e-04
9.9230577305e-01 3.0872895709e-01 9.2071698813e-07 1.9293588958e+01 1.5623404053e+02 0.0000000000e+00 8.0977178933e-04
9.9311642378e-01 3.0873138727e-01 8.3227523021e-07 1.9293588802e+01 1.5623280947e+02 0.0000000000e+00 8.0976541521e-04
9.9392530388e-01 3.0872904052e-01 7.3370073538e-07 1.9293588647e+01 1.5623399579e+02 0.0000000000e+00 8.0977157048e-04
9.9473596693e-01 3.0873588019e-01 6.2972153783e-07 1.9293588496e+01 1.5623053339e+02 0.0000000000e+00 8.0975363098e-04
9.9554481115e-01 3.0872244123e-01 5.2451021164e-07 1.9293588355e+01 1.5623733310e+02 0.0000000000e+00 8.0978888028e-04
9.9635554469e-01 3.0877958043e-01 4.1779752012e-07 1.9293588217e+01 1.5620842051e+02 0.0000000000e+00 8.0963903005e-04
9.9716408921e-01 3.0867686950e-01 3.1813048218e-07 1.9293588110e+01 1.5626039733e+02 0.0000000000e+00 8.0990843404e-04
9.9797536155e-01 3.0900005054e-01 2.1878577467e-07 1.9293588012e+01 1.5609696486e+02 0.0000000000e+00 8.0906135635e-04
9.9878221192e-01 3.0879390958e-01 1.3033804454e-07 1.9293587956e+01 1.5620116976e+02 0.0000000000e+00 8.0960145989e-04
9.9959456447e-01 3.0802903417e-01 3.9076661779e-08 1.9293587812e+01 1.5658903603e+02 0.0000000000e+00 8.1161180365e-04
