This file contains any messages produced by compilers while
running configure, to aid debugging if configure makes a mistake.

It was created by fftw configure 3.3.6-pl2, which was
generated by GNU Autoconf 2.69.  Invocation command line was

  $ ./configure CC=icx CXX=icpc CPP=cpp F77=ifx --enable-openmp --enable-float --enable-avx --enable-mpi --enable-threads --prefix=/home/kjhan/local/ MPICC=mpiicx

## --------- ##
## Platform. ##
## --------- ##

hostname = grammar
uname -m = x86_64
uname -r = 5.14.0-570.17.1.el9_6.x86_64
uname -s = Linux
uname -v = #1 SMP PREEMPT_DYNAMIC Fri May 23 22:47:01 UTC 2025

/usr/bin/uname -p = x86_64
/bin/uname -X     = unknown

/bin/arch              = x86_64
/usr/bin/arch -k       = unknown
/usr/convex/getsysinfo = unknown
/usr/bin/hostinfo      = unknown
/bin/machine           = unknown
/usr/bin/oslevel       = unknown
/bin/universe          = unknown

PATH: /opt/ohpc/pub/compiler/gcc/15.1.0/bin
PATH: /opt/ohpc/pub/intel/oneapi-2025.03/mpi/2021.17/opt/mpi/libfabric/bin
PATH: /opt/ohpc/pub/intel/oneapi-2025.03/mpi/2021.17/bin
PATH: /opt/ohpc/pub/intel/oneapi-2025.03/dev-utilities/2025.3/bin
PATH: /opt/ohpc/pub/intel/oneapi-2025.03/debugger/2025.3/bin
PATH: /opt/ohpc/pub/intel/oneapi-2025.03/compiler/2025.3/bin
PATH: /home/kjhan/local/bin
PATH: /home/kjhan/bin
PATH: /usr/lib64/ccache
PATH: /usr/local/bin
PATH: /usr/bin
PATH: /usr/local/sbin
PATH: /usr/sbin


## ----------- ##
## Core tests. ##
## ----------- ##

configure:2824: checking for a BSD-compatible install
configure:2892: result: /usr/bin/install -c
configure:2903: checking whether build environment is sane
configure:2958: result: yes
configure:3109: checking for a thread-safe mkdir -p
configure:3148: result: /usr/bin/mkdir -p
configure:3155: checking for gawk
configure:3171: found /usr/bin/gawk
configure:3182: result: gawk
configure:3193: checking whether make sets $(MAKE)
configure:3215: result: yes
configure:3244: checking whether make supports nested variables
configure:3261: result: yes
configure:3391: checking whether to enable maintainer-specific portions of Makefiles
configure:3400: result: no
configure:3448: checking build system type
configure:3462: result: x86_64-pc-linux-gnu
configure:3482: checking host system type
configure:3495: result: x86_64-pc-linux-gnu
configure:4149: checking for gcc
configure:4176: result: icx
configure:4405: checking for C compiler version
configure:4414: icx --version >&5
Intel(R) oneAPI DPC++/C++ Compiler 2025.3.0 (2025.3.0.20251010)
Target: x86_64-unknown-linux-gnu
Thread model: posix
InstalledDir: /opt/ohpc/pub/intel/oneapi-2025.03/compiler/2025.3/bin/compiler
Configuration file: /opt/ohpc/pub/intel/oneapi-2025.03/compiler/2025.3/bin/compiler/../icx.cfg
configure:4425: $? = 0
configure:4414: icx -v >&5
Intel(R) oneAPI DPC++/C++ Compiler 2025.3.0 (2025.3.0.20251010)
Target: x86_64-unknown-linux-gnu
Thread model: posix
InstalledDir: /opt/ohpc/pub/intel/oneapi-2025.03/compiler/2025.3/bin/compiler
Configuration file: /opt/ohpc/pub/intel/oneapi-2025.03/compiler/2025.3/bin/compiler/../icx.cfg
Found candidate GCC installation: /opt/ohpc/pub/compiler/gcc/15.1.0/lib/gcc/x86_64-pc-linux-gnu/15.1.0
Selected GCC installation: /opt/ohpc/pub/compiler/gcc/15.1.0/lib/gcc/x86_64-pc-linux-gnu/15.1.0
Candidate multilib: .;@m64
Selected multilib: .;@m64
configure:4425: $? = 0
configure:4414: icx -V >&5
Intel(R) oneAPI DPC++/C++ Compiler for applications running on Intel(R) 64, Version 2025.3.0 Build 20251010
Copyright (C) 1985-2025 Intel Corporation. All rights reserved.

configure:4425: $? = 0
configure:4414: icx -qversion >&5
icx: error: unknown argument '-qversion'; did you mean '--version'?
icx: error: no input files
configure:4425: $? = 1
configure:4445: checking whether the C compiler works
configure:4467: icx    conftest.c  >&5
configure:4471: $? = 0
configure:4519: result: yes
configure:4522: checking for C compiler default output file name
configure:4524: result: a.out
configure:4530: checking for suffix of executables
configure:4537: icx -o conftest    conftest.c  >&5
configure:4541: $? = 0
configure:4563: result: 
configure:4585: checking whether we are cross compiling
configure:4593: icx -o conftest    conftest.c  >&5
configure:4597: $? = 0
configure:4604: ./conftest
configure:4608: $? = 0
configure:4623: result: no
configure:4628: checking for suffix of object files
configure:4650: icx -c   conftest.c >&5
configure:4654: $? = 0
configure:4675: result: o
configure:4679: checking whether we are using the GNU C compiler
configure:4698: icx -c   conftest.c >&5
configure:4698: $? = 0
configure:4707: result: yes
configure:4716: checking whether icx accepts -g
configure:4736: icx -c -g  conftest.c >&5
icx: remark: note that use of '-g' without any optimization-level option will turn off most compiler optimizations similar to use of '-O0'; use '-Rno-debug-disables-optimization' to disable this remark [-Rdebug-disables-optimization]
configure:4736: $? = 0
configure: failed program was:
| /* confdefs.h */
| #define PACKAGE_NAME "fftw"
| #define PACKAGE_TARNAME "fftw"
| #define PACKAGE_VERSION "3.3.6-pl2"
| #define PACKAGE_STRING "fftw 3.3.6-pl2"
| #define PACKAGE_BUGREPORT "fftw@fftw.org"
| #define PACKAGE_URL ""
| #define PACKAGE "fftw"
| #define VERSION "3.3.6-pl2"
| #define FFTW_ENABLE_ALLOCA 1
| #define FFTW_SINGLE 1
| #define BENCHFFT_SINGLE 1
| #define HAVE_AVX 1
| /* end confdefs.h.  */
| 
| int
| main ()
| {
| 
|   ;
|   return 0;
| }
configure:4751: icx -c   conftest.c >&5
configure:4751: $? = 0
configure:4777: result: no
configure:4794: checking for icx option to accept ISO C89
configure:4857: icx  -c -O2  conftest.c >&5
conftest.c:21:14: warning: a function definition without a prototype is deprecated in all versions of C and is not supported in C23 [-Wdeprecated-non-prototype]
   21 | static char *e (p, i)
      |              ^
1 warning generated.
configure:4857: $? = 0
configure:4870: result: none needed
configure:4895: checking whether icx understands -c and -o together
configure:4917: icx -c conftest.c -o conftest2.o
configure:4920: $? = 0
configure:4917: icx -c conftest.c -o conftest2.o
configure:4920: $? = 0
configure:4932: result: yes
configure:4960: checking for style of include used by make
configure:4988: result: GNU
configure:5014: checking dependency style of icx
configure:5125: result: gcc3
configure:5143: checking for C compiler vendor
configure:5167: icx -c -O2  conftest.c >&5
conftest.c:21:7: error: use of undeclared identifier 'thisisanerror'
   21 |       thisisanerror;
      |       ^~~~~~~~~~~~~
1 error generated.
configure:5167: $? = 1
configure: failed program was:
| /* confdefs.h */
| #define PACKAGE_NAME "fftw"
| #define PACKAGE_TARNAME "fftw"
| #define PACKAGE_VERSION "3.3.6-pl2"
| #define PACKAGE_STRING "fftw 3.3.6-pl2"
| #define PACKAGE_BUGREPORT "fftw@fftw.org"
| #define PACKAGE_URL ""
| #define PACKAGE "fftw"
| #define VERSION "3.3.6-pl2"
| #define FFTW_ENABLE_ALLOCA 1
| #define FFTW_SINGLE 1
| #define BENCHFFT_SINGLE 1
| #define HAVE_AVX 1
| /* end confdefs.h.  */
| 
| int
| main ()
| {
| 
| #if !(defined(__ICC) || defined(__ECC) || defined(__INTEL_COMPILER))
|       thisisanerror;
| #endif
| 
|   ;
|   return 0;
| }
configure:5167: icx -c -O2  conftest.c >&5
conftest.c:21:7: error: use of undeclared identifier 'thisisanerror'
   21 |       thisisanerror;
      |       ^~~~~~~~~~~~~
1 error generated.
configure:5167: $? = 1
configure: failed program was:
| /* confdefs.h */
| #define PACKAGE_NAME "fftw"
| #define PACKAGE_TARNAME "fftw"
| #define PACKAGE_VERSION "3.3.6-pl2"
| #define PACKAGE_STRING "fftw 3.3.6-pl2"
| #define PACKAGE_BUGREPORT "fftw@fftw.org"
| #define PACKAGE_URL ""
| #define PACKAGE "fftw"
| #define VERSION "3.3.6-pl2"
| #define FFTW_ENABLE_ALLOCA 1
| #define FFTW_SINGLE 1
| #define BENCHFFT_SINGLE 1
| #define HAVE_AVX 1
| /* end confdefs.h.  */
| 
| int
| main ()
| {
| 
| #if !(defined(__ibmxl__) || defined(__xlc__) || defined(__xlC__) || defined(__IBMC__) || defined(__IBMCPP__))
|       thisisanerror;
| #endif
| 
|   ;
|   return 0;
| }
configure:5167: icx -c -O2  conftest.c >&5
conftest.c:21:7: error: use of undeclared identifier 'thisisanerror'
   21 |       thisisanerror;
      |       ^~~~~~~~~~~~~
1 error generated.
configure:5167: $? = 1
configure: failed program was:
| /* confdefs.h */
| #define PACKAGE_NAME "fftw"
| #define PACKAGE_TARNAME "fftw"
| #define PACKAGE_VERSION "3.3.6-pl2"
| #define PACKAGE_STRING "fftw 3.3.6-pl2"
| #define PACKAGE_BUGREPORT "fftw@fftw.org"
| #define PACKAGE_URL ""
| #define PACKAGE "fftw"
| #define VERSION "3.3.6-pl2"
| #define FFTW_ENABLE_ALLOCA 1
| #define FFTW_SINGLE 1
| #define BENCHFFT_SINGLE 1
| #define HAVE_AVX 1
| /* end confdefs.h.  */
| 
| int
| main ()
| {
| 
| #if !(defined(__PATHCC__) || defined(__PATHSCALE__))
|       thisisanerror;
| #endif
| 
|   ;
|   return 0;
| }
configure:5167: icx -c -O2  conftest.c >&5
configure:5167: $? = 0
configure:5174: result: clang
configure:5181: checking for icx option to accept ISO C99
configure:5330: icx  -c -O2  conftest.c >&5
configure:5330: $? = 0
configure:5343: result: none needed
configure:5451: checking for icx option to accept ISO Standard C
configure:5462: result: none needed
configure:5470: checking whether ln -s works
configure:5474: result: yes
configure:5481: checking whether make sets $(MAKE)
configure:5503: result: yes
configure:5861: checking how to print strings
configure:5888: result: printf
configure:5909: checking for a sed that does not truncate output
configure:5973: result: /usr/bin/sed
configure:5991: checking for grep that handles long lines and -e
configure:6049: result: /usr/bin/grep
configure:6054: checking for egrep
configure:6116: result: /usr/bin/grep -E
configure:6121: checking for fgrep
configure:6183: result: /usr/bin/grep -F
configure:6218: checking for ld used by icx
configure:6285: result: /usr/bin/ld
configure:6292: checking if the linker (/usr/bin/ld) is GNU ld
configure:6307: result: yes
configure:6319: checking for BSD- or MS-compatible name lister (nm)
configure:6373: result: /usr/bin/nm -B
configure:6503: checking the name lister (/usr/bin/nm -B) interface
configure:6510: icx -c -O2  conftest.c >&5
configure:6513: /usr/bin/nm -B "conftest.o"
configure:6516: output
0000000000000000 B some_variable
configure:6523: result: BSD nm
configure:6527: checking the maximum length of command line arguments
configure:6658: result: 4718592
configure:6706: checking how to convert x86_64-pc-linux-gnu file names to x86_64-pc-linux-gnu format
configure:6746: result: func_convert_file_noop
configure:6753: checking how to convert x86_64-pc-linux-gnu file names to toolchain format
configure:6773: result: func_convert_file_noop
configure:6780: checking for /usr/bin/ld option to reload object files
configure:6787: result: -r
configure:6861: checking for objdump
configure:6888: result: objdump
configure:6917: checking how to recognize dependent libraries
configure:7117: result: pass_all
configure:7202: checking for dlltool
configure:7229: result: dlltool
configure:7259: checking how to associate runtime and link libraries
configure:7286: result: printf %s\n
configure:7346: checking for ar
configure:7362: found /usr/bin/ar
configure:7373: result: ar
configure:7410: checking for archiver @FILE support
configure:7427: icx -c -O2  conftest.c >&5
configure:7427: $? = 0
configure:7430: ar cru libconftest.a @conftest.lst >&5
configure:7433: $? = 0
configure:7438: ar cru libconftest.a @conftest.lst >&5
ar: conftest.o: No such file or directory
configure:7441: $? = 1
configure:7453: result: @
configure:7511: checking for strip
configure:7527: found /usr/bin/strip
configure:7538: result: strip
configure:7610: checking for ranlib
configure:7626: found /usr/bin/ranlib
configure:7637: result: ranlib
configure:7739: checking command to parse /usr/bin/nm -B output from icx object
configure:7892: icx -c -O2  conftest.c >&5
configure:7895: $? = 0
configure:7899: /usr/bin/nm -B conftest.o \| sed -n -e 's/^.*[ ]\([ABCDGIRSTW][ABCDGIRSTW]*\)[ ][ ]*\([_A-Za-z][_A-Za-z0-9]*\)$/\1 \2 \2/p' | sed '/ __gnu_lto/d' \> conftest.nm
configure:7902: $? = 0
configure:7968: icx -o conftest -O2   conftest.c conftstm.o >&5
configure:7971: $? = 0
configure:8009: result: ok
configure:8056: checking for sysroot
configure:8086: result: no
configure:8093: checking for a working dd
configure:8131: result: /usr/bin/dd
configure:8135: checking how to truncate binary pipes
configure:8150: result: /usr/bin/dd bs=4096 count=1
configure:8286: icx -c -O2  conftest.c >&5
configure:8289: $? = 0
configure:8479: checking for mt
configure:8509: result: no
configure:8529: checking if : is a manifest tool
configure:8535: : '-?'
configure:8543: result: no
configure:9220: checking how to run the C preprocessor
configure:9290: result: cpp
configure:9310: cpp  conftest.c
configure:9310: $? = 0
configure:9324: cpp  conftest.c
conftest.c:15:10: fatal error: ac_nonexistent.h: No such file or directory
   15 | #include <ac_nonexistent.h>
      |          ^~~~~~~~~~~~~~~~~~
compilation terminated.
configure:9324: $? = 1
configure: failed program was:
| /* confdefs.h */
| #define PACKAGE_NAME "fftw"
| #define PACKAGE_TARNAME "fftw"
| #define PACKAGE_VERSION "3.3.6-pl2"
| #define PACKAGE_STRING "fftw 3.3.6-pl2"
| #define PACKAGE_BUGREPORT "fftw@fftw.org"
| #define PACKAGE_URL ""
| #define PACKAGE "fftw"
| #define VERSION "3.3.6-pl2"
| #define FFTW_ENABLE_ALLOCA 1
| #define FFTW_SINGLE 1
| #define BENCHFFT_SINGLE 1
| #define HAVE_AVX 1
| /* end confdefs.h.  */
| #include <ac_nonexistent.h>
configure:9353: checking for ANSI C header files
configure:9373: icx -c -O2  conftest.c >&5
configure:9373: $? = 0
configure:9446: icx -o conftest -O2   conftest.c  >&5
configure:9446: $? = 0
configure:9446: ./conftest
configure:9446: $? = 0
configure:9457: result: yes
configure:9470: checking for sys/types.h
configure:9470: icx -c -O2  conftest.c >&5
configure:9470: $? = 0
configure:9470: result: yes
configure:9470: checking for sys/stat.h
configure:9470: icx -c -O2  conftest.c >&5
configure:9470: $? = 0
configure:9470: result: yes
configure:9470: checking for stdlib.h
configure:9470: icx -c -O2  conftest.c >&5
configure:9470: $? = 0
configure:9470: result: yes
configure:9470: checking for string.h
configure:9470: icx -c -O2  conftest.c >&5
configure:9470: $? = 0
configure:9470: result: yes
configure:9470: checking for memory.h
configure:9470: icx -c -O2  conftest.c >&5
configure:9470: $? = 0
configure:9470: result: yes
configure:9470: checking for strings.h
configure:9470: icx -c -O2  conftest.c >&5
configure:9470: $? = 0
configure:9470: result: yes
configure:9470: checking for inttypes.h
configure:9470: icx -c -O2  conftest.c >&5
configure:9470: $? = 0
configure:9470: result: yes
configure:9470: checking for stdint.h
configure:9470: icx -c -O2  conftest.c >&5
configure:9470: $? = 0
configure:9470: result: yes
configure:9470: checking for unistd.h
configure:9470: icx -c -O2  conftest.c >&5
configure:9470: $? = 0
configure:9470: result: yes
configure:9484: checking for dlfcn.h
configure:9484: icx -c -O2  conftest.c >&5
configure:9484: $? = 0
configure:9484: result: yes
configure:9708: checking for objdir
configure:9723: result: .libs
configure:9987: checking if icx supports -fno-rtti -fno-exceptions
configure:10005: icx -c -O2  -fno-rtti -fno-exceptions conftest.c >&5
configure:10009: $? = 0
configure:10022: result: yes
configure:10380: checking for icx option to produce PIC
configure:10387: result: -fPIC -DPIC
configure:10395: checking if icx PIC flag -fPIC -DPIC works
configure:10413: icx -c -O2  -fPIC -DPIC -DPIC conftest.c >&5
configure:10417: $? = 0
configure:10430: result: yes
configure:10459: checking if icx static flag -static works
configure:10487: result: no
configure:10502: checking if icx supports -c -o file.o
configure:10523: icx -c -O2  -o out/conftest2.o conftest.c >&5
configure:10527: $? = 0
configure:10549: result: yes
configure:10557: checking if icx supports -c -o file.o
configure:10604: result: yes
configure:10637: checking whether the icx linker (/usr/bin/ld -m elf_x86_64) supports shared libraries
configure:11900: result: yes
configure:12140: checking dynamic linker characteristics
configure:12721: icx -o conftest -O2   -Wl,-rpath -Wl,/foo conftest.c  >&5
configure:12721: $? = 0
configure:12970: result: GNU/Linux ld.so
configure:13092: checking how to hardcode library paths into programs
configure:13117: result: immediate
configure:13665: checking whether stripping libraries is possible
configure:13670: result: yes
configure:13705: checking if libtool supports shared libraries
configure:13707: result: yes
configure:13710: checking whether to build shared libraries
configure:13735: result: no
configure:13738: checking whether to build static libraries
configure:13742: result: yes
configure:13782: checking for ocamlbuild
configure:13812: result: no
configure:13840: checking for mpicc
configure:13867: result: mpiicx
configure:13885: checking for MPI_Init
configure:13885: mpiicx -o conftest -O2   conftest.c  >&5
configure:13885: $? = 0
configure:13885: result: yes
configure:13977: checking for mpi.h
configure:13990: mpiicx -c -O2  conftest.c >&5
configure:13990: $? = 0
configure:13991: result: yes
configure:14018: checking for mpirun
configure:14034: found /opt/ohpc/pub/intel/oneapi-2025.03/mpi/2021.17/bin/mpirun
configure:14045: result: mpirun
configure:14061: checking size of MPI_Fint
configure:14066: mpiicx -o conftest -O2   conftest.c  >&5
configure:14066: $? = 0
configure:14066: ./conftest
configure:14066: $? = 0
configure:14081: result: 4
configure:14281: checking whether C compiler accepts -mtune=native
configure:14300: icx -c -mtune=native  conftest.c >&5
configure:14300: $? = 0
configure:14310: result: yes
configure:14318: checking whether C compiler accepts -fstrict-aliasing
configure:14337: icx -c -fstrict-aliasing  conftest.c >&5
configure:14337: $? = 0
configure:14347: result: yes
configure:14355: checking whether C compiler accepts -ffast-math
configure:14374: icx -c -ffast-math  conftest.c >&5
configure:14374: $? = 0
configure:14384: result: yes
configure:14766: checking whether C compiler accepts -O3 -fomit-frame-pointer -mtune=native -fstrict-aliasing -ffast-math
configure:14781: icx -c -O3 -fomit-frame-pointer -mtune=native -fstrict-aliasing -ffast-math  conftest.c >&5
configure:14781: $? = 0
configure:14789: result: yes
configure:15499: checking whether C compiler accepts -mavx
configure:15518: icx -c -mavx  conftest.c >&5
configure:15518: $? = 0
configure:15528: result: yes
configure:15787: checking for ANSI C header files
configure:15891: result: yes
configure:15902: checking libintl.h usability
configure:15902: icx -c -O3 -fomit-frame-pointer -mtune=native -fstrict-aliasing -ffast-math  conftest.c >&5
configure:15902: $? = 0
configure:15902: result: yes
configure:15902: checking libintl.h presence
configure:15902: cpp  conftest.c
configure:15902: $? = 0
configure:15902: result: yes
configure:15902: checking for libintl.h
configure:15902: result: yes
configure:15902: checking malloc.h usability
configure:15902: icx -c -O3 -fomit-frame-pointer -mtune=native -fstrict-aliasing -ffast-math  conftest.c >&5
configure:15902: $? = 0
configure:15902: result: yes
configure:15902: checking malloc.h presence
configure:15902: cpp  conftest.c
configure:15902: $? = 0
configure:15902: result: yes
configure:15902: checking for malloc.h
configure:15902: result: yes
configure:15902: checking stddef.h usability
configure:15902: icx -c -O3 -fomit-frame-pointer -mtune=native -fstrict-aliasing -ffast-math  conftest.c >&5
configure:15902: $? = 0
configure:15902: result: yes
configure:15902: checking stddef.h presence
configure:15902: cpp  conftest.c
configure:15902: $? = 0
configure:15902: result: yes
configure:15902: checking for stddef.h
configure:15902: result: yes
configure:15902: checking for stdlib.h
configure:15902: result: yes
configure:15902: checking for string.h
configure:15902: result: yes
configure:15902: checking for strings.h
configure:15902: result: yes
configure:15902: checking sys/time.h usability
configure:15902: icx -c -O3 -fomit-frame-pointer -mtune=native -fstrict-aliasing -ffast-math  conftest.c >&5
configure:15902: $? = 0
configure:15902: result: yes
configure:15902: checking sys/time.h presence
configure:15902: cpp  conftest.c
configure:15902: $? = 0
configure:15902: result: yes
configure:15902: checking for sys/time.h
configure:15902: result: yes
configure:15902: checking for unistd.h
configure:15902: result: yes
configure:15902: checking limits.h usability
configure:15902: icx -c -O3 -fomit-frame-pointer -mtune=native -fstrict-aliasing -ffast-math  conftest.c >&5
configure:15902: $? = 0
configure:15902: result: yes
configure:15902: checking limits.h presence
configure:15902: cpp  conftest.c
configure:15902: $? = 0
configure:15902: result: yes
configure:15902: checking for limits.h
configure:15902: result: yes
configure:15902: checking c_asm.h usability
configure:15902: icx -c -O3 -fomit-frame-pointer -mtune=native -fstrict-aliasing -ffast-math  conftest.c >&5
conftest.c:72:10: fatal error: 'c_asm.h' file not found
   72 | #include <c_asm.h>
      |          ^~~~~~~~~
1 error generated.
configure:15902: $? = 1
configure: failed program was:
| /* confdefs.h */
| #define PACKAGE_NAME "fftw"
| #define PACKAGE_TARNAME "fftw"
| #define PACKAGE_VERSION "3.3.6-pl2"
| #define PACKAGE_STRING "fftw 3.3.6-pl2"
| #define PACKAGE_BUGREPORT "fftw@fftw.org"
| #define PACKAGE_URL ""
| #define PACKAGE "fftw"
| #define VERSION "3.3.6-pl2"
| #define FFTW_ENABLE_ALLOCA 1
| #define FFTW_SINGLE 1
| #define BENCHFFT_SINGLE 1
| #define HAVE_AVX 1
| #define STDC_HEADERS 1
| #define HAVE_SYS_TYPES_H 1
| #define HAVE_SYS_STAT_H 1
| #define HAVE_STDLIB_H 1
| #define HAVE_STRING_H 1
| #define HAVE_MEMORY_H 1
| #define HAVE_STRINGS_H 1
| #define HAVE_INTTYPES_H 1
| #define HAVE_STDINT_H 1
| #define HAVE_UNISTD_H 1
| #define HAVE_DLFCN_H 1
| #define LT_OBJDIR ".libs/"
| #define HAVE_MPI 1
| #define SIZEOF_MPI_FINT 4
| #define STDC_HEADERS 1
| #define HAVE_LIBINTL_H 1
| #define HAVE_MALLOC_H 1
| #define HAVE_STDDEF_H 1
| #define HAVE_STDLIB_H 1
| #define HAVE_STRING_H 1
| #define HAVE_STRINGS_H 1
| #define HAVE_SYS_TIME_H 1
| #define HAVE_UNISTD_H 1
| #define HAVE_LIMITS_H 1
| /* end confdefs.h.  */
| #include <stdio.h>
| #ifdef HAVE_SYS_TYPES_H
| # include <sys/types.h>
| #endif
| #ifdef HAVE_SYS_STAT_H
| # include <sys/stat.h>
| #endif
| #ifdef STDC_HEADERS
| # include <stdlib.h>
| # include <stddef.h>
| #else
| # ifdef HAVE_STDLIB_H
| #  include <stdlib.h>
| # endif
| #endif
| #ifdef HAVE_STRING_H
| # if !defined STDC_HEADERS && defined HAVE_MEMORY_H
| #  include <memory.h>
| # endif
| # include <string.h>
| #endif
| #ifdef HAVE_STRINGS_H
| # include <strings.h>
| #endif
| #ifdef HAVE_INTTYPES_H
| # include <inttypes.h>
| #endif
| #ifdef HAVE_STDINT_H
| # include <stdint.h>
| #endif
| #ifdef HAVE_UNISTD_H
| # include <unistd.h>
| #endif
| #include <c_asm.h>
configure:15902: result: no
configure:15902: checking c_asm.h presence
configure:15902: cpp  conftest.c
conftest.c:39:10: fatal error: c_asm.h: No such file or directory
   39 | #include <c_asm.h>
      |          ^~~~~~~~~
compilation terminated.
configure:15902: $? = 1
configure: failed program was:
| /* confdefs.h */
| #define PACKAGE_NAME "fftw"
| #define PACKAGE_TARNAME "fftw"
| #define PACKAGE_VERSION "3.3.6-pl2"
| #define PACKAGE_STRING "fftw 3.3.6-pl2"
| #define PACKAGE_BUGREPORT "fftw@fftw.org"
| #define PACKAGE_URL ""
| #define PACKAGE "fftw"
| #define VERSION "3.3.6-pl2"
| #define FFTW_ENABLE_ALLOCA 1
| #define FFTW_SINGLE 1
| #define BENCHFFT_SINGLE 1
| #define HAVE_AVX 1
| #define STDC_HEADERS 1
| #define HAVE_SYS_TYPES_H 1
| #define HAVE_SYS_STAT_H 1
| #define HAVE_STDLIB_H 1
| #define HAVE_STRING_H 1
| #define HAVE_MEMORY_H 1
| #define HAVE_STRINGS_H 1
| #define HAVE_INTTYPES_H 1
| #define HAVE_STDINT_H 1
| #define HAVE_UNISTD_H 1
| #define HAVE_DLFCN_H 1
| #define LT_OBJDIR ".libs/"
| #define HAVE_MPI 1
| #define SIZEOF_MPI_FINT 4
| #define STDC_HEADERS 1
| #define HAVE_LIBINTL_H 1
| #define HAVE_MALLOC_H 1
| #define HAVE_STDDEF_H 1
| #define HAVE_STDLIB_H 1
| #define HAVE_STRING_H 1
| #define HAVE_STRINGS_H 1
| #define HAVE_SYS_TIME_H 1
| #define HAVE_UNISTD_H 1
| #define HAVE_LIMITS_H 1
| /* end confdefs.h.  */
| #include <c_asm.h>
configure:15902: result: no
configure:15902: checking for c_asm.h
configure:15902: result: no
configure:15902: checking intrinsics.h usability
configure:15902: icx -c -O3 -fomit-frame-pointer -mtune=native -fstrict-aliasing -ffast-math  conftest.c >&5
conftest.c:72:10: fatal error: 'intrinsics.h' file not found
   72 | #include <intrinsics.h>
      |          ^~~~~~~~~~~~~~
1 error generated.
configure:15902: $? = 1
configure: failed program was:
| /* confdefs.h */
| #define PACKAGE_NAME "fftw"
| #define PACKAGE_TARNAME "fftw"
| #define PACKAGE_VERSION "3.3.6-pl2"
| #define PACKAGE_STRING "fftw 3.3.6-pl2"
| #define PACKAGE_BUGREPORT "fftw@fftw.org"
| #define PACKAGE_URL ""
| #define PACKAGE "fftw"
| #define VERSION "3.3.6-pl2"
| #define FFTW_ENABLE_ALLOCA 1
| #define FFTW_SINGLE 1
| #define BENCHFFT_SINGLE 1
| #define HAVE_AVX 1
| #define STDC_HEADERS 1
| #define HAVE_SYS_TYPES_H 1
| #define HAVE_SYS_STAT_H 1
| #define HAVE_STDLIB_H 1
| #define HAVE_STRING_H 1
| #define HAVE_MEMORY_H 1
| #define HAVE_STRINGS_H 1
| #define HAVE_INTTYPES_H 1
| #define HAVE_STDINT_H 1
| #define HAVE_UNISTD_H 1
| #define HAVE_DLFCN_H 1
| #define LT_OBJDIR ".libs/"
| #define HAVE_MPI 1
| #define SIZEOF_MPI_FINT 4
| #define STDC_HEADERS 1
| #define HAVE_LIBINTL_H 1
| #define HAVE_MALLOC_H 1
| #define HAVE_STDDEF_H 1
| #define HAVE_STDLIB_H 1
| #define HAVE_STRING_H 1
| #define HAVE_STRINGS_H 1
| #define HAVE_SYS_TIME_H 1
| #define HAVE_UNISTD_H 1
| #define HAVE_LIMITS_H 1
| /* end confdefs.h.  */
| #include <stdio.h>
| #ifdef HAVE_SYS_TYPES_H
| # include <sys/types.h>
| #endif
| #ifdef HAVE_SYS_STAT_H
| # include <sys/stat.h>
| #endif
| #ifdef STDC_HEADERS
| # include <stdlib.h>
| # include <stddef.h>
| #else
| # ifdef HAVE_STDLIB_H
| #  include <stdlib.h>
| # endif
| #endif
| #ifdef HAVE_STRING_H
| # if !defined STDC_HEADERS && defined HAVE_MEMORY_H
| #  include <memory.h>
| # endif
| # include <string.h>
| #endif
| #ifdef HAVE_STRINGS_H
| # include <strings.h>
| #endif
| #ifdef HAVE_INTTYPES_H
| # include <inttypes.h>
| #endif
| #ifdef HAVE_STDINT_H
| # include <stdint.h>
| #endif
| #ifdef HAVE_UNISTD_H
| # include <unistd.h>
| #endif
| #include <intrinsics.h>
configure:15902: result: no
configure:15902: checking intrinsics.h presence
configure:15902: cpp  conftest.c
conftest.c:39:10: fatal error: intrinsics.h: No such file or directory
   39 | #include <intrinsics.h>
      |          ^~~~~~~~~~~~~~
compilation terminated.
configure:15902: $? = 1
configure: failed program was:
| /* confdefs.h */
| #define PACKAGE_NAME "fftw"
| #define PACKAGE_TARNAME "fftw"
| #define PACKAGE_VERSION "3.3.6-pl2"
| #define PACKAGE_STRING "fftw 3.3.6-pl2"
| #define PACKAGE_BUGREPORT "fftw@fftw.org"
| #define PACKAGE_URL ""
| #define PACKAGE "fftw"
| #define VERSION "3.3.6-pl2"
| #define FFTW_ENABLE_ALLOCA 1
| #define FFTW_SINGLE 1
| #define BENCHFFT_SINGLE 1
| #define HAVE_AVX 1
| #define STDC_HEADERS 1
| #define HAVE_SYS_TYPES_H 1
| #define HAVE_SYS_STAT_H 1
| #define HAVE_STDLIB_H 1
| #define HAVE_STRING_H 1
| #define HAVE_MEMORY_H 1
| #define HAVE_STRINGS_H 1
| #define HAVE_INTTYPES_H 1
| #define HAVE_STDINT_H 1
| #define HAVE_UNISTD_H 1
| #define HAVE_DLFCN_H 1
| #define LT_OBJDIR ".libs/"
| #define HAVE_MPI 1
| #define SIZEOF_MPI_FINT 4
| #define STDC_HEADERS 1
| #define HAVE_LIBINTL_H 1
| #define HAVE_MALLOC_H 1
| #define HAVE_STDDEF_H 1
| #define HAVE_STDLIB_H 1
| #define HAVE_STRING_H 1
| #define HAVE_STRINGS_H 1
| #define HAVE_SYS_TIME_H 1
| #define HAVE_UNISTD_H 1
| #define HAVE_LIMITS_H 1
| /* end confdefs.h.  */
| #include <intrinsics.h>
configure:15902: result: no
configure:15902: checking for intrinsics.h
configure:15902: result: no
configure:15902: checking for stdint.h
configure:15902: result: yes
configure:15902: checking mach/mach_time.h usability
configure:15902: icx -c -O3 -fomit-frame-pointer -mtune=native -fstrict-aliasing -ffast-math  conftest.c >&5
conftest.c:73:10: fatal error: 'mach/mach_time.h' file not found
   73 | #include <mach/mach_time.h>
      |          ^~~~~~~~~~~~~~~~~~
1 error generated.
configure:15902: $? = 1
configure: failed program was:
| /* confdefs.h */
| #define PACKAGE_NAME "fftw"
| #define PACKAGE_TARNAME "fftw"
| #define PACKAGE_VERSION "3.3.6-pl2"
| #define PACKAGE_STRING "fftw 3.3.6-pl2"
| #define PACKAGE_BUGREPORT "fftw@fftw.org"
| #define PACKAGE_URL ""
| #define PACKAGE "fftw"
| #define VERSION "3.3.6-pl2"
| #define FFTW_ENABLE_ALLOCA 1
| #define FFTW_SINGLE 1
| #define BENCHFFT_SINGLE 1
| #define HAVE_AVX 1
| #define STDC_HEADERS 1
| #define HAVE_SYS_TYPES_H 1
| #define HAVE_SYS_STAT_H 1
| #define HAVE_STDLIB_H 1
| #define HAVE_STRING_H 1
| #define HAVE_MEMORY_H 1
| #define HAVE_STRINGS_H 1
| #define HAVE_INTTYPES_H 1
| #define HAVE_STDINT_H 1
| #define HAVE_UNISTD_H 1
| #define HAVE_DLFCN_H 1
| #define LT_OBJDIR ".libs/"
| #define HAVE_MPI 1
| #define SIZEOF_MPI_FINT 4
| #define STDC_HEADERS 1
| #define HAVE_LIBINTL_H 1
| #define HAVE_MALLOC_H 1
| #define HAVE_STDDEF_H 1
| #define HAVE_STDLIB_H 1
| #define HAVE_STRING_H 1
| #define HAVE_STRINGS_H 1
| #define HAVE_SYS_TIME_H 1
| #define HAVE_UNISTD_H 1
| #define HAVE_LIMITS_H 1
| #define HAVE_STDINT_H 1
| /* end confdefs.h.  */
| #include <stdio.h>
| #ifdef HAVE_SYS_TYPES_H
| # include <sys/types.h>
| #endif
| #ifdef HAVE_SYS_STAT_H
| # include <sys/stat.h>
| #endif
| #ifdef STDC_HEADERS
| # include <stdlib.h>
| # include <stddef.h>
| #else
| # ifdef HAVE_STDLIB_H
| #  include <stdlib.h>
| # endif
| #endif
| #ifdef HAVE_STRING_H
| # if !defined STDC_HEADERS && defined HAVE_MEMORY_H
| #  include <memory.h>
| # endif
| # include <string.h>
| #endif
| #ifdef HAVE_STRINGS_H
| # include <strings.h>
| #endif
| #ifdef HAVE_INTTYPES_H
| # include <inttypes.h>
| #endif
| #ifdef HAVE_STDINT_H
| # include <stdint.h>
| #endif
| #ifdef HAVE_UNISTD_H
| # include <unistd.h>
| #endif
| #include <mach/mach_time.h>
configure:15902: result: no
configure:15902: checking mach/mach_time.h presence
configure:15902: cpp  conftest.c
conftest.c:40:10: fatal error: mach/mach_time.h: No such file or directory
   40 | #include <mach/mach_time.h>
      |          ^~~~~~~~~~~~~~~~~~
compilation terminated.
configure:15902: $? = 1
configure: failed program was:
| /* confdefs.h */
| #define PACKAGE_NAME "fftw"
| #define PACKAGE_TARNAME "fftw"
| #define PACKAGE_VERSION "3.3.6-pl2"
| #define PACKAGE_STRING "fftw 3.3.6-pl2"
| #define PACKAGE_BUGREPORT "fftw@fftw.org"
| #define PACKAGE_URL ""
| #define PACKAGE "fftw"
| #define VERSION "3.3.6-pl2"
| #define FFTW_ENABLE_ALLOCA 1
| #define FFTW_SINGLE 1
| #define BENCHFFT_SINGLE 1
| #define HAVE_AVX 1
| #define STDC_HEADERS 1
| #define HAVE_SYS_TYPES_H 1
| #define HAVE_SYS_STAT_H 1
| #define HAVE_STDLIB_H 1
| #define HAVE_STRING_H 1
| #define HAVE_MEMORY_H 1
| #define HAVE_STRINGS_H 1
| #define HAVE_INTTYPES_H 1
| #define HAVE_STDINT_H 1
| #define HAVE_UNISTD_H 1
| #define HAVE_DLFCN_H 1
| #define LT_OBJDIR ".libs/"
| #define HAVE_MPI 1
| #define SIZEOF_MPI_FINT 4
| #define STDC_HEADERS 1
| #define HAVE_LIBINTL_H 1
| #define HAVE_MALLOC_H 1
| #define HAVE_STDDEF_H 1
| #define HAVE_STDLIB_H 1
| #define HAVE_STRING_H 1
| #define HAVE_STRINGS_H 1
| #define HAVE_SYS_TIME_H 1
| #define HAVE_UNISTD_H 1
| #define HAVE_LIMITS_H 1
| #define HAVE_STDINT_H 1
| /* end confdefs.h.  */
| #include <mach/mach_time.h>
configure:15902: result: no
configure:15902: checking for mach/mach_time.h
configure:15902: result: no
configure:15902: checking sys/sysctl.h usability
configure:15902: icx -c -O3 -fomit-frame-pointer -mtune=native -fstrict-aliasing -ffast-math  conftest.c >&5
conftest.c:73:10: fatal error: 'sys/sysctl.h' file not found
   73 | #include <sys/sysctl.h>
      |          ^~~~~~~~~~~~~~
1 error generated.
configure:15902: $? = 1
configure: failed program was:
| /* confdefs.h */
| #define PACKAGE_NAME "fftw"
| #define PACKAGE_TARNAME "fftw"
| #define PACKAGE_VERSION "3.3.6-pl2"
| #define PACKAGE_STRING "fftw 3.3.6-pl2"
| #define PACKAGE_BUGREPORT "fftw@fftw.org"
| #define PACKAGE_URL ""
| #define PACKAGE "fftw"
| #define VERSION "3.3.6-pl2"
| #define FFTW_ENABLE_ALLOCA 1
| #define FFTW_SINGLE 1
| #define BENCHFFT_SINGLE 1
| #define HAVE_AVX 1
| #define STDC_HEADERS 1
| #define HAVE_SYS_TYPES_H 1
| #define HAVE_SYS_STAT_H 1
| #define HAVE_STDLIB_H 1
| #define HAVE_STRING_H 1
| #define HAVE_MEMORY_H 1
| #define HAVE_STRINGS_H 1
| #define HAVE_INTTYPES_H 1
| #define HAVE_STDINT_H 1
| #define HAVE_UNISTD_H 1
| #define HAVE_DLFCN_H 1
| #define LT_OBJDIR ".libs/"
| #define HAVE_MPI 1
| #define SIZEOF_MPI_FINT 4
| #define STDC_HEADERS 1
| #define HAVE_LIBINTL_H 1
| #define HAVE_MALLOC_H 1
| #define HAVE_STDDEF_H 1
| #define HAVE_STDLIB_H 1
| #define HAVE_STRING_H 1
| #define HAVE_STRINGS_H 1
| #define HAVE_SYS_TIME_H 1
| #define HAVE_UNISTD_H 1
| #define HAVE_LIMITS_H 1
| #define HAVE_STDINT_H 1
| /* end confdefs.h.  */
| #include <stdio.h>
| #ifdef HAVE_SYS_TYPES_H
| # include <sys/types.h>
| #endif
| #ifdef HAVE_SYS_STAT_H
| # include <sys/stat.h>
| #endif
| #ifdef STDC_HEADERS
| # include <stdlib.h>
| # include <stddef.h>
| #else
| # ifdef HAVE_STDLIB_H
| #  include <stdlib.h>
| # endif
| #endif
| #ifdef HAVE_STRING_H
| # if !defined STDC_HEADERS && defined HAVE_MEMORY_H
| #  include <memory.h>
| # endif
| # include <string.h>
| #endif
| #ifdef HAVE_STRINGS_H
| # include <strings.h>
| #endif
| #ifdef HAVE_INTTYPES_H
| # include <inttypes.h>
| #endif
| #ifdef HAVE_STDINT_H
| # include <stdint.h>
| #endif
| #ifdef HAVE_UNISTD_H
| # include <unistd.h>
| #endif
| #include <sys/sysctl.h>
configure:15902: result: no
configure:15902: checking sys/sysctl.h presence
configure:15902: cpp  conftest.c
conftest.c:40:10: fatal error: sys/sysctl.h: No such file or directory
   40 | #include <sys/sysctl.h>
      |          ^~~~~~~~~~~~~~
compilation terminated.
configure:15902: $? = 1
configure: failed program was:
| /* confdefs.h */
| #define PACKAGE_NAME "fftw"
| #define PACKAGE_TARNAME "fftw"
| #define PACKAGE_VERSION "3.3.6-pl2"
| #define PACKAGE_STRING "fftw 3.3.6-pl2"
| #define PACKAGE_BUGREPORT "fftw@fftw.org"
| #define PACKAGE_URL ""
| #define PACKAGE "fftw"
| #define VERSION "3.3.6-pl2"
| #define FFTW_ENABLE_ALLOCA 1
| #define FFTW_SINGLE 1
| #define BENCHFFT_SINGLE 1
| #define HAVE_AVX 1
| #define STDC_HEADERS 1
| #define HAVE_SYS_TYPES_H 1
| #define HAVE_SYS_STAT_H 1
| #define HAVE_STDLIB_H 1
| #define HAVE_STRING_H 1
| #define HAVE_MEMORY_H 1
| #define HAVE_STRINGS_H 1
| #define HAVE_INTTYPES_H 1
| #define HAVE_STDINT_H 1
| #define HAVE_UNISTD_H 1
| #define HAVE_DLFCN_H 1
| #define LT_OBJDIR ".libs/"
| #define HAVE_MPI 1
| #define SIZEOF_MPI_FINT 4
| #define STDC_HEADERS 1
| #define HAVE_LIBINTL_H 1
| #define HAVE_MALLOC_H 1
| #define HAVE_STDDEF_H 1
| #define HAVE_STDLIB_H 1
| #define HAVE_STRING_H 1
| #define HAVE_STRINGS_H 1
| #define HAVE_SYS_TIME_H 1
| #define HAVE_UNISTD_H 1
| #define HAVE_LIMITS_H 1
| #define HAVE_STDINT_H 1
| /* end confdefs.h.  */
| #include <sys/sysctl.h>
configure:15902: result: no
configure:15902: checking for sys/sysctl.h
configure:15902: result: no
configure:15919: checking altivec.h usability
configure:15919: icx -c -O3 -fomit-frame-pointer -mtune=native -fstrict-aliasing -ffast-math      conftest.c >&5
conftest.c:73:10: fatal error: 'altivec.h' file not found
   73 | #include <altivec.h>
      |          ^~~~~~~~~~~
1 error generated.
configure:15919: $? = 1
configure: failed program was:
| /* confdefs.h */
| #define PACKAGE_NAME "fftw"
| #define PACKAGE_TARNAME "fftw"
| #define PACKAGE_VERSION "3.3.6-pl2"
| #define PACKAGE_STRING "fftw 3.3.6-pl2"
| #define PACKAGE_BUGREPORT "fftw@fftw.org"
| #define PACKAGE_URL ""
| #define PACKAGE "fftw"
| #define VERSION "3.3.6-pl2"
| #define FFTW_ENABLE_ALLOCA 1
| #define FFTW_SINGLE 1
| #define BENCHFFT_SINGLE 1
| #define HAVE_AVX 1
| #define STDC_HEADERS 1
| #define HAVE_SYS_TYPES_H 1
| #define HAVE_SYS_STAT_H 1
| #define HAVE_STDLIB_H 1
| #define HAVE_STRING_H 1
| #define HAVE_MEMORY_H 1
| #define HAVE_STRINGS_H 1
| #define HAVE_INTTYPES_H 1
| #define HAVE_STDINT_H 1
| #define HAVE_UNISTD_H 1
| #define HAVE_DLFCN_H 1
| #define LT_OBJDIR ".libs/"
| #define HAVE_MPI 1
| #define SIZEOF_MPI_FINT 4
| #define STDC_HEADERS 1
| #define HAVE_LIBINTL_H 1
| #define HAVE_MALLOC_H 1
| #define HAVE_STDDEF_H 1
| #define HAVE_STDLIB_H 1
| #define HAVE_STRING_H 1
| #define HAVE_STRINGS_H 1
| #define HAVE_SYS_TIME_H 1
| #define HAVE_UNISTD_H 1
| #define HAVE_LIMITS_H 1
| #define HAVE_STDINT_H 1
| /* end confdefs.h.  */
| #include <stdio.h>
| #ifdef HAVE_SYS_TYPES_H
| # include <sys/types.h>
| #endif
| #ifdef HAVE_SYS_STAT_H
| # include <sys/stat.h>
| #endif
| #ifdef STDC_HEADERS
| # include <stdlib.h>
| # include <stddef.h>
| #else
| # ifdef HAVE_STDLIB_H
| #  include <stdlib.h>
| # endif
| #endif
| #ifdef HAVE_STRING_H
| # if !defined STDC_HEADERS && defined HAVE_MEMORY_H
| #  include <memory.h>
| # endif
| # include <string.h>
| #endif
| #ifdef HAVE_STRINGS_H
| # include <strings.h>
| #endif
| #ifdef HAVE_INTTYPES_H
| # include <inttypes.h>
| #endif
| #ifdef HAVE_STDINT_H
| # include <stdint.h>
| #endif
| #ifdef HAVE_UNISTD_H
| # include <unistd.h>
| #endif
| #include <altivec.h>
configure:15919: result: no
configure:15919: checking altivec.h presence
configure:15919: cpp    conftest.c
conftest.c:40:10: fatal error: altivec.h: No such file or directory
   40 | #include <altivec.h>
      |          ^~~~~~~~~~~
compilation terminated.
configure:15919: $? = 1
configure: failed program was:
| /* confdefs.h */
| #define PACKAGE_NAME "fftw"
| #define PACKAGE_TARNAME "fftw"
| #define PACKAGE_VERSION "3.3.6-pl2"
| #define PACKAGE_STRING "fftw 3.3.6-pl2"
| #define PACKAGE_BUGREPORT "fftw@fftw.org"
| #define PACKAGE_URL ""
| #define PACKAGE "fftw"
| #define VERSION "3.3.6-pl2"
| #define FFTW_ENABLE_ALLOCA 1
| #define FFTW_SINGLE 1
| #define BENCHFFT_SINGLE 1
| #define HAVE_AVX 1
| #define STDC_HEADERS 1
| #define HAVE_SYS_TYPES_H 1
| #define HAVE_SYS_STAT_H 1
| #define HAVE_STDLIB_H 1
| #define HAVE_STRING_H 1
| #define HAVE_MEMORY_H 1
| #define HAVE_STRINGS_H 1
| #define HAVE_INTTYPES_H 1
| #define HAVE_STDINT_H 1
| #define HAVE_UNISTD_H 1
| #define HAVE_DLFCN_H 1
| #define LT_OBJDIR ".libs/"
| #define HAVE_MPI 1
| #define SIZEOF_MPI_FINT 4
| #define STDC_HEADERS 1
| #define HAVE_LIBINTL_H 1
| #define HAVE_MALLOC_H 1
| #define HAVE_STDDEF_H 1
| #define HAVE_STDLIB_H 1
| #define HAVE_STRING_H 1
| #define HAVE_STRINGS_H 1
| #define HAVE_SYS_TIME_H 1
| #define HAVE_UNISTD_H 1
| #define HAVE_LIMITS_H 1
| #define HAVE_STDINT_H 1
| /* end confdefs.h.  */
| #include <altivec.h>
configure:15919: result: no
configure:15919: checking for altivec.h
configure:15919: result: no
configure:15932: checking for an ANSI C-conforming const
configure:15998: icx -c -O3 -fomit-frame-pointer -mtune=native -fstrict-aliasing -ffast-math  conftest.c >&5
configure:15998: $? = 0
configure:16005: result: yes
configure:16013: checking for inline
configure:16029: icx -c -O3 -fomit-frame-pointer -mtune=native -fstrict-aliasing -ffast-math  conftest.c >&5
configure:16029: $? = 0
configure:16037: result: inline
configure:16055: checking for size_t
configure:16055: icx -c -O3 -fomit-frame-pointer -mtune=native -fstrict-aliasing -ffast-math  conftest.c >&5
configure:16055: $? = 0
configure:16055: icx -c -O3 -fomit-frame-pointer -mtune=native -fstrict-aliasing -ffast-math  conftest.c >&5
conftest.c:76:21: error: expected expression
   76 | if (sizeof ((size_t)))
      |                     ^
1 error generated.
configure:16055: $? = 1
configure: failed program was:
| /* confdefs.h */
| #define PACKAGE_NAME "fftw"
| #define PACKAGE_TARNAME "fftw"
| #define PACKAGE_VERSION "3.3.6-pl2"
| #define PACKAGE_STRING "fftw 3.3.6-pl2"
| #define PACKAGE_BUGREPORT "fftw@fftw.org"
| #define PACKAGE_URL ""
| #define PACKAGE "fftw"
| #define VERSION "3.3.6-pl2"
| #define FFTW_ENABLE_ALLOCA 1
| #define FFTW_SINGLE 1
| #define BENCHFFT_SINGLE 1
| #define HAVE_AVX 1
| #define STDC_HEADERS 1
| #define HAVE_SYS_TYPES_H 1
| #define HAVE_SYS_STAT_H 1
| #define HAVE_STDLIB_H 1
| #define HAVE_STRING_H 1
| #define HAVE_MEMORY_H 1
| #define HAVE_STRINGS_H 1
| #define HAVE_INTTYPES_H 1
| #define HAVE_STDINT_H 1
| #define HAVE_UNISTD_H 1
| #define HAVE_DLFCN_H 1
| #define LT_OBJDIR ".libs/"
| #define HAVE_MPI 1
| #define SIZEOF_MPI_FINT 4
| #define STDC_HEADERS 1
| #define HAVE_LIBINTL_H 1
| #define HAVE_MALLOC_H 1
| #define HAVE_STDDEF_H 1
| #define HAVE_STDLIB_H 1
| #define HAVE_STRING_H 1
| #define HAVE_STRINGS_H 1
| #define HAVE_SYS_TIME_H 1
| #define HAVE_UNISTD_H 1
| #define HAVE_LIMITS_H 1
| #define HAVE_STDINT_H 1
| /* end confdefs.h.  */
| #include <stdio.h>
| #ifdef HAVE_SYS_TYPES_H
| # include <sys/types.h>
| #endif
| #ifdef HAVE_SYS_STAT_H
| # include <sys/stat.h>
| #endif
| #ifdef STDC_HEADERS
| # include <stdlib.h>
| # include <stddef.h>
| #else
| # ifdef HAVE_STDLIB_H
| #  include <stdlib.h>
| # endif
| #endif
| #ifdef HAVE_STRING_H
| # if !defined STDC_HEADERS && defined HAVE_MEMORY_H
| #  include <memory.h>
| # endif
| # include <string.h>
| #endif
| #ifdef HAVE_STRINGS_H
| # include <strings.h>
| #endif
| #ifdef HAVE_INTTYPES_H
| # include <inttypes.h>
| #endif
| #ifdef HAVE_STDINT_H
| # include <stdint.h>
| #endif
| #ifdef HAVE_UNISTD_H
| # include <unistd.h>
| #endif
| int
| main ()
| {
| if (sizeof ((size_t)))
| 	    return 0;
|   ;
|   return 0;
| }
configure:16055: result: yes
configure:16066: checking whether time.h and sys/time.h may both be included
configure:16086: icx -c -O3 -fomit-frame-pointer -mtune=native -fstrict-aliasing -ffast-math  conftest.c >&5
configure:16086: $? = 0
configure:16093: result: yes
configure:16101: checking for long double
configure:16101: icx -c -O3 -fomit-frame-pointer -mtune=native -fstrict-aliasing -ffast-math  conftest.c >&5
configure:16101: $? = 0
configure:16101: icx -c -O3 -fomit-frame-pointer -mtune=native -fstrict-aliasing -ffast-math  conftest.c >&5
conftest.c:77:26: error: expected expression
   77 | if (sizeof ((long double)))
      |                          ^
1 error generated.
configure:16101: $? = 1
configure: failed program was:
| /* confdefs.h */
| #define PACKAGE_NAME "fftw"
| #define PACKAGE_TARNAME "fftw"
| #define PACKAGE_VERSION "3.3.6-pl2"
| #define PACKAGE_STRING "fftw 3.3.6-pl2"
| #define PACKAGE_BUGREPORT "fftw@fftw.org"
| #define PACKAGE_URL ""
| #define PACKAGE "fftw"
| #define VERSION "3.3.6-pl2"
| #define FFTW_ENABLE_ALLOCA 1
| #define FFTW_SINGLE 1
| #define BENCHFFT_SINGLE 1
| #define HAVE_AVX 1
| #define STDC_HEADERS 1
| #define HAVE_SYS_TYPES_H 1
| #define HAVE_SYS_STAT_H 1
| #define HAVE_STDLIB_H 1
| #define HAVE_STRING_H 1
| #define HAVE_MEMORY_H 1
| #define HAVE_STRINGS_H 1
| #define HAVE_INTTYPES_H 1
| #define HAVE_STDINT_H 1
| #define HAVE_UNISTD_H 1
| #define HAVE_DLFCN_H 1
| #define LT_OBJDIR ".libs/"
| #define HAVE_MPI 1
| #define SIZEOF_MPI_FINT 4
| #define STDC_HEADERS 1
| #define HAVE_LIBINTL_H 1
| #define HAVE_MALLOC_H 1
| #define HAVE_STDDEF_H 1
| #define HAVE_STDLIB_H 1
| #define HAVE_STRING_H 1
| #define HAVE_STRINGS_H 1
| #define HAVE_SYS_TIME_H 1
| #define HAVE_UNISTD_H 1
| #define HAVE_LIMITS_H 1
| #define HAVE_STDINT_H 1
| #define TIME_WITH_SYS_TIME 1
| /* end confdefs.h.  */
| #include <stdio.h>
| #ifdef HAVE_SYS_TYPES_H
| # include <sys/types.h>
| #endif
| #ifdef HAVE_SYS_STAT_H
| # include <sys/stat.h>
| #endif
| #ifdef STDC_HEADERS
| # include <stdlib.h>
| # include <stddef.h>
| #else
| # ifdef HAVE_STDLIB_H
| #  include <stdlib.h>
| # endif
| #endif
| #ifdef HAVE_STRING_H
| # if !defined STDC_HEADERS && defined HAVE_MEMORY_H
| #  include <memory.h>
| # endif
| # include <string.h>
| #endif
| #ifdef HAVE_STRINGS_H
| # include <strings.h>
| #endif
| #ifdef HAVE_INTTYPES_H
| # include <inttypes.h>
| #endif
| #ifdef HAVE_STDINT_H
| # include <stdint.h>
| #endif
| #ifdef HAVE_UNISTD_H
| # include <unistd.h>
| #endif
| int
| main ()
| {
| if (sizeof ((long double)))
| 	    return 0;
|   ;
|   return 0;
| }
configure:16101: result: yes
configure:16114: checking for hrtime_t
configure:16114: icx -c -O3 -fomit-frame-pointer -mtune=native -fstrict-aliasing -ffast-math  conftest.c >&5
conftest.c:51:13: error: use of undeclared identifier 'hrtime_t'
   51 | if (sizeof (hrtime_t))
      |             ^~~~~~~~
1 error generated.
configure:16114: $? = 1
configure: failed program was:
| /* confdefs.h */
| #define PACKAGE_NAME "fftw"
| #define PACKAGE_TARNAME "fftw"
| #define PACKAGE_VERSION "3.3.6-pl2"
| #define PACKAGE_STRING "fftw 3.3.6-pl2"
| #define PACKAGE_BUGREPORT "fftw@fftw.org"
| #define PACKAGE_URL ""
| #define PACKAGE "fftw"
| #define VERSION "3.3.6-pl2"
| #define FFTW_ENABLE_ALLOCA 1
| #define FFTW_SINGLE 1
| #define BENCHFFT_SINGLE 1
| #define HAVE_AVX 1
| #define STDC_HEADERS 1
| #define HAVE_SYS_TYPES_H 1
| #define HAVE_SYS_STAT_H 1
| #define HAVE_STDLIB_H 1
| #define HAVE_STRING_H 1
| #define HAVE_MEMORY_H 1
| #define HAVE_STRINGS_H 1
| #define HAVE_INTTYPES_H 1
| #define HAVE_STDINT_H 1
| #define HAVE_UNISTD_H 1
| #define HAVE_DLFCN_H 1
| #define LT_OBJDIR ".libs/"
| #define HAVE_MPI 1
| #define SIZEOF_MPI_FINT 4
| #define STDC_HEADERS 1
| #define HAVE_LIBINTL_H 1
| #define HAVE_MALLOC_H 1
| #define HAVE_STDDEF_H 1
| #define HAVE_STDLIB_H 1
| #define HAVE_STRING_H 1
| #define HAVE_STRINGS_H 1
| #define HAVE_SYS_TIME_H 1
| #define HAVE_UNISTD_H 1
| #define HAVE_LIMITS_H 1
| #define HAVE_STDINT_H 1
| #define TIME_WITH_SYS_TIME 1
| #define HAVE_LONG_DOUBLE 1
| /* end confdefs.h.  */
| 
| #if HAVE_SYS_TIME_H
| #include <sys/time.h>
| #endif
| 
| 
| int
| main ()
| {
| if (sizeof (hrtime_t))
| 	 return 0;
|   ;
|   return 0;
| }
configure:16114: result: no
configure:16131: checking size of int
configure:16136: icx -o conftest -O3 -fomit-frame-pointer -mtune=native -fstrict-aliasing -ffast-math   conftest.c  >&5
configure:16136: $? = 0
configure:16136: ./conftest
configure:16136: $? = 0
configure:16150: result: 4
configure:16164: checking size of unsigned int
configure:16169: icx -o conftest -O3 -fomit-frame-pointer -mtune=native -fstrict-aliasing -ffast-math   conftest.c  >&5
configure:16169: $? = 0
configure:16169: ./conftest
configure:16169: $? = 0
configure:16183: result: 4
configure:16197: checking size of long
configure:16202: icx -o conftest -O3 -fomit-frame-pointer -mtune=native -fstrict-aliasing -ffast-math   conftest.c  >&5
configure:16202: $? = 0
configure:16202: ./conftest
configure:16202: $? = 0
configure:16216: result: 8
configure:16230: checking size of unsigned long
configure:16235: icx -o conftest -O3 -fomit-frame-pointer -mtune=native -fstrict-aliasing -ffast-math   conftest.c  >&5
configure:16235: $? = 0
configure:16235: ./conftest
configure:16235: $? = 0
configure:16249: result: 8
configure:16263: checking size of long long
configure:16268: icx -o conftest -O3 -fomit-frame-pointer -mtune=native -fstrict-aliasing -ffast-math   conftest.c  >&5
configure:16268: $? = 0
configure:16268: ./conftest
configure:16268: $? = 0
configure:16282: result: 8
configure:16296: checking size of unsigned long long
configure:16301: icx -o conftest -O3 -fomit-frame-pointer -mtune=native -fstrict-aliasing -ffast-math   conftest.c  >&5
configure:16301: $? = 0
configure:16301: ./conftest
configure:16301: $? = 0
configure:16315: result: 8
configure:16329: checking size of size_t
configure:16334: icx -o conftest -O3 -fomit-frame-pointer -mtune=native -fstrict-aliasing -ffast-math   conftest.c  >&5
configure:16334: $? = 0
configure:16334: ./conftest
configure:16334: $? = 0
configure:16348: result: 8
configure:16362: checking size of ptrdiff_t
configure:16367: icx -o conftest -O3 -fomit-frame-pointer -mtune=native -fstrict-aliasing -ffast-math   conftest.c  >&5
configure:16367: $? = 0
configure:16367: ./conftest
configure:16367: $? = 0
configure:16381: result: 8
configure:16392: checking for uintptr_t
configure:16392: icx -c -O3 -fomit-frame-pointer -mtune=native -fstrict-aliasing -ffast-math  conftest.c >&5
configure:16392: $? = 0
configure:16392: icx -c -O3 -fomit-frame-pointer -mtune=native -fstrict-aliasing -ffast-math  conftest.c >&5
conftest.c:90:24: error: expected expression
   90 | if (sizeof ((uintptr_t)))
      |                        ^
1 error generated.
configure:16392: $? = 1
configure: failed program was:
| /* confdefs.h */
| #define PACKAGE_NAME "fftw"
| #define PACKAGE_TARNAME "fftw"
| #define PACKAGE_VERSION "3.3.6-pl2"
| #define PACKAGE_STRING "fftw 3.3.6-pl2"
| #define PACKAGE_BUGREPORT "fftw@fftw.org"
| #define PACKAGE_URL ""
| #define PACKAGE "fftw"
| #define VERSION "3.3.6-pl2"
| #define FFTW_ENABLE_ALLOCA 1
| #define FFTW_SINGLE 1
| #define BENCHFFT_SINGLE 1
| #define HAVE_AVX 1
| #define STDC_HEADERS 1
| #define HAVE_SYS_TYPES_H 1
| #define HAVE_SYS_STAT_H 1
| #define HAVE_STDLIB_H 1
| #define HAVE_STRING_H 1
| #define HAVE_MEMORY_H 1
| #define HAVE_STRINGS_H 1
| #define HAVE_INTTYPES_H 1
| #define HAVE_STDINT_H 1
| #define HAVE_UNISTD_H 1
| #define HAVE_DLFCN_H 1
| #define LT_OBJDIR ".libs/"
| #define HAVE_MPI 1
| #define SIZEOF_MPI_FINT 4
| #define STDC_HEADERS 1
| #define HAVE_LIBINTL_H 1
| #define HAVE_MALLOC_H 1
| #define HAVE_STDDEF_H 1
| #define HAVE_STDLIB_H 1
| #define HAVE_STRING_H 1
| #define HAVE_STRINGS_H 1
| #define HAVE_SYS_TIME_H 1
| #define HAVE_UNISTD_H 1
| #define HAVE_LIMITS_H 1
| #define HAVE_STDINT_H 1
| #define TIME_WITH_SYS_TIME 1
| #define HAVE_LONG_DOUBLE 1
| #define SIZEOF_INT 4
| #define SIZEOF_UNSIGNED_INT 4
| #define SIZEOF_LONG 8
| #define SIZEOF_UNSIGNED_LONG 8
| #define SIZEOF_LONG_LONG 8
| #define SIZEOF_UNSIGNED_LONG_LONG 8
| #define SIZEOF_SIZE_T 8
| #define SIZEOF_PTRDIFF_T 8
| /* end confdefs.h.  */
| #include <stdio.h>
| #ifdef HAVE_SYS_TYPES_H
| # include <sys/types.h>
| #endif
| #ifdef HAVE_SYS_STAT_H
| # include <sys/stat.h>
| #endif
| #ifdef STDC_HEADERS
| # include <stdlib.h>
| # include <stddef.h>
| #else
| # ifdef HAVE_STDLIB_H
| #  include <stdlib.h>
| # endif
| #endif
| #ifdef HAVE_STRING_H
| # if !defined STDC_HEADERS && defined HAVE_MEMORY_H
| #  include <memory.h>
| # endif
| # include <string.h>
| #endif
| #ifdef HAVE_STRINGS_H
| # include <strings.h>
| #endif
| #ifdef HAVE_INTTYPES_H
| # include <inttypes.h>
| #endif
| #ifdef HAVE_STDINT_H
| # include <stdint.h>
| #endif
| #ifdef HAVE_UNISTD_H
| # include <unistd.h>
| #endif
| #ifdef HAVE_STDINT_H
| #  include <stdint.h>
| #endif
| 
| int
| main ()
| {
| if (sizeof ((uintptr_t)))
| 	    return 0;
|   ;
|   return 0;
| }
configure:16392: result: yes
configure:16445: checking size of float
configure:16450: icx -o conftest -O3 -fomit-frame-pointer -mtune=native -fstrict-aliasing -ffast-math   conftest.c  >&5
configure:16450: $? = 0
configure:16450: ./conftest
configure:16450: $? = 0
configure:16464: result: 4
configure:16478: checking size of double
configure:16483: icx -o conftest -O3 -fomit-frame-pointer -mtune=native -fstrict-aliasing -ffast-math   conftest.c  >&5
configure:16483: $? = 0
configure:16483: ./conftest
configure:16483: $? = 0
configure:16497: result: 8
configure:16512: checking size of fftw_r2r_kind
configure:16517: icx -o conftest -O3 -fomit-frame-pointer -mtune=native -fstrict-aliasing -ffast-math   conftest.c  >&5
configure:16517: $? = 0
configure:16517: ./conftest
configure:16517: $? = 0
configure:16536: result: 4
configure:16552: checking for working alloca.h
configure:16569: icx -o conftest -O3 -fomit-frame-pointer -mtune=native -fstrict-aliasing -ffast-math   conftest.c  >&5
configure:16569: $? = 0
configure:16577: result: yes
configure:16585: checking for alloca
configure:16622: icx -o conftest -O3 -fomit-frame-pointer -mtune=native -fstrict-aliasing -ffast-math   conftest.c  >&5
configure:16622: $? = 0
configure:16630: result: yes
configure:16736: checking for working strtod
configure:16777: icx -o conftest -O3 -fomit-frame-pointer -mtune=native -fstrict-aliasing -ffast-math   conftest.c  >&5
conftest.c:91:8: warning: a function declaration without a prototype is deprecated in all versions of C and is treated as a zero-parameter prototype in C23, conflicting with a previous declaration [-Wdeprecated-non-prototype]
   91 | double strtod ();
      |        ^
1 warning generated.
configure:16777: $? = 0
configure:16777: ./conftest
configure:16777: $? = 0
configure:16787: result: yes
configure:16851: checking for vprintf
configure:16851: icx -o conftest -O3 -fomit-frame-pointer -mtune=native -fstrict-aliasing -ffast-math   conftest.c  >&5
conftest.c:79:6: warning: incompatible redeclaration of library function 'vprintf' [-Wincompatible-library-redeclaration]
   79 | char vprintf ();
      |      ^
conftest.c:79:6: note: 'vprintf' is a builtin with type 'int (const char *restrict, struct __va_list_tag *)'
1 warning generated.
configure:16851: $? = 0
configure:16851: result: yes
configure:16857: checking for _doprnt
configure:16857: icx -o conftest -O3 -fomit-frame-pointer -mtune=native -fstrict-aliasing -ffast-math   conftest.c  >&5
/usr/bin/ld: /tmp/icx-be39b04256/conftest-cc1bb4.o: in function `main':
conftest.c:(.text+0x16): undefined reference to `_doprnt'
icx: error: linker command failed with exit code 1 (use -v to see invocation)
configure:16857: $? = 1
configure: failed program was:
| /* confdefs.h */
| #define PACKAGE_NAME "fftw"
| #define PACKAGE_TARNAME "fftw"
| #define PACKAGE_VERSION "3.3.6-pl2"
| #define PACKAGE_STRING "fftw 3.3.6-pl2"
| #define PACKAGE_BUGREPORT "fftw@fftw.org"
| #define PACKAGE_URL ""
| #define PACKAGE "fftw"
| #define VERSION "3.3.6-pl2"
| #define FFTW_ENABLE_ALLOCA 1
| #define FFTW_SINGLE 1
| #define BENCHFFT_SINGLE 1
| #define HAVE_AVX 1
| #define STDC_HEADERS 1
| #define HAVE_SYS_TYPES_H 1
| #define HAVE_SYS_STAT_H 1
| #define HAVE_STDLIB_H 1
| #define HAVE_STRING_H 1
| #define HAVE_MEMORY_H 1
| #define HAVE_STRINGS_H 1
| #define HAVE_INTTYPES_H 1
| #define HAVE_STDINT_H 1
| #define HAVE_UNISTD_H 1
| #define HAVE_DLFCN_H 1
| #define LT_OBJDIR ".libs/"
| #define HAVE_MPI 1
| #define SIZEOF_MPI_FINT 4
| #define STDC_HEADERS 1
| #define HAVE_LIBINTL_H 1
| #define HAVE_MALLOC_H 1
| #define HAVE_STDDEF_H 1
| #define HAVE_STDLIB_H 1
| #define HAVE_STRING_H 1
| #define HAVE_STRINGS_H 1
| #define HAVE_SYS_TIME_H 1
| #define HAVE_UNISTD_H 1
| #define HAVE_LIMITS_H 1
| #define HAVE_STDINT_H 1
| #define TIME_WITH_SYS_TIME 1
| #define HAVE_LONG_DOUBLE 1
| #define SIZEOF_INT 4
| #define SIZEOF_UNSIGNED_INT 4
| #define SIZEOF_LONG 8
| #define SIZEOF_UNSIGNED_LONG 8
| #define SIZEOF_LONG_LONG 8
| #define SIZEOF_UNSIGNED_LONG_LONG 8
| #define SIZEOF_SIZE_T 8
| #define SIZEOF_PTRDIFF_T 8
| #define HAVE_UINTPTR_T 1
| #define SIZEOF_FLOAT 4
| #define SIZEOF_DOUBLE 8
| #define SIZEOF_FFTW_R2R_KIND 4
| #define HAVE_ALLOCA_H 1
| #define HAVE_ALLOCA 1
| #define HAVE_VPRINTF 1
| /* end confdefs.h.  */
| /* Define _doprnt to an innocuous variant, in case <limits.h> declares _doprnt.
|    For example, HP-UX 11i <limits.h> declares gettimeofday.  */
| #define _doprnt innocuous__doprnt
| 
| /* System header to define __stub macros and hopefully few prototypes,
|     which can conflict with char _doprnt (); below.
|     Prefer <limits.h> to <assert.h> if __STDC__ is defined, since
|     <limits.h> exists even on freestanding compilers.  */
| 
| #ifdef __STDC__
| # include <limits.h>
| #else
| # include <assert.h>
| #endif
| 
| #undef _doprnt
| 
| /* Override any GCC internal prototype to avoid an error.
|    Use char because int might match the return type of a GCC
|    builtin and then its argument prototype would still apply.  */
| #ifdef __cplusplus
| extern "C"
| #endif
| char _doprnt ();
| /* The GNU C library defines this for functions which it implements
|     to always fail with ENOSYS.  Some functions are actually named
|     something starting with __ and the normal name is an alias.  */
| #if defined __stub__doprnt || defined __stub____doprnt
| choke me
| #endif
| 
| int
| main ()
| {
| return _doprnt ();
|   ;
|   return 0;
| }
configure:16857: result: no
configure:16868: checking for sin in -lm
configure:16893: icx -o conftest -O3 -fomit-frame-pointer -mtune=native -fstrict-aliasing -ffast-math   conftest.c -lm   >&5
conftest.c:64:6: warning: incompatible redeclaration of library function 'sin' [-Wincompatible-library-redeclaration]
   64 | char sin ();
      |      ^
conftest.c:64:6: note: 'sin' is a builtin with type 'double (double)'
1 warning generated.
configure:16893: $? = 0
configure:16902: result: yes
configure:17007: checking for BSDgettimeofday
configure:17007: icx -o conftest -O3 -fomit-frame-pointer -mtune=native -fstrict-aliasing -ffast-math   conftest.c -lm  >&5
/usr/bin/ld: /tmp/icx-af817f0271/conftest-234f7f.o: in function `main':
conftest.c:(.text+0x16): undefined reference to `BSDgettimeofday'
icx: error: linker command failed with exit code 1 (use -v to see invocation)
configure:17007: $? = 1
configure: failed program was:
| /* confdefs.h */
| #define PACKAGE_NAME "fftw"
| #define PACKAGE_TARNAME "fftw"
| #define PACKAGE_VERSION "3.3.6-pl2"
| #define PACKAGE_STRING "fftw 3.3.6-pl2"
| #define PACKAGE_BUGREPORT "fftw@fftw.org"
| #define PACKAGE_URL ""
| #define PACKAGE "fftw"
| #define VERSION "3.3.6-pl2"
| #define FFTW_ENABLE_ALLOCA 1
| #define FFTW_SINGLE 1
| #define BENCHFFT_SINGLE 1
| #define HAVE_AVX 1
| #define STDC_HEADERS 1
| #define HAVE_SYS_TYPES_H 1
| #define HAVE_SYS_STAT_H 1
| #define HAVE_STDLIB_H 1
| #define HAVE_STRING_H 1
| #define HAVE_MEMORY_H 1
| #define HAVE_STRINGS_H 1
| #define HAVE_INTTYPES_H 1
| #define HAVE_STDINT_H 1
| #define HAVE_UNISTD_H 1
| #define HAVE_DLFCN_H 1
| #define LT_OBJDIR ".libs/"
| #define HAVE_MPI 1
| #define SIZEOF_MPI_FINT 4
| #define STDC_HEADERS 1
| #define HAVE_LIBINTL_H 1
| #define HAVE_MALLOC_H 1
| #define HAVE_STDDEF_H 1
| #define HAVE_STDLIB_H 1
| #define HAVE_STRING_H 1
| #define HAVE_STRINGS_H 1
| #define HAVE_SYS_TIME_H 1
| #define HAVE_UNISTD_H 1
| #define HAVE_LIMITS_H 1
| #define HAVE_STDINT_H 1
| #define TIME_WITH_SYS_TIME 1
| #define HAVE_LONG_DOUBLE 1
| #define SIZEOF_INT 4
| #define SIZEOF_UNSIGNED_INT 4
| #define SIZEOF_LONG 8
| #define SIZEOF_UNSIGNED_LONG 8
| #define SIZEOF_LONG_LONG 8
| #define SIZEOF_UNSIGNED_LONG_LONG 8
| #define SIZEOF_SIZE_T 8
| #define SIZEOF_PTRDIFF_T 8
| #define HAVE_UINTPTR_T 1
| #define SIZEOF_FLOAT 4
| #define SIZEOF_DOUBLE 8
| #define SIZEOF_FFTW_R2R_KIND 4
| #define HAVE_ALLOCA_H 1
| #define HAVE_ALLOCA 1
| #define HAVE_VPRINTF 1
| #define HAVE_LIBM 1
| /* end confdefs.h.  */
| /* Define BSDgettimeofday to an innocuous variant, in case <limits.h> declares BSDgettimeofday.
|    For example, HP-UX 11i <limits.h> declares gettimeofday.  */
| #define BSDgettimeofday innocuous_BSDgettimeofday
| 
| /* System header to define __stub macros and hopefully few prototypes,
|     which can conflict with char BSDgettimeofday (); below.
|     Prefer <limits.h> to <assert.h> if __STDC__ is defined, since
|     <limits.h> exists even on freestanding compilers.  */
| 
| #ifdef __STDC__
| # include <limits.h>
| #else
| # include <assert.h>
| #endif
| 
| #undef BSDgettimeofday
| 
| /* Override any GCC internal prototype to avoid an error.
|    Use char because int might match the return type of a GCC
|    builtin and then its argument prototype would still apply.  */
| #ifdef __cplusplus
| extern "C"
| #endif
| char BSDgettimeofday ();
| /* The GNU C library defines this for functions which it implements
|     to always fail with ENOSYS.  Some functions are actually named
|     something starting with __ and the normal name is an alias.  */
| #if defined __stub_BSDgettimeofday || defined __stub___BSDgettimeofday
| choke me
| #endif
| 
| int
| main ()
| {
| return BSDgettimeofday ();
|   ;
|   return 0;
| }
configure:17007: result: no
configure:17007: checking for gettimeofday
configure:17007: icx -o conftest -O3 -fomit-frame-pointer -mtune=native -fstrict-aliasing -ffast-math   conftest.c -lm  >&5
configure:17007: $? = 0
configure:17007: result: yes
configure:17007: checking for gethrtime
configure:17007: icx -o conftest -O3 -fomit-frame-pointer -mtune=native -fstrict-aliasing -ffast-math   conftest.c -lm  >&5
/usr/bin/ld: /tmp/icx-80c4767988/conftest-6eb2c3.o: in function `main':
conftest.c:(.text+0x16): undefined reference to `gethrtime'
icx: error: linker command failed with exit code 1 (use -v to see invocation)
configure:17007: $? = 1
configure: failed program was:
| /* confdefs.h */
| #define PACKAGE_NAME "fftw"
| #define PACKAGE_TARNAME "fftw"
| #define PACKAGE_VERSION "3.3.6-pl2"
| #define PACKAGE_STRING "fftw 3.3.6-pl2"
| #define PACKAGE_BUGREPORT "fftw@fftw.org"
| #define PACKAGE_URL ""
| #define PACKAGE "fftw"
| #define VERSION "3.3.6-pl2"
| #define FFTW_ENABLE_ALLOCA 1
| #define FFTW_SINGLE 1
| #define BENCHFFT_SINGLE 1
| #define HAVE_AVX 1
| #define STDC_HEADERS 1
| #define HAVE_SYS_TYPES_H 1
| #define HAVE_SYS_STAT_H 1
| #define HAVE_STDLIB_H 1
| #define HAVE_STRING_H 1
| #define HAVE_MEMORY_H 1
| #define HAVE_STRINGS_H 1
| #define HAVE_INTTYPES_H 1
| #define HAVE_STDINT_H 1
| #define HAVE_UNISTD_H 1
| #define HAVE_DLFCN_H 1
| #define LT_OBJDIR ".libs/"
| #define HAVE_MPI 1
| #define SIZEOF_MPI_FINT 4
| #define STDC_HEADERS 1
| #define HAVE_LIBINTL_H 1
| #define HAVE_MALLOC_H 1
| #define HAVE_STDDEF_H 1
| #define HAVE_STDLIB_H 1
| #define HAVE_STRING_H 1
| #define HAVE_STRINGS_H 1
| #define HAVE_SYS_TIME_H 1
| #define HAVE_UNISTD_H 1
| #define HAVE_LIMITS_H 1
| #define HAVE_STDINT_H 1
| #define TIME_WITH_SYS_TIME 1
| #define HAVE_LONG_DOUBLE 1
| #define SIZEOF_INT 4
| #define SIZEOF_UNSIGNED_INT 4
| #define SIZEOF_LONG 8
| #define SIZEOF_UNSIGNED_LONG 8
| #define SIZEOF_LONG_LONG 8
| #define SIZEOF_UNSIGNED_LONG_LONG 8
| #define SIZEOF_SIZE_T 8
| #define SIZEOF_PTRDIFF_T 8
| #define HAVE_UINTPTR_T 1
| #define SIZEOF_FLOAT 4
| #define SIZEOF_DOUBLE 8
| #define SIZEOF_FFTW_R2R_KIND 4
| #define HAVE_ALLOCA_H 1
| #define HAVE_ALLOCA 1
| #define HAVE_VPRINTF 1
| #define HAVE_LIBM 1
| #define HAVE_GETTIMEOFDAY 1
| /* end confdefs.h.  */
| /* Define gethrtime to an innocuous variant, in case <limits.h> declares gethrtime.
|    For example, HP-UX 11i <limits.h> declares gettimeofday.  */
| #define gethrtime innocuous_gethrtime
| 
| /* System header to define __stub macros and hopefully few prototypes,
|     which can conflict with char gethrtime (); below.
|     Prefer <limits.h> to <assert.h> if __STDC__ is defined, since
|     <limits.h> exists even on freestanding compilers.  */
| 
| #ifdef __STDC__
| # include <limits.h>
| #else
| # include <assert.h>
| #endif
| 
| #undef gethrtime
| 
| /* Override any GCC internal prototype to avoid an error.
|    Use char because int might match the return type of a GCC
|    builtin and then its argument prototype would still apply.  */
| #ifdef __cplusplus
| extern "C"
| #endif
| char gethrtime ();
| /* The GNU C library defines this for functions which it implements
|     to always fail with ENOSYS.  Some functions are actually named
|     something starting with __ and the normal name is an alias.  */
| #if defined __stub_gethrtime || defined __stub___gethrtime
| choke me
| #endif
| 
| int
| main ()
| {
| return gethrtime ();
|   ;
|   return 0;
| }
configure:17007: result: no
configure:17007: checking for read_real_time
configure:17007: icx -o conftest -O3 -fomit-frame-pointer -mtune=native -fstrict-aliasing -ffast-math   conftest.c -lm  >&5
/usr/bin/ld: /tmp/icx-c871a54435/conftest-d482bf.o: in function `main':
conftest.c:(.text+0x16): undefined reference to `read_real_time'
icx: error: linker command failed with exit code 1 (use -v to see invocation)
configure:17007: $? = 1
configure: failed program was:
| /* confdefs.h */
| #define PACKAGE_NAME "fftw"
| #define PACKAGE_TARNAME "fftw"
| #define PACKAGE_VERSION "3.3.6-pl2"
| #define PACKAGE_STRING "fftw 3.3.6-pl2"
| #define PACKAGE_BUGREPORT "fftw@fftw.org"
| #define PACKAGE_URL ""
| #define PACKAGE "fftw"
| #define VERSION "3.3.6-pl2"
| #define FFTW_ENABLE_ALLOCA 1
| #define FFTW_SINGLE 1
| #define BENCHFFT_SINGLE 1
| #define HAVE_AVX 1
| #define STDC_HEADERS 1
| #define HAVE_SYS_TYPES_H 1
| #define HAVE_SYS_STAT_H 1
| #define HAVE_STDLIB_H 1
| #define HAVE_STRING_H 1
| #define HAVE_MEMORY_H 1
| #define HAVE_STRINGS_H 1
| #define HAVE_INTTYPES_H 1
| #define HAVE_STDINT_H 1
| #define HAVE_UNISTD_H 1
| #define HAVE_DLFCN_H 1
| #define LT_OBJDIR ".libs/"
| #define HAVE_MPI 1
| #define SIZEOF_MPI_FINT 4
| #define STDC_HEADERS 1
| #define HAVE_LIBINTL_H 1
| #define HAVE_MALLOC_H 1
| #define HAVE_STDDEF_H 1
| #define HAVE_STDLIB_H 1
| #define HAVE_STRING_H 1
| #define HAVE_STRINGS_H 1
| #define HAVE_SYS_TIME_H 1
| #define HAVE_UNISTD_H 1
| #define HAVE_LIMITS_H 1
| #define HAVE_STDINT_H 1
| #define TIME_WITH_SYS_TIME 1
| #define HAVE_LONG_DOUBLE 1
| #define SIZEOF_INT 4
| #define SIZEOF_UNSIGNED_INT 4
| #define SIZEOF_LONG 8
| #define SIZEOF_UNSIGNED_LONG 8
| #define SIZEOF_LONG_LONG 8
| #define SIZEOF_UNSIGNED_LONG_LONG 8
| #define SIZEOF_SIZE_T 8
| #define SIZEOF_PTRDIFF_T 8
| #define HAVE_UINTPTR_T 1
| #define SIZEOF_FLOAT 4
| #define SIZEOF_DOUBLE 8
| #define SIZEOF_FFTW_R2R_KIND 4
| #define HAVE_ALLOCA_H 1
| #define HAVE_ALLOCA 1
| #define HAVE_VPRINTF 1
| #define HAVE_LIBM 1
| #define HAVE_GETTIMEOFDAY 1
| /* end confdefs.h.  */
| /* Define read_real_time to an innocuous variant, in case <limits.h> declares read_real_time.
|    For example, HP-UX 11i <limits.h> declares gettimeofday.  */
| #define read_real_time innocuous_read_real_time
| 
| /* System header to define __stub macros and hopefully few prototypes,
|     which can conflict with char read_real_time (); below.
|     Prefer <limits.h> to <assert.h> if __STDC__ is defined, since
|     <limits.h> exists even on freestanding compilers.  */
| 
| #ifdef __STDC__
| # include <limits.h>
| #else
| # include <assert.h>
| #endif
| 
| #undef read_real_time
| 
| /* Override any GCC internal prototype to avoid an error.
|    Use char because int might match the return type of a GCC
|    builtin and then its argument prototype would still apply.  */
| #ifdef __cplusplus
| extern "C"
| #endif
| char read_real_time ();
| /* The GNU C library defines this for functions which it implements
|     to always fail with ENOSYS.  Some functions are actually named
|     something starting with __ and the normal name is an alias.  */
| #if defined __stub_read_real_time || defined __stub___read_real_time
| choke me
| #endif
| 
| int
| main ()
| {
| return read_real_time ();
|   ;
|   return 0;
| }
configure:17007: result: no
configure:17007: checking for time_base_to_time
configure:17007: icx -o conftest -O3 -fomit-frame-pointer -mtune=native -fstrict-aliasing -ffast-math   conftest.c -lm  >&5
/usr/bin/ld: /tmp/icx-60b019694d/conftest-f59a74.o: in function `main':
conftest.c:(.text+0x16): undefined reference to `time_base_to_time'
icx: error: linker command failed with exit code 1 (use -v to see invocation)
configure:17007: $? = 1
configure: failed program was:
| /* confdefs.h */
| #define PACKAGE_NAME "fftw"
| #define PACKAGE_TARNAME "fftw"
| #define PACKAGE_VERSION "3.3.6-pl2"
| #define PACKAGE_STRING "fftw 3.3.6-pl2"
| #define PACKAGE_BUGREPORT "fftw@fftw.org"
| #define PACKAGE_URL ""
| #define PACKAGE "fftw"
| #define VERSION "3.3.6-pl2"
| #define FFTW_ENABLE_ALLOCA 1
| #define FFTW_SINGLE 1
| #define BENCHFFT_SINGLE 1
| #define HAVE_AVX 1
| #define STDC_HEADERS 1
| #define HAVE_SYS_TYPES_H 1
| #define HAVE_SYS_STAT_H 1
| #define HAVE_STDLIB_H 1
| #define HAVE_STRING_H 1
| #define HAVE_MEMORY_H 1
| #define HAVE_STRINGS_H 1
| #define HAVE_INTTYPES_H 1
| #define HAVE_STDINT_H 1
| #define HAVE_UNISTD_H 1
| #define HAVE_DLFCN_H 1
| #define LT_OBJDIR ".libs/"
| #define HAVE_MPI 1
| #define SIZEOF_MPI_FINT 4
| #define STDC_HEADERS 1
| #define HAVE_LIBINTL_H 1
| #define HAVE_MALLOC_H 1
| #define HAVE_STDDEF_H 1
| #define HAVE_STDLIB_H 1
| #define HAVE_STRING_H 1
| #define HAVE_STRINGS_H 1
| #define HAVE_SYS_TIME_H 1
| #define HAVE_UNISTD_H 1
| #define HAVE_LIMITS_H 1
| #define HAVE_STDINT_H 1
| #define TIME_WITH_SYS_TIME 1
| #define HAVE_LONG_DOUBLE 1
| #define SIZEOF_INT 4
| #define SIZEOF_UNSIGNED_INT 4
| #define SIZEOF_LONG 8
| #define SIZEOF_UNSIGNED_LONG 8
| #define SIZEOF_LONG_LONG 8
| #define SIZEOF_UNSIGNED_LONG_LONG 8
| #define SIZEOF_SIZE_T 8
| #define SIZEOF_PTRDIFF_T 8
| #define HAVE_UINTPTR_T 1
| #define SIZEOF_FLOAT 4
| #define SIZEOF_DOUBLE 8
| #define SIZEOF_FFTW_R2R_KIND 4
| #define HAVE_ALLOCA_H 1
| #define HAVE_ALLOCA 1
| #define HAVE_VPRINTF 1
| #define HAVE_LIBM 1
| #define HAVE_GETTIMEOFDAY 1
| /* end confdefs.h.  */
| /* Define time_base_to_time to an innocuous variant, in case <limits.h> declares time_base_to_time.
|    For example, HP-UX 11i <limits.h> declares gettimeofday.  */
| #define time_base_to_time innocuous_time_base_to_time
| 
| /* System header to define __stub macros and hopefully few prototypes,
|     which can conflict with char time_base_to_time (); below.
|     Prefer <limits.h> to <assert.h> if __STDC__ is defined, since
|     <limits.h> exists even on freestanding compilers.  */
| 
| #ifdef __STDC__
| # include <limits.h>
| #else
| # include <assert.h>
| #endif
| 
| #undef time_base_to_time
| 
| /* Override any GCC internal prototype to avoid an error.
|    Use char because int might match the return type of a GCC
|    builtin and then its argument prototype would still apply.  */
| #ifdef __cplusplus
| extern "C"
| #endif
| char time_base_to_time ();
| /* The GNU C library defines this for functions which it implements
|     to always fail with ENOSYS.  Some functions are actually named
|     something starting with __ and the normal name is an alias.  */
| #if defined __stub_time_base_to_time || defined __stub___time_base_to_time
| choke me
| #endif
| 
| int
| main ()
| {
| return time_base_to_time ();
|   ;
|   return 0;
| }
configure:17007: result: no
configure:17007: checking for drand48
configure:17007: icx -o conftest -O3 -fomit-frame-pointer -mtune=native -fstrict-aliasing -ffast-math   conftest.c -lm  >&5
configure:17007: $? = 0
configure:17007: result: yes
configure:17007: checking for sqrt
configure:17007: icx -o conftest -O3 -fomit-frame-pointer -mtune=native -fstrict-aliasing -ffast-math   conftest.c -lm  >&5
conftest.c:83:6: warning: incompatible redeclaration of library function 'sqrt' [-Wincompatible-library-redeclaration]
   83 | char sqrt ();
      |      ^
conftest.c:83:6: note: 'sqrt' is a builtin with type 'double (double)'
1 warning generated.
configure:17007: $? = 0
configure:17007: result: yes
configure:17007: checking for memset
configure:17007: icx -o conftest -O3 -fomit-frame-pointer -mtune=native -fstrict-aliasing -ffast-math   conftest.c -lm  >&5
conftest.c:84:6: warning: incompatible redeclaration of library function 'memset' [-Wincompatible-library-redeclaration]
   84 | char memset ();
      |      ^
conftest.c:84:6: note: 'memset' is a builtin with type 'void *(void *, int, unsigned long)'
1 warning generated.
configure:17007: $? = 0
configure:17007: result: yes
configure:17007: checking for posix_memalign
configure:17007: icx -o conftest -O3 -fomit-frame-pointer -mtune=native -fstrict-aliasing -ffast-math   conftest.c -lm  >&5
configure:17007: $? = 0
configure:17007: result: yes
configure:17007: checking for memalign
configure:17007: icx -o conftest -O3 -fomit-frame-pointer -mtune=native -fstrict-aliasing -ffast-math   conftest.c -lm  >&5
conftest.c:86:6: warning: incompatible redeclaration of library function 'memalign' [-Wincompatible-library-redeclaration]
   86 | char memalign ();
      |      ^
conftest.c:86:6: note: 'memalign' is a builtin with type 'void *(unsigned long, unsigned long)'
1 warning generated.
configure:17007: $? = 0
configure:17007: result: yes
configure:17007: checking for _mm_malloc
configure:17007: icx -o conftest -O3 -fomit-frame-pointer -mtune=native -fstrict-aliasing -ffast-math   conftest.c -lm  >&5
configure:17007: $? = 0
configure:17007: result: yes
configure:17007: checking for _mm_free
configure:17007: icx -o conftest -O3 -fomit-frame-pointer -mtune=native -fstrict-aliasing -ffast-math   conftest.c -lm  >&5
configure:17007: $? = 0
configure:17007: result: yes
configure:17007: checking for clock_gettime
configure:17007: icx -o conftest -O3 -fomit-frame-pointer -mtune=native -fstrict-aliasing -ffast-math   conftest.c -lm  >&5
configure:17007: $? = 0
configure:17007: result: yes
configure:17007: checking for mach_absolute_time
configure:17007: icx -o conftest -O3 -fomit-frame-pointer -mtune=native -fstrict-aliasing -ffast-math   conftest.c -lm  >&5
/usr/bin/ld: /tmp/icx-f2eab456ae/conftest-d70950.o: in function `main':
conftest.c:(.text+0x16): undefined reference to `mach_absolute_time'
icx: error: linker command failed with exit code 1 (use -v to see invocation)
configure:17007: $? = 1
configure: failed program was:
| /* confdefs.h */
| #define PACKAGE_NAME "fftw"
| #define PACKAGE_TARNAME "fftw"
| #define PACKAGE_VERSION "3.3.6-pl2"
| #define PACKAGE_STRING "fftw 3.3.6-pl2"
| #define PACKAGE_BUGREPORT "fftw@fftw.org"
| #define PACKAGE_URL ""
| #define PACKAGE "fftw"
| #define VERSION "3.3.6-pl2"
| #define FFTW_ENABLE_ALLOCA 1
| #define FFTW_SINGLE 1
| #define BENCHFFT_SINGLE 1
| #define HAVE_AVX 1
| #define STDC_HEADERS 1
| #define HAVE_SYS_TYPES_H 1
| #define HAVE_SYS_STAT_H 1
| #define HAVE_STDLIB_H 1
| #define HAVE_STRING_H 1
| #define HAVE_MEMORY_H 1
| #define HAVE_STRINGS_H 1
| #define HAVE_INTTYPES_H 1
| #define HAVE_STDINT_H 1
| #define HAVE_UNISTD_H 1
| #define HAVE_DLFCN_H 1
| #define LT_OBJDIR ".libs/"
| #define HAVE_MPI 1
| #define SIZEOF_MPI_FINT 4
| #define STDC_HEADERS 1
| #define HAVE_LIBINTL_H 1
| #define HAVE_MALLOC_H 1
| #define HAVE_STDDEF_H 1
| #define HAVE_STDLIB_H 1
| #define HAVE_STRING_H 1
| #define HAVE_STRINGS_H 1
| #define HAVE_SYS_TIME_H 1
| #define HAVE_UNISTD_H 1
| #define HAVE_LIMITS_H 1
| #define HAVE_STDINT_H 1
| #define TIME_WITH_SYS_TIME 1
| #define HAVE_LONG_DOUBLE 1
| #define SIZEOF_INT 4
| #define SIZEOF_UNSIGNED_INT 4
| #define SIZEOF_LONG 8
| #define SIZEOF_UNSIGNED_LONG 8
| #define SIZEOF_LONG_LONG 8
| #define SIZEOF_UNSIGNED_LONG_LONG 8
| #define SIZEOF_SIZE_T 8
| #define SIZEOF_PTRDIFF_T 8
| #define HAVE_UINTPTR_T 1
| #define SIZEOF_FLOAT 4
| #define SIZEOF_DOUBLE 8
| #define SIZEOF_FFTW_R2R_KIND 4
| #define HAVE_ALLOCA_H 1
| #define HAVE_ALLOCA 1
| #define HAVE_VPRINTF 1
| #define HAVE_LIBM 1
| #define HAVE_GETTIMEOFDAY 1
| #define HAVE_DRAND48 1
| #define HAVE_SQRT 1
| #define HAVE_MEMSET 1
| #define HAVE_POSIX_MEMALIGN 1
| #define HAVE_MEMALIGN 1
| #define HAVE__MM_MALLOC 1
| #define HAVE__MM_FREE 1
| #define HAVE_CLOCK_GETTIME 1
| /* end confdefs.h.  */
| /* Define mach_absolute_time to an innocuous variant, in case <limits.h> declares mach_absolute_time.
|    For example, HP-UX 11i <limits.h> declares gettimeofday.  */
| #define mach_absolute_time innocuous_mach_absolute_time
| 
| /* System header to define __stub macros and hopefully few prototypes,
|     which can conflict with char mach_absolute_time (); below.
|     Prefer <limits.h> to <assert.h> if __STDC__ is defined, since
|     <limits.h> exists even on freestanding compilers.  */
| 
| #ifdef __STDC__
| # include <limits.h>
| #else
| # include <assert.h>
| #endif
| 
| #undef mach_absolute_time
| 
| /* Override any GCC internal prototype to avoid an error.
|    Use char because int might match the return type of a GCC
|    builtin and then its argument prototype would still apply.  */
| #ifdef __cplusplus
| extern "C"
| #endif
| char mach_absolute_time ();
| /* The GNU C library defines this for functions which it implements
|     to always fail with ENOSYS.  Some functions are actually named
|     something starting with __ and the normal name is an alias.  */
| #if defined __stub_mach_absolute_time || defined __stub___mach_absolute_time
| choke me
| #endif
| 
| int
| main ()
| {
| return mach_absolute_time ();
|   ;
|   return 0;
| }
configure:17007: result: no
configure:17007: checking for sysctl
configure:17007: icx -o conftest -O3 -fomit-frame-pointer -mtune=native -fstrict-aliasing -ffast-math   conftest.c -lm  >&5
/usr/bin/ld: /tmp/icx-d326ea90fb/conftest-c17ad0.o: in function `main':
conftest.c:(.text+0x16): undefined reference to `sysctl'
icx: error: linker command failed with exit code 1 (use -v to see invocation)
configure:17007: $? = 1
configure: failed program was:
| /* confdefs.h */
| #define PACKAGE_NAME "fftw"
| #define PACKAGE_TARNAME "fftw"
| #define PACKAGE_VERSION "3.3.6-pl2"
| #define PACKAGE_STRING "fftw 3.3.6-pl2"
| #define PACKAGE_BUGREPORT "fftw@fftw.org"
| #define PACKAGE_URL ""
| #define PACKAGE "fftw"
| #define VERSION "3.3.6-pl2"
| #define FFTW_ENABLE_ALLOCA 1
| #define FFTW_SINGLE 1
| #define BENCHFFT_SINGLE 1
| #define HAVE_AVX 1
| #define STDC_HEADERS 1
| #define HAVE_SYS_TYPES_H 1
| #define HAVE_SYS_STAT_H 1
| #define HAVE_STDLIB_H 1
| #define HAVE_STRING_H 1
| #define HAVE_MEMORY_H 1
| #define HAVE_STRINGS_H 1
| #define HAVE_INTTYPES_H 1
| #define HAVE_STDINT_H 1
| #define HAVE_UNISTD_H 1
| #define HAVE_DLFCN_H 1
| #define LT_OBJDIR ".libs/"
| #define HAVE_MPI 1
| #define SIZEOF_MPI_FINT 4
| #define STDC_HEADERS 1
| #define HAVE_LIBINTL_H 1
| #define HAVE_MALLOC_H 1
| #define HAVE_STDDEF_H 1
| #define HAVE_STDLIB_H 1
| #define HAVE_STRING_H 1
| #define HAVE_STRINGS_H 1
| #define HAVE_SYS_TIME_H 1
| #define HAVE_UNISTD_H 1
| #define HAVE_LIMITS_H 1
| #define HAVE_STDINT_H 1
| #define TIME_WITH_SYS_TIME 1
| #define HAVE_LONG_DOUBLE 1
| #define SIZEOF_INT 4
| #define SIZEOF_UNSIGNED_INT 4
| #define SIZEOF_LONG 8
| #define SIZEOF_UNSIGNED_LONG 8
| #define SIZEOF_LONG_LONG 8
| #define SIZEOF_UNSIGNED_LONG_LONG 8
| #define SIZEOF_SIZE_T 8
| #define SIZEOF_PTRDIFF_T 8
| #define HAVE_UINTPTR_T 1
| #define SIZEOF_FLOAT 4
| #define SIZEOF_DOUBLE 8
| #define SIZEOF_FFTW_R2R_KIND 4
| #define HAVE_ALLOCA_H 1
| #define HAVE_ALLOCA 1
| #define HAVE_VPRINTF 1
| #define HAVE_LIBM 1
| #define HAVE_GETTIMEOFDAY 1
| #define HAVE_DRAND48 1
| #define HAVE_SQRT 1
| #define HAVE_MEMSET 1
| #define HAVE_POSIX_MEMALIGN 1
| #define HAVE_MEMALIGN 1
| #define HAVE__MM_MALLOC 1
| #define HAVE__MM_FREE 1
| #define HAVE_CLOCK_GETTIME 1
| /* end confdefs.h.  */
| /* Define sysctl to an innocuous variant, in case <limits.h> declares sysctl.
|    For example, HP-UX 11i <limits.h> declares gettimeofday.  */
| #define sysctl innocuous_sysctl
| 
| /* System header to define __stub macros and hopefully few prototypes,
|     which can conflict with char sysctl (); below.
|     Prefer <limits.h> to <assert.h> if __STDC__ is defined, since
|     <limits.h> exists even on freestanding compilers.  */
| 
| #ifdef __STDC__
| # include <limits.h>
| #else
| # include <assert.h>
| #endif
| 
| #undef sysctl
| 
| /* Override any GCC internal prototype to avoid an error.
|    Use char because int might match the return type of a GCC
|    builtin and then its argument prototype would still apply.  */
| #ifdef __cplusplus
| extern "C"
| #endif
| char sysctl ();
| /* The GNU C library defines this for functions which it implements
|     to always fail with ENOSYS.  Some functions are actually named
|     something starting with __ and the normal name is an alias.  */
| #if defined __stub_sysctl || defined __stub___sysctl
| choke me
| #endif
| 
| int
| main ()
| {
| return sysctl ();
|   ;
|   return 0;
| }
configure:17007: result: no
configure:17007: checking for abort
configure:17007: icx -o conftest -O3 -fomit-frame-pointer -mtune=native -fstrict-aliasing -ffast-math   conftest.c -lm  >&5
conftest.c:90:6: warning: incompatible redeclaration of library function 'abort' [-Wincompatible-library-redeclaration]
   90 | char abort ();
      |      ^
conftest.c:90:6: note: 'abort' is a builtin with type 'void (void) __attribute__((noreturn))'
1 warning generated.
configure:17007: $? = 0
configure:17007: result: yes
configure:17007: checking for sinl
configure:17007: icx -o conftest -O3 -fomit-frame-pointer -mtune=native -fstrict-aliasing -ffast-math   conftest.c -lm  >&5
conftest.c:91:6: warning: incompatible redeclaration of library function 'sinl' [-Wincompatible-library-redeclaration]
   91 | char sinl ();
      |      ^
conftest.c:91:6: note: 'sinl' is a builtin with type 'long double (long double)'
1 warning generated.
configure:17007: $? = 0
configure:17007: result: yes
configure:17007: checking for cosl
configure:17007: icx -o conftest -O3 -fomit-frame-pointer -mtune=native -fstrict-aliasing -ffast-math   conftest.c -lm  >&5
conftest.c:92:6: warning: incompatible redeclaration of library function 'cosl' [-Wincompatible-library-redeclaration]
   92 | char cosl ();
      |      ^
conftest.c:92:6: note: 'cosl' is a builtin with type 'long double (long double)'
1 warning generated.
configure:17007: $? = 0
configure:17007: result: yes
configure:17007: checking for snprintf
configure:17007: icx -o conftest -O3 -fomit-frame-pointer -mtune=native -fstrict-aliasing -ffast-math   conftest.c -lm  >&5
conftest.c:93:6: warning: incompatible redeclaration of library function 'snprintf' [-Wincompatible-library-redeclaration]
   93 | char snprintf ();
      |      ^
conftest.c:93:6: note: 'snprintf' is a builtin with type 'int (char *restrict, unsigned long, const char *restrict, ...)'
1 warning generated.
configure:17007: $? = 0
configure:17007: result: yes
configure:17016: checking whether sinl is declared
configure:17016: icx -c -O3 -fomit-frame-pointer -mtune=native -fstrict-aliasing -ffast-math  conftest.c >&5
configure:17016: $? = 0
configure:17016: result: yes
configure:17027: checking whether cosl is declared
configure:17027: icx -c -O3 -fomit-frame-pointer -mtune=native -fstrict-aliasing -ffast-math  conftest.c >&5
configure:17027: $? = 0
configure:17027: result: yes
configure:17038: checking whether sinq is declared
configure:17038: icx -c -O3 -fomit-frame-pointer -mtune=native -fstrict-aliasing -ffast-math  conftest.c >&5
conftest.c:82:10: error: use of undeclared identifier 'sinq'
   82 |   (void) sinq;
      |          ^~~~
1 error generated.
configure:17038: $? = 1
configure: failed program was:
| /* confdefs.h */
| #define PACKAGE_NAME "fftw"
| #define PACKAGE_TARNAME "fftw"
| #define PACKAGE_VERSION "3.3.6-pl2"
| #define PACKAGE_STRING "fftw 3.3.6-pl2"
| #define PACKAGE_BUGREPORT "fftw@fftw.org"
| #define PACKAGE_URL ""
| #define PACKAGE "fftw"
| #define VERSION "3.3.6-pl2"
| #define FFTW_ENABLE_ALLOCA 1
| #define FFTW_SINGLE 1
| #define BENCHFFT_SINGLE 1
| #define HAVE_AVX 1
| #define STDC_HEADERS 1
| #define HAVE_SYS_TYPES_H 1
| #define HAVE_SYS_STAT_H 1
| #define HAVE_STDLIB_H 1
| #define HAVE_STRING_H 1
| #define HAVE_MEMORY_H 1
| #define HAVE_STRINGS_H 1
| #define HAVE_INTTYPES_H 1
| #define HAVE_STDINT_H 1
| #define HAVE_UNISTD_H 1
| #define HAVE_DLFCN_H 1
| #define LT_OBJDIR ".libs/"
| #define HAVE_MPI 1
| #define SIZEOF_MPI_FINT 4
| #define STDC_HEADERS 1
| #define HAVE_LIBINTL_H 1
| #define HAVE_MALLOC_H 1
| #define HAVE_STDDEF_H 1
| #define HAVE_STDLIB_H 1
| #define HAVE_STRING_H 1
| #define HAVE_STRINGS_H 1
| #define HAVE_SYS_TIME_H 1
| #define HAVE_UNISTD_H 1
| #define HAVE_LIMITS_H 1
| #define HAVE_STDINT_H 1
| #define TIME_WITH_SYS_TIME 1
| #define HAVE_LONG_DOUBLE 1
| #define SIZEOF_INT 4
| #define SIZEOF_UNSIGNED_INT 4
| #define SIZEOF_LONG 8
| #define SIZEOF_UNSIGNED_LONG 8
| #define SIZEOF_LONG_LONG 8
| #define SIZEOF_UNSIGNED_LONG_LONG 8
| #define SIZEOF_SIZE_T 8
| #define SIZEOF_PTRDIFF_T 8
| #define HAVE_UINTPTR_T 1
| #define SIZEOF_FLOAT 4
| #define SIZEOF_DOUBLE 8
| #define SIZEOF_FFTW_R2R_KIND 4
| #define HAVE_ALLOCA_H 1
| #define HAVE_ALLOCA 1
| #define HAVE_VPRINTF 1
| #define HAVE_LIBM 1
| #define HAVE_GETTIMEOFDAY 1
| #define HAVE_DRAND48 1
| #define HAVE_SQRT 1
| #define HAVE_MEMSET 1
| #define HAVE_POSIX_MEMALIGN 1
| #define HAVE_MEMALIGN 1
| #define HAVE__MM_MALLOC 1
| #define HAVE__MM_FREE 1
| #define HAVE_CLOCK_GETTIME 1
| #define HAVE_ABORT 1
| #define HAVE_SINL 1
| #define HAVE_COSL 1
| #define HAVE_SNPRINTF 1
| #define HAVE_DECL_SINL 1
| #define HAVE_DECL_COSL 1
| /* end confdefs.h.  */
| #include <math.h>
| 
| int
| main ()
| {
| #ifndef sinq
| #ifdef __cplusplus
|   (void) sinq;
| #else
|   (void) sinq;
| #endif
| #endif
| 
|   ;
|   return 0;
| }
configure:17038: result: no
configure:17049: checking whether cosq is declared
configure:17049: icx -c -O3 -fomit-frame-pointer -mtune=native -fstrict-aliasing -ffast-math  conftest.c >&5
conftest.c:83:10: error: use of undeclared identifier 'cosq'
   83 |   (void) cosq;
      |          ^~~~
1 error generated.
configure:17049: $? = 1
configure: failed program was:
| /* confdefs.h */
| #define PACKAGE_NAME "fftw"
| #define PACKAGE_TARNAME "fftw"
| #define PACKAGE_VERSION "3.3.6-pl2"
| #define PACKAGE_STRING "fftw 3.3.6-pl2"
| #define PACKAGE_BUGREPORT "fftw@fftw.org"
| #define PACKAGE_URL ""
| #define PACKAGE "fftw"
| #define VERSION "3.3.6-pl2"
| #define FFTW_ENABLE_ALLOCA 1
| #define FFTW_SINGLE 1
| #define BENCHFFT_SINGLE 1
| #define HAVE_AVX 1
| #define STDC_HEADERS 1
| #define HAVE_SYS_TYPES_H 1
| #define HAVE_SYS_STAT_H 1
| #define HAVE_STDLIB_H 1
| #define HAVE_STRING_H 1
| #define HAVE_MEMORY_H 1
| #define HAVE_STRINGS_H 1
| #define HAVE_INTTYPES_H 1
| #define HAVE_STDINT_H 1
| #define HAVE_UNISTD_H 1
| #define HAVE_DLFCN_H 1
| #define LT_OBJDIR ".libs/"
| #define HAVE_MPI 1
| #define SIZEOF_MPI_FINT 4
| #define STDC_HEADERS 1
| #define HAVE_LIBINTL_H 1
| #define HAVE_MALLOC_H 1
| #define HAVE_STDDEF_H 1
| #define HAVE_STDLIB_H 1
| #define HAVE_STRING_H 1
| #define HAVE_STRINGS_H 1
| #define HAVE_SYS_TIME_H 1
| #define HAVE_UNISTD_H 1
| #define HAVE_LIMITS_H 1
| #define HAVE_STDINT_H 1
| #define TIME_WITH_SYS_TIME 1
| #define HAVE_LONG_DOUBLE 1
| #define SIZEOF_INT 4
| #define SIZEOF_UNSIGNED_INT 4
| #define SIZEOF_LONG 8
| #define SIZEOF_UNSIGNED_LONG 8
| #define SIZEOF_LONG_LONG 8
| #define SIZEOF_UNSIGNED_LONG_LONG 8
| #define SIZEOF_SIZE_T 8
| #define SIZEOF_PTRDIFF_T 8
| #define HAVE_UINTPTR_T 1
| #define SIZEOF_FLOAT 4
| #define SIZEOF_DOUBLE 8
| #define SIZEOF_FFTW_R2R_KIND 4
| #define HAVE_ALLOCA_H 1
| #define HAVE_ALLOCA 1
| #define HAVE_VPRINTF 1
| #define HAVE_LIBM 1
| #define HAVE_GETTIMEOFDAY 1
| #define HAVE_DRAND48 1
| #define HAVE_SQRT 1
| #define HAVE_MEMSET 1
| #define HAVE_POSIX_MEMALIGN 1
| #define HAVE_MEMALIGN 1
| #define HAVE__MM_MALLOC 1
| #define HAVE__MM_FREE 1
| #define HAVE_CLOCK_GETTIME 1
| #define HAVE_ABORT 1
| #define HAVE_SINL 1
| #define HAVE_COSL 1
| #define HAVE_SNPRINTF 1
| #define HAVE_DECL_SINL 1
| #define HAVE_DECL_COSL 1
| #define HAVE_DECL_SINQ 0
| /* end confdefs.h.  */
| #include <math.h>
| 
| int
| main ()
| {
| #ifndef cosq
| #ifdef __cplusplus
|   (void) cosq;
| #else
|   (void) cosq;
| #endif
| #endif
| 
|   ;
|   return 0;
| }
configure:17049: result: no
configure:17061: checking whether memalign is declared
configure:17061: icx -c -O3 -fomit-frame-pointer -mtune=native -fstrict-aliasing -ffast-math  conftest.c >&5
configure:17061: $? = 0
configure:17061: result: yes
configure:17076: checking whether drand48 is declared
configure:17076: icx -c -O3 -fomit-frame-pointer -mtune=native -fstrict-aliasing -ffast-math  conftest.c >&5
configure:17076: $? = 0
configure:17076: result: yes
configure:17086: checking whether srand48 is declared
configure:17086: icx -c -O3 -fomit-frame-pointer -mtune=native -fstrict-aliasing -ffast-math  conftest.c >&5
configure:17086: $? = 0
configure:17086: result: yes
configure:17096: checking whether posix_memalign is declared
configure:17096: icx -c -O3 -fomit-frame-pointer -mtune=native -fstrict-aliasing -ffast-math  conftest.c >&5
configure:17096: $? = 0
configure:17096: result: yes
configure:17107: checking for _rtc intrinsic
configure:17123: icx -o conftest -O3 -fomit-frame-pointer -mtune=native -fstrict-aliasing -ffast-math   conftest.c -lm  >&5
conftest.c:85:1: error: call to undeclared function '_rtc'; ISO C99 and later do not support implicit function declarations [-Wimplicit-function-declaration]
   85 | _rtc()
      | ^
1 error generated.
configure:17123: $? = 1
configure: failed program was:
| /* confdefs.h */
| #define PACKAGE_NAME "fftw"
| #define PACKAGE_TARNAME "fftw"
| #define PACKAGE_VERSION "3.3.6-pl2"
| #define PACKAGE_STRING "fftw 3.3.6-pl2"
| #define PACKAGE_BUGREPORT "fftw@fftw.org"
| #define PACKAGE_URL ""
| #define PACKAGE "fftw"
| #define VERSION "3.3.6-pl2"
| #define FFTW_ENABLE_ALLOCA 1
| #define FFTW_SINGLE 1
| #define BENCHFFT_SINGLE 1
| #define HAVE_AVX 1
| #define STDC_HEADERS 1
| #define HAVE_SYS_TYPES_H 1
| #define HAVE_SYS_STAT_H 1
| #define HAVE_STDLIB_H 1
| #define HAVE_STRING_H 1
| #define HAVE_MEMORY_H 1
| #define HAVE_STRINGS_H 1
| #define HAVE_INTTYPES_H 1
| #define HAVE_STDINT_H 1
| #define HAVE_UNISTD_H 1
| #define HAVE_DLFCN_H 1
| #define LT_OBJDIR ".libs/"
| #define HAVE_MPI 1
| #define SIZEOF_MPI_FINT 4
| #define STDC_HEADERS 1
| #define HAVE_LIBINTL_H 1
| #define HAVE_MALLOC_H 1
| #define HAVE_STDDEF_H 1
| #define HAVE_STDLIB_H 1
| #define HAVE_STRING_H 1
| #define HAVE_STRINGS_H 1
| #define HAVE_SYS_TIME_H 1
| #define HAVE_UNISTD_H 1
| #define HAVE_LIMITS_H 1
| #define HAVE_STDINT_H 1
| #define TIME_WITH_SYS_TIME 1
| #define HAVE_LONG_DOUBLE 1
| #define SIZEOF_INT 4
| #define SIZEOF_UNSIGNED_INT 4
| #define SIZEOF_LONG 8
| #define SIZEOF_UNSIGNED_LONG 8
| #define SIZEOF_LONG_LONG 8
| #define SIZEOF_UNSIGNED_LONG_LONG 8
| #define SIZEOF_SIZE_T 8
| #define SIZEOF_PTRDIFF_T 8
| #define HAVE_UINTPTR_T 1
| #define SIZEOF_FLOAT 4
| #define SIZEOF_DOUBLE 8
| #define SIZEOF_FFTW_R2R_KIND 4
| #define HAVE_ALLOCA_H 1
| #define HAVE_ALLOCA 1
| #define HAVE_VPRINTF 1
| #define HAVE_LIBM 1
| #define HAVE_GETTIMEOFDAY 1
| #define HAVE_DRAND48 1
| #define HAVE_SQRT 1
| #define HAVE_MEMSET 1
| #define HAVE_POSIX_MEMALIGN 1
| #define HAVE_MEMALIGN 1
| #define HAVE__MM_MALLOC 1
| #define HAVE__MM_FREE 1
| #define HAVE_CLOCK_GETTIME 1
| #define HAVE_ABORT 1
| #define HAVE_SINL 1
| #define HAVE_COSL 1
| #define HAVE_SNPRINTF 1
| #define HAVE_DECL_SINL 1
| #define HAVE_DECL_COSL 1
| #define HAVE_DECL_SINQ 0
| #define HAVE_DECL_COSQ 0
| #define HAVE_DECL_MEMALIGN 1
| #define HAVE_DECL_DRAND48 1
| #define HAVE_DECL_SRAND48 1
| #define HAVE_DECL_POSIX_MEMALIGN 1
| /* end confdefs.h.  */
| #ifdef HAVE_INTRINSICS_H
| #include <intrinsics.h>
| #endif
| int
| main ()
| {
| _rtc()
|   ;
|   return 0;
| }
configure:17132: result: no
configure:17152: checking for isnan
configure:17166: icx -o conftest -O3 -fomit-frame-pointer -mtune=native -fstrict-aliasing -ffast-math   conftest.c -lm  >&5
configure:17166: $? = 0
configure:17178: result: yes
configure:17185: checking whether C compiler accepts -mpreferred-stack-boundary=4
configure:17204: icx -c -mpreferred-stack-boundary=4  conftest.c >&5
icx: command line warning #10430: Unsupported command line options encountered
These options as listed are not supported.
For more information, use '-qnextgen-diag'.
option list: 
	-mpreferred-stack-boundary=4
configure:17204: $? = 0
configure:17214: result: yes
configure:17218: checking whether the stack is at least 8-byte aligned by gcc
configure:17222: checking whether C compiler accepts -malign-double
configure:17241: icx -c -malign-double  conftest.c >&5
configure:17241: $? = 0
configure:17251: result: yes
configure:17313: icx -o conftest -O -malign-double   conftest.c -lm  >&5
configure:17313: $? = 0
configure:17313: ./conftest
configure:17313: $? = 0
configure:17323: result: yes
configure:17529: checking for Fortran 77 compiler version
configure:17538: ifx --version >&5
ifx (IFX) 2025.3.0 20251010
Copyright (C) 1985-2025 Intel Corporation. All rights reserved.

configure:17549: $? = 0
configure:17538: ifx -v >&5
ifx version 2025.3.0
configure:17549: $? = 0
configure:17538: ifx -V >&5
Intel(R) Fortran Compiler for applications running on Intel(R) 64, Version 2025.3.0 Build 20251010
Copyright (C) 1985-2025 Intel Corporation. All rights reserved.

configure:17549: $? = 0
configure:17538: ifx -qversion >&5
ifx: command line warning #10006: ignoring unknown option '-qversion'
ifx: command line error: no files specified; for help type "ifx -help"
configure:17549: $? = 1
configure:17558: checking whether we are using the GNU Fortran 77 compiler
configure:17571: ifx -c  conftest.F >&5
conftest.F(3): error #5082: Syntax error, found END-OF-STATEMENT when expecting one of: ( : % [ . = =>
       choke me
---------------^
conftest.F(3): error #6218: This statement is positioned incorrectly and/or has syntax errors.
       choke me
-------^
compilation aborted for conftest.F (code 1)
configure:17571: $? = 1
configure: failed program was:
|       program main
| #ifndef __GNUC__
|        choke me
| #endif
| 
|       end
configure:17580: result: no
configure:17586: checking whether ifx accepts -g
configure:17597: ifx -c -g conftest.f >&5
ifx: remark #10440: Note that use of a debug option without any optimization-level option will turnoff most compiler optimizations similar to use of '-O0'
configure:17597: $? = 0
configure:17605: result: yes
configure:17734: checking if libtool supports shared libraries
configure:17736: result: yes
configure:17739: checking whether to build shared libraries
configure:17763: result: no
configure:17766: checking whether to build static libraries
configure:17770: result: yes
configure:18122: checking for ifx option to produce PIC
configure:18129: result: -fPIC
configure:18137: checking if ifx PIC flag -fPIC works
configure:18155: ifx -c -g -fPIC conftest.f >&5
ifx: remark #10440: Note that use of a debug option without any optimization-level option will turnoff most compiler optimizations similar to use of '-O0'
configure:18159: $? = 0
configure:18172: result: yes
configure:18195: checking if ifx static flag -static works
configure:18223: result: no
configure:18235: checking if ifx supports -c -o file.o
configure:18256: ifx -c -g -o out/conftest2.o conftest.f >&5
ifx: remark #10440: Note that use of a debug option without any optimization-level option will turnoff most compiler optimizations similar to use of '-O0'
configure:18260: $? = 0
configure:18282: result: yes
configure:18287: checking if ifx supports -c -o file.o
configure:18334: result: yes
configure:18364: checking whether the ifx linker (/usr/bin/ld -m elf_x86_64) supports shared libraries
configure:19577: result: yes
configure:19718: checking dynamic linker characteristics
configure:20469: result: GNU/Linux ld.so
configure:20534: checking how to hardcode library paths into programs
configure:20559: result: immediate
configure:20601: checking how to get verbose linking output from ifx
configure:20611: ifx -c -g conftest.f >&5
ifx: remark #10440: Note that use of a debug option without any optimization-level option will turnoff most compiler optimizations similar to use of '-O0'
configure:20611: $? = 0
configure:20629: ifx -o conftest -g -v conftest.f -lm
ifx version 2025.3.0
ifx: remark #10440: Note that use of a debug option without any optimization-level option will turnoff most compiler optimizations similar to use of '-O0'
/opt/ohpc/pub/intel/oneapi-2025.03/compiler/2025.3/bin/compiler/xfortcom    -triple x86_64-unknown-linux-gnu -emit-obj -mrelax-all "-verify nomodule" -main-file-name conftest.f -mllvm --relocation-model=static "-options-string -o conftest -g -v -lm " -menable-unsafe-fp-math -freciprocal-math -mframe-pointer=all -omp_simd -target-cpu x86-64 -target-linker-version 2.35.2 -debug-info-kind=limited -dwarf-version=4 -mllvm -debug-line-version=2 -O0 -fveclib=SVML -fno-inline -fno-inline-functions -mllvm -loopopt=1 -floopopt-pipeline=light -mllvm -disable-hir-generate-mkl-call -mllvm -paropt=11 -mllvm -vecopt=true -mllvm -enable-vec-clone=true -fintel-libirc-allowed -o /tmp/ifx0980353659sd30DU/ifxlvyAxg.o -D__INTEL_LLVM_COMPILER=20250300 -D__INTEL_LLVM_COMPILER_UPDATE=0 -D__unix__ -D__unix -D__linux__ -D__linux -D__gnu_linux__ -Dunix -Dlinux -D__ELF__ -D__x86_64 -D__x86_64__ -D__amd64 -D__amd64__ -D__INTEL_COMPILER_BUILD_DATE=20251010 -D__MMX__ -D__SSE__ -D__SSE_MATH__ -D__SSE2__ -D__SSE2_MATH__ -D__pentium4 -D__pentium4__ -D__tune_pentium4__ -D__INTEL_COMPILER=20250300 -D__INTEL_COMPILER_UPDATE=0 -I. -I/opt/ohpc/pub/intel/oneapi-2025.03/mpi/2021.17/include -I/opt/ohpc/pub/intel/oneapi-2025.03/dev-utilities/2025.3/include -I/opt/ohpc/pub/intel/oneapi-2025.03/umf/1.0/include -I/opt/ohpc/pub/intel/oneapi-2025.03/umf/1.0/include -I/opt/ohpc/pub/intel/oneapi-2025.03/tbb/2022.3/include -I/opt/ohpc/pub/intel/oneapi-2025.03/compiler/2025.3/opt/compiler/include/intel64 -I/opt/ohpc/pub/intel/oneapi-2025.03/compiler/2025.3/opt/compiler/include -I/opt/ohpc/pub/intel/oneapi-2025.03/compiler/2025.3/include -I/usr/local/include -I/opt/ohpc/pub/intel/oneapi-2025.03/compiler/2025.3/lib/clang/21/include -I/usr/include -faltmathlib=SVML "-fp_model fast" "-fp_modbits honor_f32_conversion" "-fp_modbits honor_f64_conversion" -omp_simd -O0 -g2 "-reentrancy threaded" -simd -offload_host -nooffload_do_concurrent conftest.f
#include "..." search starts here:
#include <...> search starts here:
 .
 /opt/ohpc/pub/intel/oneapi-2025.03/mpi/2021.17/include
 /opt/ohpc/pub/intel/oneapi-2025.03/dev-utilities/2025.3/include
 /opt/ohpc/pub/intel/oneapi-2025.03/umf/1.0/include
 /opt/ohpc/pub/intel/oneapi-2025.03/umf/1.0/include
 /opt/ohpc/pub/intel/oneapi-2025.03/tbb/2022.3/include
 /opt/ohpc/pub/intel/oneapi-2025.03/compiler/2025.3/opt/compiler/include/intel64
 /opt/ohpc/pub/intel/oneapi-2025.03/compiler/2025.3/opt/compiler/include
 /opt/ohpc/pub/intel/oneapi-2025.03/compiler/2025.3/include
 /usr/local/include
 /opt/ohpc/pub/intel/oneapi-2025.03/compiler/2025.3/lib/clang/21/include
 /usr/include
End of search list.
ld    /lib/../lib64/crt1.o /lib/../lib64/crti.o /opt/ohpc/pub/compiler/gcc/15.1.0/lib/gcc/x86_64-pc-linux-gnu/15.1.0/crtbegin.o --eh-frame-hdr --build-id -dynamic-linker /lib64/ld-linux-x86-64.so.2 -m elf_x86_64 -o conftest /opt/ohpc/pub/intel/oneapi-2025.03/compiler/2025.3/lib/for_main.o -L/opt/ohpc/pub/intel/oneapi-2025.03/mpi/2021.17/opt/mpi/libfabric/lib -L/opt/ohpc/pub/intel/oneapi-2025.03/mpi/2021.17/lib -L/opt/ohpc/pub/intel/oneapi-2025.03/compiler/2025.3/lib -L/opt/ohpc/pub/intel/oneapi-2025.03/umf/1.0/lib -L/opt/ohpc/pub/intel/oneapi-2025.03/tbb/2022.3/lib -L/opt/ohpc/pub/intel/oneapi-2025.03/compiler/2025.3/lib -L/opt/ohpc/pub/intel/oneapi-2025.03/compiler/2025.3/lib -L/opt/ohpc/pub/intel/oneapi-2025.03/compiler/2025.3/lib/clang/21/lib/x86_64-unknown-linux-gnu -L/opt/ohpc/pub/intel/oneapi-2025.03/compiler/2025.3/lib -L/opt/ohpc/pub/compiler/gcc/15.1.0/lib/gcc/x86_64-pc-linux-gnu/15.1.0/ -L/opt/ohpc/pub/compiler/gcc/15.1.0/lib/gcc/x86_64-pc-linux-gnu/15.1.0/../../../../lib64 -L/opt/ohpc/pub/compiler/gcc/15.1.0/lib/gcc/x86_64-pc-linux-gnu/15.1.0/../../../../lib64/ -L/lib/../lib64 -L/lib/../lib64/ -L/usr/lib/../lib64 -L/usr/lib/../lib64/ -L/opt/ohpc/pub/intel/oneapi-2025.03/mpi/2021.17/opt/mpi/libfabric/lib/ -L/opt/ohpc/pub/intel/oneapi-2025.03/mpi/2021.17/lib/ -L/opt/ohpc/pub/intel/oneapi-2025.03/compiler/2025.3/lib/ -L/opt/ohpc/pub/intel/oneapi-2025.03/umf/1.0/lib/ -L/opt/ohpc/pub/intel/oneapi-2025.03/tbb/2022.3/lib/ -L/opt/ohpc/pub/compiler/gcc/15.1.0/lib/gcc/x86_64-pc-linux-gnu/15.1.0/../../../ -L/lib64 -L/lib/ -L/usr/lib64 -L/usr/lib /tmp/ifx0980353659sd30DU/ifxlvyAxg.o -L/opt/ohpc/pub/intel/oneapi-2025.03/compiler/2025.3/lib -limf -Bdynamic -lm -Bdynamic -Bstatic -lifport -lifcoremt -Bdynamic -limf -Bstatic -lsvml -Bdynamic -lm -Bstatic -lipgo -lirc -Bdynamic -lpthread -Bstatic -lsvml -Bdynamic -lc -lgcc -lgcc_s -Bstatic -lirc_s -Bdynamic -ldl -lc /opt/ohpc/pub/compiler/gcc/15.1.0/lib/gcc/x86_64-pc-linux-gnu/15.1.0/crtend.o /lib/../lib64/crtn.o
configure:20712: result: -v
configure:20714: checking for Fortran 77 libraries of ifx
configure:20737: ifx -o conftest -g -v conftest.f -lm
ifx version 2025.3.0
ifx: remark #10440: Note that use of a debug option without any optimization-level option will turnoff most compiler optimizations similar to use of '-O0'
/opt/ohpc/pub/intel/oneapi-2025.03/compiler/2025.3/bin/compiler/xfortcom    -triple x86_64-unknown-linux-gnu -emit-obj -mrelax-all "-verify nomodule" -main-file-name conftest.f -mllvm --relocation-model=static "-options-string -o conftest -g -v -lm " -menable-unsafe-fp-math -freciprocal-math -mframe-pointer=all -omp_simd -target-cpu x86-64 -target-linker-version 2.35.2 -debug-info-kind=limited -dwarf-version=4 -mllvm -debug-line-version=2 -O0 -fveclib=SVML -fno-inline -fno-inline-functions -mllvm -loopopt=1 -floopopt-pipeline=light -mllvm -disable-hir-generate-mkl-call -mllvm -paropt=11 -mllvm -vecopt=true -mllvm -enable-vec-clone=true -fintel-libirc-allowed -o /tmp/ifx1865283854fdWZ8s/ifxUsZ2RG.o -D__INTEL_LLVM_COMPILER=20250300 -D__INTEL_LLVM_COMPILER_UPDATE=0 -D__unix__ -D__unix -D__linux__ -D__linux -D__gnu_linux__ -Dunix -Dlinux -D__ELF__ -D__x86_64 -D__x86_64__ -D__amd64 -D__amd64__ -D__INTEL_COMPILER_BUILD_DATE=20251010 -D__MMX__ -D__SSE__ -D__SSE_MATH__ -D__SSE2__ -D__SSE2_MATH__ -D__pentium4 -D__pentium4__ -D__tune_pentium4__ -D__INTEL_COMPILER=20250300 -D__INTEL_COMPILER_UPDATE=0 -I. -I/opt/ohpc/pub/intel/oneapi-2025.03/mpi/2021.17/include -I/opt/ohpc/pub/intel/oneapi-2025.03/dev-utilities/2025.3/include -I/opt/ohpc/pub/intel/oneapi-2025.03/umf/1.0/include -I/opt/ohpc/pub/intel/oneapi-2025.03/umf/1.0/include -I/opt/ohpc/pub/intel/oneapi-2025.03/tbb/2022.3/include -I/opt/ohpc/pub/intel/oneapi-2025.03/compiler/2025.3/opt/compiler/include/intel64 -I/opt/ohpc/pub/intel/oneapi-2025.03/compiler/2025.3/opt/compiler/include -I/opt/ohpc/pub/intel/oneapi-2025.03/compiler/2025.3/include -I/usr/local/include -I/opt/ohpc/pub/intel/oneapi-2025.03/compiler/2025.3/lib/clang/21/include -I/usr/include -faltmathlib=SVML "-fp_model fast" "-fp_modbits honor_f32_conversion" "-fp_modbits honor_f64_conversion" -omp_simd -O0 -g2 "-reentrancy threaded" -simd -offload_host -nooffload_do_concurrent conftest.f
#include "..." search starts here:
#include <...> search starts here:
 .
 /opt/ohpc/pub/intel/oneapi-2025.03/mpi/2021.17/include
 /opt/ohpc/pub/intel/oneapi-2025.03/dev-utilities/2025.3/include
 /opt/ohpc/pub/intel/oneapi-2025.03/umf/1.0/include
 /opt/ohpc/pub/intel/oneapi-2025.03/umf/1.0/include
 /opt/ohpc/pub/intel/oneapi-2025.03/tbb/2022.3/include
 /opt/ohpc/pub/intel/oneapi-2025.03/compiler/2025.3/opt/compiler/include/intel64
 /opt/ohpc/pub/intel/oneapi-2025.03/compiler/2025.3/opt/compiler/include
 /opt/ohpc/pub/intel/oneapi-2025.03/compiler/2025.3/include
 /usr/local/include
 /opt/ohpc/pub/intel/oneapi-2025.03/compiler/2025.3/lib/clang/21/include
 /usr/include
End of search list.
ld    /lib/../lib64/crt1.o /lib/../lib64/crti.o /opt/ohpc/pub/compiler/gcc/15.1.0/lib/gcc/x86_64-pc-linux-gnu/15.1.0/crtbegin.o --eh-frame-hdr --build-id -dynamic-linker /lib64/ld-linux-x86-64.so.2 -m elf_x86_64 -o conftest /opt/ohpc/pub/intel/oneapi-2025.03/compiler/2025.3/lib/for_main.o -L/opt/ohpc/pub/intel/oneapi-2025.03/mpi/2021.17/opt/mpi/libfabric/lib -L/opt/ohpc/pub/intel/oneapi-2025.03/mpi/2021.17/lib -L/opt/ohpc/pub/intel/oneapi-2025.03/compiler/2025.3/lib -L/opt/ohpc/pub/intel/oneapi-2025.03/umf/1.0/lib -L/opt/ohpc/pub/intel/oneapi-2025.03/tbb/2022.3/lib -L/opt/ohpc/pub/intel/oneapi-2025.03/compiler/2025.3/lib -L/opt/ohpc/pub/intel/oneapi-2025.03/compiler/2025.3/lib -L/opt/ohpc/pub/intel/oneapi-2025.03/compiler/2025.3/lib/clang/21/lib/x86_64-unknown-linux-gnu -L/opt/ohpc/pub/intel/oneapi-2025.03/compiler/2025.3/lib -L/opt/ohpc/pub/compiler/gcc/15.1.0/lib/gcc/x86_64-pc-linux-gnu/15.1.0/ -L/opt/ohpc/pub/compiler/gcc/15.1.0/lib/gcc/x86_64-pc-linux-gnu/15.1.0/../../../../lib64 -L/opt/ohpc/pub/compiler/gcc/15.1.0/lib/gcc/x86_64-pc-linux-gnu/15.1.0/../../../../lib64/ -L/lib/../lib64 -L/lib/../lib64/ -L/usr/lib/../lib64 -L/usr/lib/../lib64/ -L/opt/ohpc/pub/intel/oneapi-2025.03/mpi/2021.17/opt/mpi/libfabric/lib/ -L/opt/ohpc/pub/intel/oneapi-2025.03/mpi/2021.17/lib/ -L/opt/ohpc/pub/intel/oneapi-2025.03/compiler/2025.3/lib/ -L/opt/ohpc/pub/intel/oneapi-2025.03/umf/1.0/lib/ -L/opt/ohpc/pub/intel/oneapi-2025.03/tbb/2022.3/lib/ -L/opt/ohpc/pub/compiler/gcc/15.1.0/lib/gcc/x86_64-pc-linux-gnu/15.1.0/../../../ -L/lib64 -L/lib/ -L/usr/lib64 -L/usr/lib /tmp/ifx1865283854fdWZ8s/ifxUsZ2RG.o -L/opt/ohpc/pub/intel/oneapi-2025.03/compiler/2025.3/lib -limf -Bdynamic -lm -Bdynamic -Bstatic -lifport -lifcoremt -Bdynamic -limf -Bstatic -lsvml -Bdynamic -lm -Bstatic -lipgo -lirc -Bdynamic -lpthread -Bstatic -lsvml -Bdynamic -lc -lgcc -lgcc_s -Bstatic -lirc_s -Bdynamic -ldl -lc /opt/ohpc/pub/compiler/gcc/15.1.0/lib/gcc/x86_64-pc-linux-gnu/15.1.0/crtend.o /lib/../lib64/crtn.o
configure:20933: result:  -lm -loopopt=1 -L/opt/ohpc/pub/intel/oneapi-2025.03/mpi/2021.17/opt/mpi/libfabric/lib -L/opt/ohpc/pub/intel/oneapi-2025.03/mpi/2021.17/lib -L/opt/ohpc/pub/intel/oneapi-2025.03/compiler/2025.3/lib -L/opt/ohpc/pub/intel/oneapi-2025.03/umf/1.0/lib -L/opt/ohpc/pub/intel/oneapi-2025.03/tbb/2022.3/lib -L/opt/ohpc/pub/intel/oneapi-2025.03/compiler/2025.3/lib/clang/21/lib/x86_64-unknown-linux-gnu -L/opt/ohpc/pub/compiler/gcc/15.1.0/lib/gcc/x86_64-pc-linux-gnu/15.1.0/ -L/opt/ohpc/pub/compiler/gcc/15.1.0/lib/gcc/x86_64-pc-linux-gnu/15.1.0/../../../../lib64 -L/opt/ohpc/pub/compiler/gcc/15.1.0/lib/gcc/x86_64-pc-linux-gnu/15.1.0/../../../../lib64/ -L/lib/../lib64 -L/lib/../lib64/ -L/usr/lib/../lib64 -L/usr/lib/../lib64/ -L/opt/ohpc/pub/intel/oneapi-2025.03/mpi/2021.17/opt/mpi/libfabric/lib/ -L/opt/ohpc/pub/intel/oneapi-2025.03/mpi/2021.17/lib/ -L/opt/ohpc/pub/intel/oneapi-2025.03/compiler/2025.3/lib/ -L/opt/ohpc/pub/intel/oneapi-2025.03/umf/1.0/lib/ -L/opt/ohpc/pub/intel/oneapi-2025.03/tbb/2022.3/lib/ -L/opt/ohpc/pub/compiler/gcc/15.1.0/lib/gcc/x86_64-pc-linux-gnu/15.1.0/../../../ -L/lib64 -L/lib/ -L/usr/lib64 -L/usr/lib -limf -lifport -lifcoremt -lsvml -lipgo -lirc -lpthread -lirc_s -ldl
configure:20949: checking for dummy main to link with Fortran 77 libraries
configure:20983: icx -o conftest -O3 -fomit-frame-pointer -mtune=native -fstrict-aliasing -ffast-math   conftest.c -lm   -lm -loopopt=1 -L/opt/ohpc/pub/intel/oneapi-2025.03/mpi/2021.17/opt/mpi/libfabric/lib -L/opt/ohpc/pub/intel/oneapi-2025.03/mpi/2021.17/lib -L/opt/ohpc/pub/intel/oneapi-2025.03/compiler/2025.3/lib -L/opt/ohpc/pub/intel/oneapi-2025.03/umf/1.0/lib -L/opt/ohpc/pub/intel/oneapi-2025.03/tbb/2022.3/lib -L/opt/ohpc/pub/intel/oneapi-2025.03/compiler/2025.3/lib/clang/21/lib/x86_64-unknown-linux-gnu -L/opt/ohpc/pub/compiler/gcc/15.1.0/lib/gcc/x86_64-pc-linux-gnu/15.1.0/ -L/opt/ohpc/pub/compiler/gcc/15.1.0/lib/gcc/x86_64-pc-linux-gnu/15.1.0/../../../../lib64 -L/opt/ohpc/pub/compiler/gcc/15.1.0/lib/gcc/x86_64-pc-linux-gnu/15.1.0/../../../../lib64/ -L/lib/../lib64 -L/lib/../lib64/ -L/usr/lib/../lib64 -L/usr/lib/../lib64/ -L/opt/ohpc/pub/intel/oneapi-2025.03/mpi/2021.17/opt/mpi/libfabric/lib/ -L/opt/ohpc/pub/intel/oneapi-2025.03/mpi/2021.17/lib/ -L/opt/ohpc/pub/intel/oneapi-2025.03/compiler/2025.3/lib/ -L/opt/ohpc/pub/intel/oneapi-2025.03/umf/1.0/lib/ -L/opt/ohpc/pub/intel/oneapi-2025.03/tbb/2022.3/lib/ -L/opt/ohpc/pub/compiler/gcc/15.1.0/lib/gcc/x86_64-pc-linux-gnu/15.1.0/../../../ -L/lib64 -L/lib/ -L/usr/lib64 -L/usr/lib -limf -lifport -lifcoremt -lsvml -lipgo -lirc -lpthread -lirc_s -ldl >&5
/usr/bin/ld: cannot find -loopopt=1
icx: error: linker command failed with exit code 1 (use -v to see invocation)
configure:20983: $? = 1
configure: failed program was:
| /* confdefs.h */
| #define PACKAGE_NAME "fftw"
| #define PACKAGE_TARNAME "fftw"
| #define PACKAGE_VERSION "3.3.6-pl2"
| #define PACKAGE_STRING "fftw 3.3.6-pl2"
| #define PACKAGE_BUGREPORT "fftw@fftw.org"
| #define PACKAGE_URL ""
| #define PACKAGE "fftw"
| #define VERSION "3.3.6-pl2"
| #define FFTW_ENABLE_ALLOCA 1
| #define FFTW_SINGLE 1
| #define BENCHFFT_SINGLE 1
| #define HAVE_AVX 1
| #define STDC_HEADERS 1
| #define HAVE_SYS_TYPES_H 1
| #define HAVE_SYS_STAT_H 1
| #define HAVE_STDLIB_H 1
| #define HAVE_STRING_H 1
| #define HAVE_MEMORY_H 1
| #define HAVE_STRINGS_H 1
| #define HAVE_INTTYPES_H 1
| #define HAVE_STDINT_H 1
| #define HAVE_UNISTD_H 1
| #define HAVE_DLFCN_H 1
| #define LT_OBJDIR ".libs/"
| #define HAVE_MPI 1
| #define SIZEOF_MPI_FINT 4
| #define STDC_HEADERS 1
| #define HAVE_LIBINTL_H 1
| #define HAVE_MALLOC_H 1
| #define HAVE_STDDEF_H 1
| #define HAVE_STDLIB_H 1
| #define HAVE_STRING_H 1
| #define HAVE_STRINGS_H 1
| #define HAVE_SYS_TIME_H 1
| #define HAVE_UNISTD_H 1
| #define HAVE_LIMITS_H 1
| #define HAVE_STDINT_H 1
| #define TIME_WITH_SYS_TIME 1
| #define HAVE_LONG_DOUBLE 1
| #define SIZEOF_INT 4
| #define SIZEOF_UNSIGNED_INT 4
| #define SIZEOF_LONG 8
| #define SIZEOF_UNSIGNED_LONG 8
| #define SIZEOF_LONG_LONG 8
| #define SIZEOF_UNSIGNED_LONG_LONG 8
| #define SIZEOF_SIZE_T 8
| #define SIZEOF_PTRDIFF_T 8
| #define HAVE_UINTPTR_T 1
| #define SIZEOF_FLOAT 4
| #define SIZEOF_DOUBLE 8
| #define SIZEOF_FFTW_R2R_KIND 4
| #define HAVE_ALLOCA_H 1
| #define HAVE_ALLOCA 1
| #define HAVE_VPRINTF 1
| #define HAVE_LIBM 1
| #define HAVE_GETTIMEOFDAY 1
| #define HAVE_DRAND48 1
| #define HAVE_SQRT 1
| #define HAVE_MEMSET 1
| #define HAVE_POSIX_MEMALIGN 1
| #define HAVE_MEMALIGN 1
| #define HAVE__MM_MALLOC 1
| #define HAVE__MM_FREE 1
| #define HAVE_CLOCK_GETTIME 1
| #define HAVE_ABORT 1
| #define HAVE_SINL 1
| #define HAVE_COSL 1
| #define HAVE_SNPRINTF 1
| #define HAVE_DECL_SINL 1
| #define HAVE_DECL_COSL 1
| #define HAVE_DECL_SINQ 0
| #define HAVE_DECL_COSQ 0
| #define HAVE_DECL_MEMALIGN 1
| #define HAVE_DECL_DRAND48 1
| #define HAVE_DECL_SRAND48 1
| #define HAVE_DECL_POSIX_MEMALIGN 1
| #define HAVE_ISNAN 1
| /* end confdefs.h.  */
| 
| #ifdef F77_DUMMY_MAIN
| 
| #  ifdef __cplusplus
|      extern "C"
| #  endif
|    int F77_DUMMY_MAIN() { return 1; }
| 
| #endif
| int
| main ()
| {
| 
|   ;
|   return 0;
| }
configure:21012: icx -o conftest -O3 -fomit-frame-pointer -mtune=native -fstrict-aliasing -ffast-math   conftest.c -lm   -lm -loopopt=1 -L/opt/ohpc/pub/intel/oneapi-2025.03/mpi/2021.17/opt/mpi/libfabric/lib -L/opt/ohpc/pub/intel/oneapi-2025.03/mpi/2021.17/lib -L/opt/ohpc/pub/intel/oneapi-2025.03/compiler/2025.3/lib -L/opt/ohpc/pub/intel/oneapi-2025.03/umf/1.0/lib -L/opt/ohpc/pub/intel/oneapi-2025.03/tbb/2022.3/lib -L/opt/ohpc/pub/intel/oneapi-2025.03/compiler/2025.3/lib/clang/21/lib/x86_64-unknown-linux-gnu -L/opt/ohpc/pub/compiler/gcc/15.1.0/lib/gcc/x86_64-pc-linux-gnu/15.1.0/ -L/opt/ohpc/pub/compiler/gcc/15.1.0/lib/gcc/x86_64-pc-linux-gnu/15.1.0/../../../../lib64 -L/opt/ohpc/pub/compiler/gcc/15.1.0/lib/gcc/x86_64-pc-linux-gnu/15.1.0/../../../../lib64/ -L/lib/../lib64 -L/lib/../lib64/ -L/usr/lib/../lib64 -L/usr/lib/../lib64/ -L/opt/ohpc/pub/intel/oneapi-2025.03/mpi/2021.17/opt/mpi/libfabric/lib/ -L/opt/ohpc/pub/intel/oneapi-2025.03/mpi/2021.17/lib/ -L/opt/ohpc/pub/intel/oneapi-2025.03/compiler/2025.3/lib/ -L/opt/ohpc/pub/intel/oneapi-2025.03/umf/1.0/lib/ -L/opt/ohpc/pub/intel/oneapi-2025.03/tbb/2022.3/lib/ -L/opt/ohpc/pub/compiler/gcc/15.1.0/lib/gcc/x86_64-pc-linux-gnu/15.1.0/../../../ -L/lib64 -L/lib/ -L/usr/lib64 -L/usr/lib -limf -lifport -lifcoremt -lsvml -lipgo -lirc -lpthread -lirc_s -ldl >&5
/usr/bin/ld: cannot find -loopopt=1
icx: error: linker command failed with exit code 1 (use -v to see invocation)
configure:21012: $? = 1
configure: failed program was:
| /* confdefs.h */
| #define PACKAGE_NAME "fftw"
| #define PACKAGE_TARNAME "fftw"
| #define PACKAGE_VERSION "3.3.6-pl2"
| #define PACKAGE_STRING "fftw 3.3.6-pl2"
| #define PACKAGE_BUGREPORT "fftw@fftw.org"
| #define PACKAGE_URL ""
| #define PACKAGE "fftw"
| #define VERSION "3.3.6-pl2"
| #define FFTW_ENABLE_ALLOCA 1
| #define FFTW_SINGLE 1
| #define BENCHFFT_SINGLE 1
| #define HAVE_AVX 1
| #define STDC_HEADERS 1
| #define HAVE_SYS_TYPES_H 1
| #define HAVE_SYS_STAT_H 1
| #define HAVE_STDLIB_H 1
| #define HAVE_STRING_H 1
| #define HAVE_MEMORY_H 1
| #define HAVE_STRINGS_H 1
| #define HAVE_INTTYPES_H 1
| #define HAVE_STDINT_H 1
| #define HAVE_UNISTD_H 1
| #define HAVE_DLFCN_H 1
| #define LT_OBJDIR ".libs/"
| #define HAVE_MPI 1
| #define SIZEOF_MPI_FINT 4
| #define STDC_HEADERS 1
| #define HAVE_LIBINTL_H 1
| #define HAVE_MALLOC_H 1
| #define HAVE_STDDEF_H 1
| #define HAVE_STDLIB_H 1
| #define HAVE_STRING_H 1
| #define HAVE_STRINGS_H 1
| #define HAVE_SYS_TIME_H 1
| #define HAVE_UNISTD_H 1
| #define HAVE_LIMITS_H 1
| #define HAVE_STDINT_H 1
| #define TIME_WITH_SYS_TIME 1
| #define HAVE_LONG_DOUBLE 1
| #define SIZEOF_INT 4
| #define SIZEOF_UNSIGNED_INT 4
| #define SIZEOF_LONG 8
| #define SIZEOF_UNSIGNED_LONG 8
| #define SIZEOF_LONG_LONG 8
| #define SIZEOF_UNSIGNED_LONG_LONG 8
| #define SIZEOF_SIZE_T 8
| #define SIZEOF_PTRDIFF_T 8
| #define HAVE_UINTPTR_T 1
| #define SIZEOF_FLOAT 4
| #define SIZEOF_DOUBLE 8
| #define SIZEOF_FFTW_R2R_KIND 4
| #define HAVE_ALLOCA_H 1
| #define HAVE_ALLOCA 1
| #define HAVE_VPRINTF 1
| #define HAVE_LIBM 1
| #define HAVE_GETTIMEOFDAY 1
| #define HAVE_DRAND48 1
| #define HAVE_SQRT 1
| #define HAVE_MEMSET 1
| #define HAVE_POSIX_MEMALIGN 1
| #define HAVE_MEMALIGN 1
| #define HAVE__MM_MALLOC 1
| #define HAVE__MM_FREE 1
| #define HAVE_CLOCK_GETTIME 1
| #define HAVE_ABORT 1
| #define HAVE_SINL 1
| #define HAVE_COSL 1
| #define HAVE_SNPRINTF 1
| #define HAVE_DECL_SINL 1
| #define HAVE_DECL_COSL 1
| #define HAVE_DECL_SINQ 0
| #define HAVE_DECL_COSQ 0
| #define HAVE_DECL_MEMALIGN 1
| #define HAVE_DECL_DRAND48 1
| #define HAVE_DECL_SRAND48 1
| #define HAVE_DECL_POSIX_MEMALIGN 1
| #define HAVE_ISNAN 1
| /* end confdefs.h.  */
| #define F77_DUMMY_MAIN MAIN__
| #ifdef F77_DUMMY_MAIN
| 
| #  ifdef __cplusplus
|      extern "C"
| #  endif
|    int F77_DUMMY_MAIN() { return 1; }
| 
| #endif
| int
| main ()
| {
| 
|   ;
|   return 0;
| }
configure:21012: icx -o conftest -O3 -fomit-frame-pointer -mtune=native -fstrict-aliasing -ffast-math   conftest.c -lm   -lm -loopopt=1 -L/opt/ohpc/pub/intel/oneapi-2025.03/mpi/2021.17/opt/mpi/libfabric/lib -L/opt/ohpc/pub/intel/oneapi-2025.03/mpi/2021.17/lib -L/opt/ohpc/pub/intel/oneapi-2025.03/compiler/2025.3/lib -L/opt/ohpc/pub/intel/oneapi-2025.03/umf/1.0/lib -L/opt/ohpc/pub/intel/oneapi-2025.03/tbb/2022.3/lib -L/opt/ohpc/pub/intel/oneapi-2025.03/compiler/2025.3/lib/clang/21/lib/x86_64-unknown-linux-gnu -L/opt/ohpc/pub/compiler/gcc/15.1.0/lib/gcc/x86_64-pc-linux-gnu/15.1.0/ -L/opt/ohpc/pub/compiler/gcc/15.1.0/lib/gcc/x86_64-pc-linux-gnu/15.1.0/../../../../lib64 -L/opt/ohpc/pub/compiler/gcc/15.1.0/lib/gcc/x86_64-pc-linux-gnu/15.1.0/../../../../lib64/ -L/lib/../lib64 -L/lib/../lib64/ -L/usr/lib/../lib64 -L/usr/lib/../lib64/ -L/opt/ohpc/pub/intel/oneapi-2025.03/mpi/2021.17/opt/mpi/libfabric/lib/ -L/opt/ohpc/pub/intel/oneapi-2025.03/mpi/2021.17/lib/ -L/opt/ohpc/pub/intel/oneapi-2025.03/compiler/2025.3/lib/ -L/opt/ohpc/pub/intel/oneapi-2025.03/umf/1.0/lib/ -L/opt/ohpc/pub/intel/oneapi-2025.03/tbb/2022.3/lib/ -L/opt/ohpc/pub/compiler/gcc/15.1.0/lib/gcc/x86_64-pc-linux-gnu/15.1.0/../../../ -L/lib64 -L/lib/ -L/usr/lib64 -L/usr/lib -limf -lifport -lifcoremt -lsvml -lipgo -lirc -lpthread -lirc_s -ldl >&5
/usr/bin/ld: cannot find -loopopt=1
icx: error: linker command failed with exit code 1 (use -v to see invocation)
configure:21012: $? = 1
configure: failed program was:
| /* confdefs.h */
| #define PACKAGE_NAME "fftw"
| #define PACKAGE_TARNAME "fftw"
| #define PACKAGE_VERSION "3.3.6-pl2"
| #define PACKAGE_STRING "fftw 3.3.6-pl2"
| #define PACKAGE_BUGREPORT "fftw@fftw.org"
| #define PACKAGE_URL ""
| #define PACKAGE "fftw"
| #define VERSION "3.3.6-pl2"
| #define FFTW_ENABLE_ALLOCA 1
| #define FFTW_SINGLE 1
| #define BENCHFFT_SINGLE 1
| #define HAVE_AVX 1
| #define STDC_HEADERS 1
| #define HAVE_SYS_TYPES_H 1
| #define HAVE_SYS_STAT_H 1
| #define HAVE_STDLIB_H 1
| #define HAVE_STRING_H 1
| #define HAVE_MEMORY_H 1
| #define HAVE_STRINGS_H 1
| #define HAVE_INTTYPES_H 1
| #define HAVE_STDINT_H 1
| #define HAVE_UNISTD_H 1
| #define HAVE_DLFCN_H 1
| #define LT_OBJDIR ".libs/"
| #define HAVE_MPI 1
| #define SIZEOF_MPI_FINT 4
| #define STDC_HEADERS 1
| #define HAVE_LIBINTL_H 1
| #define HAVE_MALLOC_H 1
| #define HAVE_STDDEF_H 1
| #define HAVE_STDLIB_H 1
| #define HAVE_STRING_H 1
| #define HAVE_STRINGS_H 1
| #define HAVE_SYS_TIME_H 1
| #define HAVE_UNISTD_H 1
| #define HAVE_LIMITS_H 1
| #define HAVE_STDINT_H 1
| #define TIME_WITH_SYS_TIME 1
| #define HAVE_LONG_DOUBLE 1
| #define SIZEOF_INT 4
| #define SIZEOF_UNSIGNED_INT 4
| #define SIZEOF_LONG 8
| #define SIZEOF_UNSIGNED_LONG 8
| #define SIZEOF_LONG_LONG 8
| #define SIZEOF_UNSIGNED_LONG_LONG 8
| #define SIZEOF_SIZE_T 8
| #define SIZEOF_PTRDIFF_T 8
| #define HAVE_UINTPTR_T 1
| #define SIZEOF_FLOAT 4
| #define SIZEOF_DOUBLE 8
| #define SIZEOF_FFTW_R2R_KIND 4
| #define HAVE_ALLOCA_H 1
| #define HAVE_ALLOCA 1
| #define HAVE_VPRINTF 1
| #define HAVE_LIBM 1
| #define HAVE_GETTIMEOFDAY 1
| #define HAVE_DRAND48 1
| #define HAVE_SQRT 1
| #define HAVE_MEMSET 1
| #define HAVE_POSIX_MEMALIGN 1
| #define HAVE_MEMALIGN 1
| #define HAVE__MM_MALLOC 1
| #define HAVE__MM_FREE 1
| #define HAVE_CLOCK_GETTIME 1
| #define HAVE_ABORT 1
| #define HAVE_SINL 1
| #define HAVE_COSL 1
| #define HAVE_SNPRINTF 1
| #define HAVE_DECL_SINL 1
| #define HAVE_DECL_COSL 1
| #define HAVE_DECL_SINQ 0
| #define HAVE_DECL_COSQ 0
| #define HAVE_DECL_MEMALIGN 1
| #define HAVE_DECL_DRAND48 1
| #define HAVE_DECL_SRAND48 1
| #define HAVE_DECL_POSIX_MEMALIGN 1
| #define HAVE_ISNAN 1
| /* end confdefs.h.  */
| #define F77_DUMMY_MAIN MAIN_
| #ifdef F77_DUMMY_MAIN
| 
| #  ifdef __cplusplus
|      extern "C"
| #  endif
|    int F77_DUMMY_MAIN() { return 1; }
| 
| #endif
| int
| main ()
| {
| 
|   ;
|   return 0;
| }
configure:21012: icx -o conftest -O3 -fomit-frame-pointer -mtune=native -fstrict-aliasing -ffast-math   conftest.c -lm   -lm -loopopt=1 -L/opt/ohpc/pub/intel/oneapi-2025.03/mpi/2021.17/opt/mpi/libfabric/lib -L/opt/ohpc/pub/intel/oneapi-2025.03/mpi/2021.17/lib -L/opt/ohpc/pub/intel/oneapi-2025.03/compiler/2025.3/lib -L/opt/ohpc/pub/intel/oneapi-2025.03/umf/1.0/lib -L/opt/ohpc/pub/intel/oneapi-2025.03/tbb/2022.3/lib -L/opt/ohpc/pub/intel/oneapi-2025.03/compiler/2025.3/lib/clang/21/lib/x86_64-unknown-linux-gnu -L/opt/ohpc/pub/compiler/gcc/15.1.0/lib/gcc/x86_64-pc-linux-gnu/15.1.0/ -L/opt/ohpc/pub/compiler/gcc/15.1.0/lib/gcc/x86_64-pc-linux-gnu/15.1.0/../../../../lib64 -L/opt/ohpc/pub/compiler/gcc/15.1.0/lib/gcc/x86_64-pc-linux-gnu/15.1.0/../../../../lib64/ -L/lib/../lib64 -L/lib/../lib64/ -L/usr/lib/../lib64 -L/usr/lib/../lib64/ -L/opt/ohpc/pub/intel/oneapi-2025.03/mpi/2021.17/opt/mpi/libfabric/lib/ -L/opt/ohpc/pub/intel/oneapi-2025.03/mpi/2021.17/lib/ -L/opt/ohpc/pub/intel/oneapi-2025.03/compiler/2025.3/lib/ -L/opt/ohpc/pub/intel/oneapi-2025.03/umf/1.0/lib/ -L/opt/ohpc/pub/intel/oneapi-2025.03/tbb/2022.3/lib/ -L/opt/ohpc/pub/compiler/gcc/15.1.0/lib/gcc/x86_64-pc-linux-gnu/15.1.0/../../../ -L/lib64 -L/lib/ -L/usr/lib64 -L/usr/lib -limf -lifport -lifcoremt -lsvml -lipgo -lirc -lpthread -lirc_s -ldl >&5
/usr/bin/ld: cannot find -loopopt=1
icx: error: linker command failed with exit code 1 (use -v to see invocation)
configure:21012: $? = 1
configure: failed program was:
| /* confdefs.h */
| #define PACKAGE_NAME "fftw"
| #define PACKAGE_TARNAME "fftw"
| #define PACKAGE_VERSION "3.3.6-pl2"
| #define PACKAGE_STRING "fftw 3.3.6-pl2"
| #define PACKAGE_BUGREPORT "fftw@fftw.org"
| #define PACKAGE_URL ""
| #define PACKAGE "fftw"
| #define VERSION "3.3.6-pl2"
| #define FFTW_ENABLE_ALLOCA 1
| #define FFTW_SINGLE 1
| #define BENCHFFT_SINGLE 1
| #define HAVE_AVX 1
| #define STDC_HEADERS 1
| #define HAVE_SYS_TYPES_H 1
| #define HAVE_SYS_STAT_H 1
| #define HAVE_STDLIB_H 1
| #define HAVE_STRING_H 1
| #define HAVE_MEMORY_H 1
| #define HAVE_STRINGS_H 1
| #define HAVE_INTTYPES_H 1
| #define HAVE_STDINT_H 1
| #define HAVE_UNISTD_H 1
| #define HAVE_DLFCN_H 1
| #define LT_OBJDIR ".libs/"
| #define HAVE_MPI 1
| #define SIZEOF_MPI_FINT 4
| #define STDC_HEADERS 1
| #define HAVE_LIBINTL_H 1
| #define HAVE_MALLOC_H 1
| #define HAVE_STDDEF_H 1
| #define HAVE_STDLIB_H 1
| #define HAVE_STRING_H 1
| #define HAVE_STRINGS_H 1
| #define HAVE_SYS_TIME_H 1
| #define HAVE_UNISTD_H 1
| #define HAVE_LIMITS_H 1
| #define HAVE_STDINT_H 1
| #define TIME_WITH_SYS_TIME 1
| #define HAVE_LONG_DOUBLE 1
| #define SIZEOF_INT 4
| #define SIZEOF_UNSIGNED_INT 4
| #define SIZEOF_LONG 8
| #define SIZEOF_UNSIGNED_LONG 8
| #define SIZEOF_LONG_LONG 8
| #define SIZEOF_UNSIGNED_LONG_LONG 8
| #define SIZEOF_SIZE_T 8
| #define SIZEOF_PTRDIFF_T 8
| #define HAVE_UINTPTR_T 1
| #define SIZEOF_FLOAT 4
| #define SIZEOF_DOUBLE 8
| #define SIZEOF_FFTW_R2R_KIND 4
| #define HAVE_ALLOCA_H 1
| #define HAVE_ALLOCA 1
| #define HAVE_VPRINTF 1
| #define HAVE_LIBM 1
| #define HAVE_GETTIMEOFDAY 1
| #define HAVE_DRAND48 1
| #define HAVE_SQRT 1
| #define HAVE_MEMSET 1
| #define HAVE_POSIX_MEMALIGN 1
| #define HAVE_MEMALIGN 1
| #define HAVE__MM_MALLOC 1
| #define HAVE__MM_FREE 1
| #define HAVE_CLOCK_GETTIME 1
| #define HAVE_ABORT 1
| #define HAVE_SINL 1
| #define HAVE_COSL 1
| #define HAVE_SNPRINTF 1
| #define HAVE_DECL_SINL 1
| #define HAVE_DECL_COSL 1
| #define HAVE_DECL_SINQ 0
| #define HAVE_DECL_COSQ 0
| #define HAVE_DECL_MEMALIGN 1
| #define HAVE_DECL_DRAND48 1
| #define HAVE_DECL_SRAND48 1
| #define HAVE_DECL_POSIX_MEMALIGN 1
| #define HAVE_ISNAN 1
| /* end confdefs.h.  */
| #define F77_DUMMY_MAIN __main
| #ifdef F77_DUMMY_MAIN
| 
| #  ifdef __cplusplus
|      extern "C"
| #  endif
|    int F77_DUMMY_MAIN() { return 1; }
| 
| #endif
| int
| main ()
| {
| 
|   ;
|   return 0;
| }
configure:21012: icx -o conftest -O3 -fomit-frame-pointer -mtune=native -fstrict-aliasing -ffast-math   conftest.c -lm   -lm -loopopt=1 -L/opt/ohpc/pub/intel/oneapi-2025.03/mpi/2021.17/opt/mpi/libfabric/lib -L/opt/ohpc/pub/intel/oneapi-2025.03/mpi/2021.17/lib -L/opt/ohpc/pub/intel/oneapi-2025.03/compiler/2025.3/lib -L/opt/ohpc/pub/intel/oneapi-2025.03/umf/1.0/lib -L/opt/ohpc/pub/intel/oneapi-2025.03/tbb/2022.3/lib -L/opt/ohpc/pub/intel/oneapi-2025.03/compiler/2025.3/lib/clang/21/lib/x86_64-unknown-linux-gnu -L/opt/ohpc/pub/compiler/gcc/15.1.0/lib/gcc/x86_64-pc-linux-gnu/15.1.0/ -L/opt/ohpc/pub/compiler/gcc/15.1.0/lib/gcc/x86_64-pc-linux-gnu/15.1.0/../../../../lib64 -L/opt/ohpc/pub/compiler/gcc/15.1.0/lib/gcc/x86_64-pc-linux-gnu/15.1.0/../../../../lib64/ -L/lib/../lib64 -L/lib/../lib64/ -L/usr/lib/../lib64 -L/usr/lib/../lib64/ -L/opt/ohpc/pub/intel/oneapi-2025.03/mpi/2021.17/opt/mpi/libfabric/lib/ -L/opt/ohpc/pub/intel/oneapi-2025.03/mpi/2021.17/lib/ -L/opt/ohpc/pub/intel/oneapi-2025.03/compiler/2025.3/lib/ -L/opt/ohpc/pub/intel/oneapi-2025.03/umf/1.0/lib/ -L/opt/ohpc/pub/intel/oneapi-2025.03/tbb/2022.3/lib/ -L/opt/ohpc/pub/compiler/gcc/15.1.0/lib/gcc/x86_64-pc-linux-gnu/15.1.0/../../../ -L/lib64 -L/lib/ -L/usr/lib64 -L/usr/lib -limf -lifport -lifcoremt -lsvml -lipgo -lirc -lpthread -lirc_s -ldl >&5
/usr/bin/ld: cannot find -loopopt=1
icx: error: linker command failed with exit code 1 (use -v to see invocation)
configure:21012: $? = 1
configure: failed program was:
| /* confdefs.h */
| #define PACKAGE_NAME "fftw"
| #define PACKAGE_TARNAME "fftw"
| #define PACKAGE_VERSION "3.3.6-pl2"
| #define PACKAGE_STRING "fftw 3.3.6-pl2"
| #define PACKAGE_BUGREPORT "fftw@fftw.org"
| #define PACKAGE_URL ""
| #define PACKAGE "fftw"
| #define VERSION "3.3.6-pl2"
| #define FFTW_ENABLE_ALLOCA 1
| #define FFTW_SINGLE 1
| #define BENCHFFT_SINGLE 1
| #define HAVE_AVX 1
| #define STDC_HEADERS 1
| #define HAVE_SYS_TYPES_H 1
| #define HAVE_SYS_STAT_H 1
| #define HAVE_STDLIB_H 1
| #define HAVE_STRING_H 1
| #define HAVE_MEMORY_H 1
| #define HAVE_STRINGS_H 1
| #define HAVE_INTTYPES_H 1
| #define HAVE_STDINT_H 1
| #define HAVE_UNISTD_H 1
| #define HAVE_DLFCN_H 1
| #define LT_OBJDIR ".libs/"
| #define HAVE_MPI 1
| #define SIZEOF_MPI_FINT 4
| #define STDC_HEADERS 1
| #define HAVE_LIBINTL_H 1
| #define HAVE_MALLOC_H 1
| #define HAVE_STDDEF_H 1
| #define HAVE_STDLIB_H 1
| #define HAVE_STRING_H 1
| #define HAVE_STRINGS_H 1
| #define HAVE_SYS_TIME_H 1
| #define HAVE_UNISTD_H 1
| #define HAVE_LIMITS_H 1
| #define HAVE_STDINT_H 1
| #define TIME_WITH_SYS_TIME 1
| #define HAVE_LONG_DOUBLE 1
| #define SIZEOF_INT 4
| #define SIZEOF_UNSIGNED_INT 4
| #define SIZEOF_LONG 8
| #define SIZEOF_UNSIGNED_LONG 8
| #define SIZEOF_LONG_LONG 8
| #define SIZEOF_UNSIGNED_LONG_LONG 8
| #define SIZEOF_SIZE_T 8
| #define SIZEOF_PTRDIFF_T 8
| #define HAVE_UINTPTR_T 1
| #define SIZEOF_FLOAT 4
| #define SIZEOF_DOUBLE 8
| #define SIZEOF_FFTW_R2R_KIND 4
| #define HAVE_ALLOCA_H 1
| #define HAVE_ALLOCA 1
| #define HAVE_VPRINTF 1
| #define HAVE_LIBM 1
| #define HAVE_GETTIMEOFDAY 1
| #define HAVE_DRAND48 1
| #define HAVE_SQRT 1
| #define HAVE_MEMSET 1
| #define HAVE_POSIX_MEMALIGN 1
| #define HAVE_MEMALIGN 1
| #define HAVE__MM_MALLOC 1
| #define HAVE__MM_FREE 1
| #define HAVE_CLOCK_GETTIME 1
| #define HAVE_ABORT 1
| #define HAVE_SINL 1
| #define HAVE_COSL 1
| #define HAVE_SNPRINTF 1
| #define HAVE_DECL_SINL 1
| #define HAVE_DECL_COSL 1
| #define HAVE_DECL_SINQ 0
| #define HAVE_DECL_COSQ 0
| #define HAVE_DECL_MEMALIGN 1
| #define HAVE_DECL_DRAND48 1
| #define HAVE_DECL_SRAND48 1
| #define HAVE_DECL_POSIX_MEMALIGN 1
| #define HAVE_ISNAN 1
| /* end confdefs.h.  */
| #define F77_DUMMY_MAIN MAIN
| #ifdef F77_DUMMY_MAIN
| 
| #  ifdef __cplusplus
|      extern "C"
| #  endif
|    int F77_DUMMY_MAIN() { return 1; }
| 
| #endif
| int
| main ()
| {
| 
|   ;
|   return 0;
| }
configure:21012: icx -o conftest -O3 -fomit-frame-pointer -mtune=native -fstrict-aliasing -ffast-math   conftest.c -lm   -lm -loopopt=1 -L/opt/ohpc/pub/intel/oneapi-2025.03/mpi/2021.17/opt/mpi/libfabric/lib -L/opt/ohpc/pub/intel/oneapi-2025.03/mpi/2021.17/lib -L/opt/ohpc/pub/intel/oneapi-2025.03/compiler/2025.3/lib -L/opt/ohpc/pub/intel/oneapi-2025.03/umf/1.0/lib -L/opt/ohpc/pub/intel/oneapi-2025.03/tbb/2022.3/lib -L/opt/ohpc/pub/intel/oneapi-2025.03/compiler/2025.3/lib/clang/21/lib/x86_64-unknown-linux-gnu -L/opt/ohpc/pub/compiler/gcc/15.1.0/lib/gcc/x86_64-pc-linux-gnu/15.1.0/ -L/opt/ohpc/pub/compiler/gcc/15.1.0/lib/gcc/x86_64-pc-linux-gnu/15.1.0/../../../../lib64 -L/opt/ohpc/pub/compiler/gcc/15.1.0/lib/gcc/x86_64-pc-linux-gnu/15.1.0/../../../../lib64/ -L/lib/../lib64 -L/lib/../lib64/ -L/usr/lib/../lib64 -L/usr/lib/../lib64/ -L/opt/ohpc/pub/intel/oneapi-2025.03/mpi/2021.17/opt/mpi/libfabric/lib/ -L/opt/ohpc/pub/intel/oneapi-2025.03/mpi/2021.17/lib/ -L/opt/ohpc/pub/intel/oneapi-2025.03/compiler/2025.3/lib/ -L/opt/ohpc/pub/intel/oneapi-2025.03/umf/1.0/lib/ -L/opt/ohpc/pub/intel/oneapi-2025.03/tbb/2022.3/lib/ -L/opt/ohpc/pub/compiler/gcc/15.1.0/lib/gcc/x86_64-pc-linux-gnu/15.1.0/../../../ -L/lib64 -L/lib/ -L/usr/lib64 -L/usr/lib -limf -lifport -lifcoremt -lsvml -lipgo -lirc -lpthread -lirc_s -ldl >&5
/usr/bin/ld: cannot find -loopopt=1
icx: error: linker command failed with exit code 1 (use -v to see invocation)
configure:21012: $? = 1
configure: failed program was:
| /* confdefs.h */
| #define PACKAGE_NAME "fftw"
| #define PACKAGE_TARNAME "fftw"
| #define PACKAGE_VERSION "3.3.6-pl2"
| #define PACKAGE_STRING "fftw 3.3.6-pl2"
| #define PACKAGE_BUGREPORT "fftw@fftw.org"
| #define PACKAGE_URL ""
| #define PACKAGE "fftw"
| #define VERSION "3.3.6-pl2"
| #define FFTW_ENABLE_ALLOCA 1
| #define FFTW_SINGLE 1
| #define BENCHFFT_SINGLE 1
| #define HAVE_AVX 1
| #define STDC_HEADERS 1
| #define HAVE_SYS_TYPES_H 1
| #define HAVE_SYS_STAT_H 1
| #define HAVE_STDLIB_H 1
| #define HAVE_STRING_H 1
| #define HAVE_MEMORY_H 1
| #define HAVE_STRINGS_H 1
| #define HAVE_INTTYPES_H 1
| #define HAVE_STDINT_H 1
| #define HAVE_UNISTD_H 1
| #define HAVE_DLFCN_H 1
| #define LT_OBJDIR ".libs/"
| #define HAVE_MPI 1
| #define SIZEOF_MPI_FINT 4
| #define STDC_HEADERS 1
| #define HAVE_LIBINTL_H 1
| #define HAVE_MALLOC_H 1
| #define HAVE_STDDEF_H 1
| #define HAVE_STDLIB_H 1
| #define HAVE_STRING_H 1
| #define HAVE_STRINGS_H 1
| #define HAVE_SYS_TIME_H 1
| #define HAVE_UNISTD_H 1
| #define HAVE_LIMITS_H 1
| #define HAVE_STDINT_H 1
| #define TIME_WITH_SYS_TIME 1
| #define HAVE_LONG_DOUBLE 1
| #define SIZEOF_INT 4
| #define SIZEOF_UNSIGNED_INT 4
| #define SIZEOF_LONG 8
| #define SIZEOF_UNSIGNED_LONG 8
| #define SIZEOF_LONG_LONG 8
| #define SIZEOF_UNSIGNED_LONG_LONG 8
| #define SIZEOF_SIZE_T 8
| #define SIZEOF_PTRDIFF_T 8
| #define HAVE_UINTPTR_T 1
| #define SIZEOF_FLOAT 4
| #define SIZEOF_DOUBLE 8
| #define SIZEOF_FFTW_R2R_KIND 4
| #define HAVE_ALLOCA_H 1
| #define HAVE_ALLOCA 1
| #define HAVE_VPRINTF 1
| #define HAVE_LIBM 1
| #define HAVE_GETTIMEOFDAY 1
| #define HAVE_DRAND48 1
| #define HAVE_SQRT 1
| #define HAVE_MEMSET 1
| #define HAVE_POSIX_MEMALIGN 1
| #define HAVE_MEMALIGN 1
| #define HAVE__MM_MALLOC 1
| #define HAVE__MM_FREE 1
| #define HAVE_CLOCK_GETTIME 1
| #define HAVE_ABORT 1
| #define HAVE_SINL 1
| #define HAVE_COSL 1
| #define HAVE_SNPRINTF 1
| #define HAVE_DECL_SINL 1
| #define HAVE_DECL_COSL 1
| #define HAVE_DECL_SINQ 0
| #define HAVE_DECL_COSQ 0
| #define HAVE_DECL_MEMALIGN 1
| #define HAVE_DECL_DRAND48 1
| #define HAVE_DECL_SRAND48 1
| #define HAVE_DECL_POSIX_MEMALIGN 1
| #define HAVE_ISNAN 1
| /* end confdefs.h.  */
| #define F77_DUMMY_MAIN _MAIN
| #ifdef F77_DUMMY_MAIN
| 
| #  ifdef __cplusplus
|      extern "C"
| #  endif
|    int F77_DUMMY_MAIN() { return 1; }
| 
| #endif
| int
| main ()
| {
| 
|   ;
|   return 0;
| }
configure:21012: icx -o conftest -O3 -fomit-frame-pointer -mtune=native -fstrict-aliasing -ffast-math   conftest.c -lm   -lm -loopopt=1 -L/opt/ohpc/pub/intel/oneapi-2025.03/mpi/2021.17/opt/mpi/libfabric/lib -L/opt/ohpc/pub/intel/oneapi-2025.03/mpi/2021.17/lib -L/opt/ohpc/pub/intel/oneapi-2025.03/compiler/2025.3/lib -L/opt/ohpc/pub/intel/oneapi-2025.03/umf/1.0/lib -L/opt/ohpc/pub/intel/oneapi-2025.03/tbb/2022.3/lib -L/opt/ohpc/pub/intel/oneapi-2025.03/compiler/2025.3/lib/clang/21/lib/x86_64-unknown-linux-gnu -L/opt/ohpc/pub/compiler/gcc/15.1.0/lib/gcc/x86_64-pc-linux-gnu/15.1.0/ -L/opt/ohpc/pub/compiler/gcc/15.1.0/lib/gcc/x86_64-pc-linux-gnu/15.1.0/../../../../lib64 -L/opt/ohpc/pub/compiler/gcc/15.1.0/lib/gcc/x86_64-pc-linux-gnu/15.1.0/../../../../lib64/ -L/lib/../lib64 -L/lib/../lib64/ -L/usr/lib/../lib64 -L/usr/lib/../lib64/ -L/opt/ohpc/pub/intel/oneapi-2025.03/mpi/2021.17/opt/mpi/libfabric/lib/ -L/opt/ohpc/pub/intel/oneapi-2025.03/mpi/2021.17/lib/ -L/opt/ohpc/pub/intel/oneapi-2025.03/compiler/2025.3/lib/ -L/opt/ohpc/pub/intel/oneapi-2025.03/umf/1.0/lib/ -L/opt/ohpc/pub/intel/oneapi-2025.03/tbb/2022.3/lib/ -L/opt/ohpc/pub/compiler/gcc/15.1.0/lib/gcc/x86_64-pc-linux-gnu/15.1.0/../../../ -L/lib64 -L/lib/ -L/usr/lib64 -L/usr/lib -limf -lifport -lifcoremt -lsvml -lipgo -lirc -lpthread -lirc_s -ldl >&5
/usr/bin/ld: cannot find -loopopt=1
icx: error: linker command failed with exit code 1 (use -v to see invocation)
configure:21012: $? = 1
configure: failed program was:
| /* confdefs.h */
| #define PACKAGE_NAME "fftw"
| #define PACKAGE_TARNAME "fftw"
| #define PACKAGE_VERSION "3.3.6-pl2"
| #define PACKAGE_STRING "fftw 3.3.6-pl2"
| #define PACKAGE_BUGREPORT "fftw@fftw.org"
| #define PACKAGE_URL ""
| #define PACKAGE "fftw"
| #define VERSION "3.3.6-pl2"
| #define FFTW_ENABLE_ALLOCA 1
| #define FFTW_SINGLE 1
| #define BENCHFFT_SINGLE 1
| #define HAVE_AVX 1
| #define STDC_HEADERS 1
| #define HAVE_SYS_TYPES_H 1
| #define HAVE_SYS_STAT_H 1
| #define HAVE_STDLIB_H 1
| #define HAVE_STRING_H 1
| #define HAVE_MEMORY_H 1
| #define HAVE_STRINGS_H 1
| #define HAVE_INTTYPES_H 1
| #define HAVE_STDINT_H 1
| #define HAVE_UNISTD_H 1
| #define HAVE_DLFCN_H 1
| #define LT_OBJDIR ".libs/"
| #define HAVE_MPI 1
| #define SIZEOF_MPI_FINT 4
| #define STDC_HEADERS 1
| #define HAVE_LIBINTL_H 1
| #define HAVE_MALLOC_H 1
| #define HAVE_STDDEF_H 1
| #define HAVE_STDLIB_H 1
| #define HAVE_STRING_H 1
| #define HAVE_STRINGS_H 1
| #define HAVE_SYS_TIME_H 1
| #define HAVE_UNISTD_H 1
| #define HAVE_LIMITS_H 1
| #define HAVE_STDINT_H 1
| #define TIME_WITH_SYS_TIME 1
| #define HAVE_LONG_DOUBLE 1
| #define SIZEOF_INT 4
| #define SIZEOF_UNSIGNED_INT 4
| #define SIZEOF_LONG 8
| #define SIZEOF_UNSIGNED_LONG 8
| #define SIZEOF_LONG_LONG 8
| #define SIZEOF_UNSIGNED_LONG_LONG 8
| #define SIZEOF_SIZE_T 8
| #define SIZEOF_PTRDIFF_T 8
| #define HAVE_UINTPTR_T 1
| #define SIZEOF_FLOAT 4
| #define SIZEOF_DOUBLE 8
| #define SIZEOF_FFTW_R2R_KIND 4
| #define HAVE_ALLOCA_H 1
| #define HAVE_ALLOCA 1
| #define HAVE_VPRINTF 1
| #define HAVE_LIBM 1
| #define HAVE_GETTIMEOFDAY 1
| #define HAVE_DRAND48 1
| #define HAVE_SQRT 1
| #define HAVE_MEMSET 1
| #define HAVE_POSIX_MEMALIGN 1
| #define HAVE_MEMALIGN 1
| #define HAVE__MM_MALLOC 1
| #define HAVE__MM_FREE 1
| #define HAVE_CLOCK_GETTIME 1
| #define HAVE_ABORT 1
| #define HAVE_SINL 1
| #define HAVE_COSL 1
| #define HAVE_SNPRINTF 1
| #define HAVE_DECL_SINL 1
| #define HAVE_DECL_COSL 1
| #define HAVE_DECL_SINQ 0
| #define HAVE_DECL_COSQ 0
| #define HAVE_DECL_MEMALIGN 1
| #define HAVE_DECL_DRAND48 1
| #define HAVE_DECL_SRAND48 1
| #define HAVE_DECL_POSIX_MEMALIGN 1
| #define HAVE_ISNAN 1
| /* end confdefs.h.  */
| #define F77_DUMMY_MAIN __MAIN
| #ifdef F77_DUMMY_MAIN
| 
| #  ifdef __cplusplus
|      extern "C"
| #  endif
|    int F77_DUMMY_MAIN() { return 1; }
| 
| #endif
| int
| main ()
| {
| 
|   ;
|   return 0;
| }
configure:21012: icx -o conftest -O3 -fomit-frame-pointer -mtune=native -fstrict-aliasing -ffast-math   conftest.c -lm   -lm -loopopt=1 -L/opt/ohpc/pub/intel/oneapi-2025.03/mpi/2021.17/opt/mpi/libfabric/lib -L/opt/ohpc/pub/intel/oneapi-2025.03/mpi/2021.17/lib -L/opt/ohpc/pub/intel/oneapi-2025.03/compiler/2025.3/lib -L/opt/ohpc/pub/intel/oneapi-2025.03/umf/1.0/lib -L/opt/ohpc/pub/intel/oneapi-2025.03/tbb/2022.3/lib -L/opt/ohpc/pub/intel/oneapi-2025.03/compiler/2025.3/lib/clang/21/lib/x86_64-unknown-linux-gnu -L/opt/ohpc/pub/compiler/gcc/15.1.0/lib/gcc/x86_64-pc-linux-gnu/15.1.0/ -L/opt/ohpc/pub/compiler/gcc/15.1.0/lib/gcc/x86_64-pc-linux-gnu/15.1.0/../../../../lib64 -L/opt/ohpc/pub/compiler/gcc/15.1.0/lib/gcc/x86_64-pc-linux-gnu/15.1.0/../../../../lib64/ -L/lib/../lib64 -L/lib/../lib64/ -L/usr/lib/../lib64 -L/usr/lib/../lib64/ -L/opt/ohpc/pub/intel/oneapi-2025.03/mpi/2021.17/opt/mpi/libfabric/lib/ -L/opt/ohpc/pub/intel/oneapi-2025.03/mpi/2021.17/lib/ -L/opt/ohpc/pub/intel/oneapi-2025.03/compiler/2025.3/lib/ -L/opt/ohpc/pub/intel/oneapi-2025.03/umf/1.0/lib/ -L/opt/ohpc/pub/intel/oneapi-2025.03/tbb/2022.3/lib/ -L/opt/ohpc/pub/compiler/gcc/15.1.0/lib/gcc/x86_64-pc-linux-gnu/15.1.0/../../../ -L/lib64 -L/lib/ -L/usr/lib64 -L/usr/lib -limf -lifport -lifcoremt -lsvml -lipgo -lirc -lpthread -lirc_s -ldl >&5
/usr/bin/ld: cannot find -loopopt=1
icx: error: linker command failed with exit code 1 (use -v to see invocation)
configure:21012: $? = 1
configure: failed program was:
| /* confdefs.h */
| #define PACKAGE_NAME "fftw"
| #define PACKAGE_TARNAME "fftw"
| #define PACKAGE_VERSION "3.3.6-pl2"
| #define PACKAGE_STRING "fftw 3.3.6-pl2"
| #define PACKAGE_BUGREPORT "fftw@fftw.org"
| #define PACKAGE_URL ""
| #define PACKAGE "fftw"
| #define VERSION "3.3.6-pl2"
| #define FFTW_ENABLE_ALLOCA 1
| #define FFTW_SINGLE 1
| #define BENCHFFT_SINGLE 1
| #define HAVE_AVX 1
| #define STDC_HEADERS 1
| #define HAVE_SYS_TYPES_H 1
| #define HAVE_SYS_STAT_H 1
| #define HAVE_STDLIB_H 1
| #define HAVE_STRING_H 1
| #define HAVE_MEMORY_H 1
| #define HAVE_STRINGS_H 1
| #define HAVE_INTTYPES_H 1
| #define HAVE_STDINT_H 1
| #define HAVE_UNISTD_H 1
| #define HAVE_DLFCN_H 1
| #define LT_OBJDIR ".libs/"
| #define HAVE_MPI 1
| #define SIZEOF_MPI_FINT 4
| #define STDC_HEADERS 1
| #define HAVE_LIBINTL_H 1
| #define HAVE_MALLOC_H 1
| #define HAVE_STDDEF_H 1
| #define HAVE_STDLIB_H 1
| #define HAVE_STRING_H 1
| #define HAVE_STRINGS_H 1
| #define HAVE_SYS_TIME_H 1
| #define HAVE_UNISTD_H 1
| #define HAVE_LIMITS_H 1
| #define HAVE_STDINT_H 1
| #define TIME_WITH_SYS_TIME 1
| #define HAVE_LONG_DOUBLE 1
| #define SIZEOF_INT 4
| #define SIZEOF_UNSIGNED_INT 4
| #define SIZEOF_LONG 8
| #define SIZEOF_UNSIGNED_LONG 8
| #define SIZEOF_LONG_LONG 8
| #define SIZEOF_UNSIGNED_LONG_LONG 8
| #define SIZEOF_SIZE_T 8
| #define SIZEOF_PTRDIFF_T 8
| #define HAVE_UINTPTR_T 1
| #define SIZEOF_FLOAT 4
| #define SIZEOF_DOUBLE 8
| #define SIZEOF_FFTW_R2R_KIND 4
| #define HAVE_ALLOCA_H 1
| #define HAVE_ALLOCA 1
| #define HAVE_VPRINTF 1
| #define HAVE_LIBM 1
| #define HAVE_GETTIMEOFDAY 1
| #define HAVE_DRAND48 1
| #define HAVE_SQRT 1
| #define HAVE_MEMSET 1
| #define HAVE_POSIX_MEMALIGN 1
| #define HAVE_MEMALIGN 1
| #define HAVE__MM_MALLOC 1
| #define HAVE__MM_FREE 1
| #define HAVE_CLOCK_GETTIME 1
| #define HAVE_ABORT 1
| #define HAVE_SINL 1
| #define HAVE_COSL 1
| #define HAVE_SNPRINTF 1
| #define HAVE_DECL_SINL 1
| #define HAVE_DECL_COSL 1
| #define HAVE_DECL_SINQ 0
| #define HAVE_DECL_COSQ 0
| #define HAVE_DECL_MEMALIGN 1
| #define HAVE_DECL_DRAND48 1
| #define HAVE_DECL_SRAND48 1
| #define HAVE_DECL_POSIX_MEMALIGN 1
| #define HAVE_ISNAN 1
| /* end confdefs.h.  */
| #define F77_DUMMY_MAIN main_
| #ifdef F77_DUMMY_MAIN
| 
| #  ifdef __cplusplus
|      extern "C"
| #  endif
|    int F77_DUMMY_MAIN() { return 1; }
| 
| #endif
| int
| main ()
| {
| 
|   ;
|   return 0;
| }
configure:21012: icx -o conftest -O3 -fomit-frame-pointer -mtune=native -fstrict-aliasing -ffast-math   conftest.c -lm   -lm -loopopt=1 -L/opt/ohpc/pub/intel/oneapi-2025.03/mpi/2021.17/opt/mpi/libfabric/lib -L/opt/ohpc/pub/intel/oneapi-2025.03/mpi/2021.17/lib -L/opt/ohpc/pub/intel/oneapi-2025.03/compiler/2025.3/lib -L/opt/ohpc/pub/intel/oneapi-2025.03/umf/1.0/lib -L/opt/ohpc/pub/intel/oneapi-2025.03/tbb/2022.3/lib -L/opt/ohpc/pub/intel/oneapi-2025.03/compiler/2025.3/lib/clang/21/lib/x86_64-unknown-linux-gnu -L/opt/ohpc/pub/compiler/gcc/15.1.0/lib/gcc/x86_64-pc-linux-gnu/15.1.0/ -L/opt/ohpc/pub/compiler/gcc/15.1.0/lib/gcc/x86_64-pc-linux-gnu/15.1.0/../../../../lib64 -L/opt/ohpc/pub/compiler/gcc/15.1.0/lib/gcc/x86_64-pc-linux-gnu/15.1.0/../../../../lib64/ -L/lib/../lib64 -L/lib/../lib64/ -L/usr/lib/../lib64 -L/usr/lib/../lib64/ -L/opt/ohpc/pub/intel/oneapi-2025.03/mpi/2021.17/opt/mpi/libfabric/lib/ -L/opt/ohpc/pub/intel/oneapi-2025.03/mpi/2021.17/lib/ -L/opt/ohpc/pub/intel/oneapi-2025.03/compiler/2025.3/lib/ -L/opt/ohpc/pub/intel/oneapi-2025.03/umf/1.0/lib/ -L/opt/ohpc/pub/intel/oneapi-2025.03/tbb/2022.3/lib/ -L/opt/ohpc/pub/compiler/gcc/15.1.0/lib/gcc/x86_64-pc-linux-gnu/15.1.0/../../../ -L/lib64 -L/lib/ -L/usr/lib64 -L/usr/lib -limf -lifport -lifcoremt -lsvml -lipgo -lirc -lpthread -lirc_s -ldl >&5
/usr/bin/ld: cannot find -loopopt=1
icx: error: linker command failed with exit code 1 (use -v to see invocation)
configure:21012: $? = 1
configure: failed program was:
| /* confdefs.h */
| #define PACKAGE_NAME "fftw"
| #define PACKAGE_TARNAME "fftw"
| #define PACKAGE_VERSION "3.3.6-pl2"
| #define PACKAGE_STRING "fftw 3.3.6-pl2"
| #define PACKAGE_BUGREPORT "fftw@fftw.org"
| #define PACKAGE_URL ""
| #define PACKAGE "fftw"
| #define VERSION "3.3.6-pl2"
| #define FFTW_ENABLE_ALLOCA 1
| #define FFTW_SINGLE 1
| #define BENCHFFT_SINGLE 1
| #define HAVE_AVX 1
| #define STDC_HEADERS 1
| #define HAVE_SYS_TYPES_H 1
| #define HAVE_SYS_STAT_H 1
| #define HAVE_STDLIB_H 1
| #define HAVE_STRING_H 1
| #define HAVE_MEMORY_H 1
| #define HAVE_STRINGS_H 1
| #define HAVE_INTTYPES_H 1
| #define HAVE_STDINT_H 1
| #define HAVE_UNISTD_H 1
| #define HAVE_DLFCN_H 1
| #define LT_OBJDIR ".libs/"
| #define HAVE_MPI 1
| #define SIZEOF_MPI_FINT 4
| #define STDC_HEADERS 1
| #define HAVE_LIBINTL_H 1
| #define HAVE_MALLOC_H 1
| #define HAVE_STDDEF_H 1
| #define HAVE_STDLIB_H 1
| #define HAVE_STRING_H 1
| #define HAVE_STRINGS_H 1
| #define HAVE_SYS_TIME_H 1
| #define HAVE_UNISTD_H 1
| #define HAVE_LIMITS_H 1
| #define HAVE_STDINT_H 1
| #define TIME_WITH_SYS_TIME 1
| #define HAVE_LONG_DOUBLE 1
| #define SIZEOF_INT 4
| #define SIZEOF_UNSIGNED_INT 4
| #define SIZEOF_LONG 8
| #define SIZEOF_UNSIGNED_LONG 8
| #define SIZEOF_LONG_LONG 8
| #define SIZEOF_UNSIGNED_LONG_LONG 8
| #define SIZEOF_SIZE_T 8
| #define SIZEOF_PTRDIFF_T 8
| #define HAVE_UINTPTR_T 1
| #define SIZEOF_FLOAT 4
| #define SIZEOF_DOUBLE 8
| #define SIZEOF_FFTW_R2R_KIND 4
| #define HAVE_ALLOCA_H 1
| #define HAVE_ALLOCA 1
| #define HAVE_VPRINTF 1
| #define HAVE_LIBM 1
| #define HAVE_GETTIMEOFDAY 1
| #define HAVE_DRAND48 1
| #define HAVE_SQRT 1
| #define HAVE_MEMSET 1
| #define HAVE_POSIX_MEMALIGN 1
| #define HAVE_MEMALIGN 1
| #define HAVE__MM_MALLOC 1
| #define HAVE__MM_FREE 1
| #define HAVE_CLOCK_GETTIME 1
| #define HAVE_ABORT 1
| #define HAVE_SINL 1
| #define HAVE_COSL 1
| #define HAVE_SNPRINTF 1
| #define HAVE_DECL_SINL 1
| #define HAVE_DECL_COSL 1
| #define HAVE_DECL_SINQ 0
| #define HAVE_DECL_COSQ 0
| #define HAVE_DECL_MEMALIGN 1
| #define HAVE_DECL_DRAND48 1
| #define HAVE_DECL_SRAND48 1
| #define HAVE_DECL_POSIX_MEMALIGN 1
| #define HAVE_ISNAN 1
| /* end confdefs.h.  */
| #define F77_DUMMY_MAIN main__
| #ifdef F77_DUMMY_MAIN
| 
| #  ifdef __cplusplus
|      extern "C"
| #  endif
|    int F77_DUMMY_MAIN() { return 1; }
| 
| #endif
| int
| main ()
| {
| 
|   ;
|   return 0;
| }
configure:21012: icx -o conftest -O3 -fomit-frame-pointer -mtune=native -fstrict-aliasing -ffast-math   conftest.c -lm   -lm -loopopt=1 -L/opt/ohpc/pub/intel/oneapi-2025.03/mpi/2021.17/opt/mpi/libfabric/lib -L/opt/ohpc/pub/intel/oneapi-2025.03/mpi/2021.17/lib -L/opt/ohpc/pub/intel/oneapi-2025.03/compiler/2025.3/lib -L/opt/ohpc/pub/intel/oneapi-2025.03/umf/1.0/lib -L/opt/ohpc/pub/intel/oneapi-2025.03/tbb/2022.3/lib -L/opt/ohpc/pub/intel/oneapi-2025.03/compiler/2025.3/lib/clang/21/lib/x86_64-unknown-linux-gnu -L/opt/ohpc/pub/compiler/gcc/15.1.0/lib/gcc/x86_64-pc-linux-gnu/15.1.0/ -L/opt/ohpc/pub/compiler/gcc/15.1.0/lib/gcc/x86_64-pc-linux-gnu/15.1.0/../../../../lib64 -L/opt/ohpc/pub/compiler/gcc/15.1.0/lib/gcc/x86_64-pc-linux-gnu/15.1.0/../../../../lib64/ -L/lib/../lib64 -L/lib/../lib64/ -L/usr/lib/../lib64 -L/usr/lib/../lib64/ -L/opt/ohpc/pub/intel/oneapi-2025.03/mpi/2021.17/opt/mpi/libfabric/lib/ -L/opt/ohpc/pub/intel/oneapi-2025.03/mpi/2021.17/lib/ -L/opt/ohpc/pub/intel/oneapi-2025.03/compiler/2025.3/lib/ -L/opt/ohpc/pub/intel/oneapi-2025.03/umf/1.0/lib/ -L/opt/ohpc/pub/intel/oneapi-2025.03/tbb/2022.3/lib/ -L/opt/ohpc/pub/compiler/gcc/15.1.0/lib/gcc/x86_64-pc-linux-gnu/15.1.0/../../../ -L/lib64 -L/lib/ -L/usr/lib64 -L/usr/lib -limf -lifport -lifcoremt -lsvml -lipgo -lirc -lpthread -lirc_s -ldl >&5
/usr/bin/ld: cannot find -loopopt=1
icx: error: linker command failed with exit code 1 (use -v to see invocation)
configure:21012: $? = 1
configure: failed program was:
| /* confdefs.h */
| #define PACKAGE_NAME "fftw"
| #define PACKAGE_TARNAME "fftw"
| #define PACKAGE_VERSION "3.3.6-pl2"
| #define PACKAGE_STRING "fftw 3.3.6-pl2"
| #define PACKAGE_BUGREPORT "fftw@fftw.org"
| #define PACKAGE_URL ""
| #define PACKAGE "fftw"
| #define VERSION "3.3.6-pl2"
| #define FFTW_ENABLE_ALLOCA 1
| #define FFTW_SINGLE 1
| #define BENCHFFT_SINGLE 1
| #define HAVE_AVX 1
| #define STDC_HEADERS 1
| #define HAVE_SYS_TYPES_H 1
| #define HAVE_SYS_STAT_H 1
| #define HAVE_STDLIB_H 1
| #define HAVE_STRING_H 1
| #define HAVE_MEMORY_H 1
| #define HAVE_STRINGS_H 1
| #define HAVE_INTTYPES_H 1
| #define HAVE_STDINT_H 1
| #define HAVE_UNISTD_H 1
| #define HAVE_DLFCN_H 1
| #define LT_OBJDIR ".libs/"
| #define HAVE_MPI 1
| #define SIZEOF_MPI_FINT 4
| #define STDC_HEADERS 1
| #define HAVE_LIBINTL_H 1
| #define HAVE_MALLOC_H 1
| #define HAVE_STDDEF_H 1
| #define HAVE_STDLIB_H 1
| #define HAVE_STRING_H 1
| #define HAVE_STRINGS_H 1
| #define HAVE_SYS_TIME_H 1
| #define HAVE_UNISTD_H 1
| #define HAVE_LIMITS_H 1
| #define HAVE_STDINT_H 1
| #define TIME_WITH_SYS_TIME 1
| #define HAVE_LONG_DOUBLE 1
| #define SIZEOF_INT 4
| #define SIZEOF_UNSIGNED_INT 4
| #define SIZEOF_LONG 8
| #define SIZEOF_UNSIGNED_LONG 8
| #define SIZEOF_LONG_LONG 8
| #define SIZEOF_UNSIGNED_LONG_LONG 8
| #define SIZEOF_SIZE_T 8
| #define SIZEOF_PTRDIFF_T 8
| #define HAVE_UINTPTR_T 1
| #define SIZEOF_FLOAT 4
| #define SIZEOF_DOUBLE 8
| #define SIZEOF_FFTW_R2R_KIND 4
| #define HAVE_ALLOCA_H 1
| #define HAVE_ALLOCA 1
| #define HAVE_VPRINTF 1
| #define HAVE_LIBM 1
| #define HAVE_GETTIMEOFDAY 1
| #define HAVE_DRAND48 1
| #define HAVE_SQRT 1
| #define HAVE_MEMSET 1
| #define HAVE_POSIX_MEMALIGN 1
| #define HAVE_MEMALIGN 1
| #define HAVE__MM_MALLOC 1
| #define HAVE__MM_FREE 1
| #define HAVE_CLOCK_GETTIME 1
| #define HAVE_ABORT 1
| #define HAVE_SINL 1
| #define HAVE_COSL 1
| #define HAVE_SNPRINTF 1
| #define HAVE_DECL_SINL 1
| #define HAVE_DECL_COSL 1
| #define HAVE_DECL_SINQ 0
| #define HAVE_DECL_COSQ 0
| #define HAVE_DECL_MEMALIGN 1
| #define HAVE_DECL_DRAND48 1
| #define HAVE_DECL_SRAND48 1
| #define HAVE_DECL_POSIX_MEMALIGN 1
| #define HAVE_ISNAN 1
| /* end confdefs.h.  */
| #define F77_DUMMY_MAIN _main
| #ifdef F77_DUMMY_MAIN
| 
| #  ifdef __cplusplus
|      extern "C"
| #  endif
|    int F77_DUMMY_MAIN() { return 1; }
| 
| #endif
| int
| main ()
| {
| 
|   ;
|   return 0;
| }
configure:21028: result: unknown
configure:21046: WARNING: *** Couldn't figure out how to link C and Fortran; using default Fortran wrappers.
configure:21368: checking for OpenMP flag of C compiler
configure:21412: icx -o conftest -O3 -fomit-frame-pointer -mtune=native -fstrict-aliasing -ffast-math -fopenmp   conftest.c -lm  >&5
icx: warning: use of '-qopenmp' recommended over '-fopenmp' [-Wrecommended-option]
conftest.c:88:6: warning: incompatible redeclaration of library function 'omp_set_num_threads' [-Wincompatible-library-redeclaration]
   88 | char omp_set_num_threads ();
      |      ^
conftest.c:88:6: note: 'omp_set_num_threads' is a builtin with type 'void (int)'
1 warning generated.
configure:21412: $? = 0
configure:21421: result: -fopenmp
configure:21473: checking for Win32 threads
configure:21494: icx -o conftest -O3 -fomit-frame-pointer -mtune=native -fstrict-aliasing -ffast-math   conftest.c -lm  >&5
conftest.c:83:10: fatal error: 'windows.h' file not found
   83 | #include <windows.h>
      |          ^~~~~~~~~~~
1 error generated.
configure:21494: $? = 1
configure: failed program was:
| /* confdefs.h */
| #define PACKAGE_NAME "fftw"
| #define PACKAGE_TARNAME "fftw"
| #define PACKAGE_VERSION "3.3.6-pl2"
| #define PACKAGE_STRING "fftw 3.3.6-pl2"
| #define PACKAGE_BUGREPORT "fftw@fftw.org"
| #define PACKAGE_URL ""
| #define PACKAGE "fftw"
| #define VERSION "3.3.6-pl2"
| #define FFTW_ENABLE_ALLOCA 1
| #define FFTW_SINGLE 1
| #define BENCHFFT_SINGLE 1
| #define HAVE_AVX 1
| #define STDC_HEADERS 1
| #define HAVE_SYS_TYPES_H 1
| #define HAVE_SYS_STAT_H 1
| #define HAVE_STDLIB_H 1
| #define HAVE_STRING_H 1
| #define HAVE_MEMORY_H 1
| #define HAVE_STRINGS_H 1
| #define HAVE_INTTYPES_H 1
| #define HAVE_STDINT_H 1
| #define HAVE_UNISTD_H 1
| #define HAVE_DLFCN_H 1
| #define LT_OBJDIR ".libs/"
| #define HAVE_MPI 1
| #define SIZEOF_MPI_FINT 4
| #define STDC_HEADERS 1
| #define HAVE_LIBINTL_H 1
| #define HAVE_MALLOC_H 1
| #define HAVE_STDDEF_H 1
| #define HAVE_STDLIB_H 1
| #define HAVE_STRING_H 1
| #define HAVE_STRINGS_H 1
| #define HAVE_SYS_TIME_H 1
| #define HAVE_UNISTD_H 1
| #define HAVE_LIMITS_H 1
| #define HAVE_STDINT_H 1
| #define TIME_WITH_SYS_TIME 1
| #define HAVE_LONG_DOUBLE 1
| #define SIZEOF_INT 4
| #define SIZEOF_UNSIGNED_INT 4
| #define SIZEOF_LONG 8
| #define SIZEOF_UNSIGNED_LONG 8
| #define SIZEOF_LONG_LONG 8
| #define SIZEOF_UNSIGNED_LONG_LONG 8
| #define SIZEOF_SIZE_T 8
| #define SIZEOF_PTRDIFF_T 8
| #define HAVE_UINTPTR_T 1
| #define SIZEOF_FLOAT 4
| #define SIZEOF_DOUBLE 8
| #define SIZEOF_FFTW_R2R_KIND 4
| #define HAVE_ALLOCA_H 1
| #define HAVE_ALLOCA 1
| #define HAVE_VPRINTF 1
| #define HAVE_LIBM 1
| #define HAVE_GETTIMEOFDAY 1
| #define HAVE_DRAND48 1
| #define HAVE_SQRT 1
| #define HAVE_MEMSET 1
| #define HAVE_POSIX_MEMALIGN 1
| #define HAVE_MEMALIGN 1
| #define HAVE__MM_MALLOC 1
| #define HAVE__MM_FREE 1
| #define HAVE_CLOCK_GETTIME 1
| #define HAVE_ABORT 1
| #define HAVE_SINL 1
| #define HAVE_COSL 1
| #define HAVE_SNPRINTF 1
| #define HAVE_DECL_SINL 1
| #define HAVE_DECL_COSL 1
| #define HAVE_DECL_SINQ 0
| #define HAVE_DECL_COSQ 0
| #define HAVE_DECL_MEMALIGN 1
| #define HAVE_DECL_DRAND48 1
| #define HAVE_DECL_SRAND48 1
| #define HAVE_DECL_POSIX_MEMALIGN 1
| #define HAVE_ISNAN 1
| #define HAVE_OPENMP 1
| #define HAVE_OPENMP 1
| #define HAVE_THREADS 1
| /* end confdefs.h.  */
| #include <windows.h>
| #ifdef F77_DUMMY_MAIN
| 
| #  ifdef __cplusplus
|      extern "C"
| #  endif
|    int F77_DUMMY_MAIN() { return 1; }
| 
| #endif
| int
| main ()
| {
| _beginthreadex(0,0,0,0,0,0);
|   ;
|   return 0;
| }
configure:21498: result: no
configure:21681: checking for the pthreads library -lpthreads
configure:21725: icx -o conftest -O3 -fomit-frame-pointer -mtune=native -fstrict-aliasing -ffast-math    conftest.c -lpthreads -lm  >&5
conftest.c:96:40: warning: null passed to a callee that requires a non-null argument [-Wnonnull]
   96 |                      pthread_attr_init((pthread_attr_t*) 0);
      |                                        ^~~~~~~~~~~~~~~~~~~
conftest.c:98:37: warning: null passed to a callee that requires a non-null argument [-Wnonnull]
   98 |                      pthread_create((pthread_t*) 0, (pthread_attr_t*) 0,
      |                                     ^~~~~~~~~~~~~~
conftest.c:99:37: warning: null passed to a callee that requires a non-null argument [-Wnonnull]
   99 |                                     (void*(*)(void *)) 0, (void*) 0);
      |                                     ^~~~~~~~~~~~~~~~~~~~
3 warnings generated.
/usr/bin/ld: cannot find -lpthreads
icx: error: linker command failed with exit code 1 (use -v to see invocation)
configure:21725: $? = 1
configure: failed program was:
| /* confdefs.h */
| #define PACKAGE_NAME "fftw"
| #define PACKAGE_TARNAME "fftw"
| #define PACKAGE_VERSION "3.3.6-pl2"
| #define PACKAGE_STRING "fftw 3.3.6-pl2"
| #define PACKAGE_BUGREPORT "fftw@fftw.org"
| #define PACKAGE_URL ""
| #define PACKAGE "fftw"
| #define VERSION "3.3.6-pl2"
| #define FFTW_ENABLE_ALLOCA 1
| #define FFTW_SINGLE 1
| #define BENCHFFT_SINGLE 1
| #define HAVE_AVX 1
| #define STDC_HEADERS 1
| #define HAVE_SYS_TYPES_H 1
| #define HAVE_SYS_STAT_H 1
| #define HAVE_STDLIB_H 1
| #define HAVE_STRING_H 1
| #define HAVE_MEMORY_H 1
| #define HAVE_STRINGS_H 1
| #define HAVE_INTTYPES_H 1
| #define HAVE_STDINT_H 1
| #define HAVE_UNISTD_H 1
| #define HAVE_DLFCN_H 1
| #define LT_OBJDIR ".libs/"
| #define HAVE_MPI 1
| #define SIZEOF_MPI_FINT 4
| #define STDC_HEADERS 1
| #define HAVE_LIBINTL_H 1
| #define HAVE_MALLOC_H 1
| #define HAVE_STDDEF_H 1
| #define HAVE_STDLIB_H 1
| #define HAVE_STRING_H 1
| #define HAVE_STRINGS_H 1
| #define HAVE_SYS_TIME_H 1
| #define HAVE_UNISTD_H 1
| #define HAVE_LIMITS_H 1
| #define HAVE_STDINT_H 1
| #define TIME_WITH_SYS_TIME 1
| #define HAVE_LONG_DOUBLE 1
| #define SIZEOF_INT 4
| #define SIZEOF_UNSIGNED_INT 4
| #define SIZEOF_LONG 8
| #define SIZEOF_UNSIGNED_LONG 8
| #define SIZEOF_LONG_LONG 8
| #define SIZEOF_UNSIGNED_LONG_LONG 8
| #define SIZEOF_SIZE_T 8
| #define SIZEOF_PTRDIFF_T 8
| #define HAVE_UINTPTR_T 1
| #define SIZEOF_FLOAT 4
| #define SIZEOF_DOUBLE 8
| #define SIZEOF_FFTW_R2R_KIND 4
| #define HAVE_ALLOCA_H 1
| #define HAVE_ALLOCA 1
| #define HAVE_VPRINTF 1
| #define HAVE_LIBM 1
| #define HAVE_GETTIMEOFDAY 1
| #define HAVE_DRAND48 1
| #define HAVE_SQRT 1
| #define HAVE_MEMSET 1
| #define HAVE_POSIX_MEMALIGN 1
| #define HAVE_MEMALIGN 1
| #define HAVE__MM_MALLOC 1
| #define HAVE__MM_FREE 1
| #define HAVE_CLOCK_GETTIME 1
| #define HAVE_ABORT 1
| #define HAVE_SINL 1
| #define HAVE_COSL 1
| #define HAVE_SNPRINTF 1
| #define HAVE_DECL_SINL 1
| #define HAVE_DECL_COSL 1
| #define HAVE_DECL_SINQ 0
| #define HAVE_DECL_COSQ 0
| #define HAVE_DECL_MEMALIGN 1
| #define HAVE_DECL_DRAND48 1
| #define HAVE_DECL_SRAND48 1
| #define HAVE_DECL_POSIX_MEMALIGN 1
| #define HAVE_ISNAN 1
| #define HAVE_OPENMP 1
| #define HAVE_OPENMP 1
| #define HAVE_THREADS 1
| /* end confdefs.h.  */
| #include <pthread.h>
| #ifdef F77_DUMMY_MAIN
| 
| #  ifdef __cplusplus
|      extern "C"
| #  endif
|    int F77_DUMMY_MAIN() { return 1; }
| 
| #endif
| int
| main ()
| {
| pthread_t th; pthread_join(th, (void**) 0);
|                      pthread_attr_init((pthread_attr_t*) 0);
|                      pthread_cleanup_push((void(*)(void *)) 0, (void*) 0);
|                      pthread_create((pthread_t*) 0, (pthread_attr_t*) 0,
|                                     (void*(*)(void *)) 0, (void*) 0);
|                      pthread_cleanup_pop(0);
|   ;
|   return 0;
| }
configure:21734: result: no
configure:21626: checking whether pthreads work without any flags
configure:21725: icx -o conftest -O3 -fomit-frame-pointer -mtune=native -fstrict-aliasing -ffast-math    conftest.c  -lm  >&5
conftest.c:96:40: warning: null passed to a callee that requires a non-null argument [-Wnonnull]
   96 |                      pthread_attr_init((pthread_attr_t*) 0);
      |                                        ^~~~~~~~~~~~~~~~~~~
conftest.c:98:37: warning: null passed to a callee that requires a non-null argument [-Wnonnull]
   98 |                      pthread_create((pthread_t*) 0, (pthread_attr_t*) 0,
      |                                     ^~~~~~~~~~~~~~
conftest.c:99:37: warning: null passed to a callee that requires a non-null argument [-Wnonnull]
   99 |                                     (void*(*)(void *)) 0, (void*) 0);
      |                                     ^~~~~~~~~~~~~~~~~~~~
3 warnings generated.
configure:21725: $? = 0
configure:21734: result: yes
configure:21753: checking for joinable pthread attribute
configure:21776: icx -o conftest -O3 -fomit-frame-pointer -mtune=native -fstrict-aliasing -ffast-math    conftest.c  -lm  >&5
configure:21776: $? = 0
configure:21782: result: PTHREAD_CREATE_JOINABLE
configure:21792: checking if more special flags are required for pthreads
configure:21799: result: no
configure:21927: checking whether a cycle counter is available
configure:21938: cpp  -I./kernel conftest.c
configure:21938: $? = 0
configure:21945: result: yes
configure:22064: checking that generated files are newer than configure
configure:22070: result: done
configure:22177: creating ./config.status

## ---------------------- ##
## Running config.status. ##
## ---------------------- ##

This file was extended by fftw config.status 3.3.6-pl2, which was
generated by GNU Autoconf 2.69.  Invocation command line was

  CONFIG_FILES    = 
  CONFIG_HEADERS  = 
  CONFIG_LINKS    = 
  CONFIG_COMMANDS = 
  $ ./config.status 

on grammar

config.status:1334: creating Makefile
config.status:1334: creating support/Makefile
config.status:1334: creating genfft/Makefile
config.status:1334: creating kernel/Makefile
config.status:1334: creating simd-support/Makefile
config.status:1334: creating dft/Makefile
config.status:1334: creating dft/scalar/Makefile
config.status:1334: creating dft/scalar/codelets/Makefile
config.status:1334: creating dft/simd/Makefile
config.status:1334: creating dft/simd/common/Makefile
config.status:1334: creating dft/simd/sse2/Makefile
config.status:1334: creating dft/simd/avx/Makefile
config.status:1334: creating dft/simd/avx-128-fma/Makefile
config.status:1334: creating dft/simd/avx2/Makefile
config.status:1334: creating dft/simd/avx2-128/Makefile
config.status:1334: creating dft/simd/avx512/Makefile
config.status:1334: creating dft/simd/kcvi/Makefile
config.status:1334: creating dft/simd/altivec/Makefile
config.status:1334: creating dft/simd/vsx/Makefile
config.status:1334: creating dft/simd/neon/Makefile
config.status:1334: creating dft/simd/generic-simd128/Makefile
config.status:1334: creating dft/simd/generic-simd256/Makefile
config.status:1334: creating rdft/Makefile
config.status:1334: creating rdft/scalar/Makefile
config.status:1334: creating rdft/scalar/r2cf/Makefile
config.status:1334: creating rdft/scalar/r2cb/Makefile
config.status:1334: creating rdft/scalar/r2r/Makefile
config.status:1334: creating rdft/simd/Makefile
config.status:1334: creating rdft/simd/common/Makefile
config.status:1334: creating rdft/simd/sse2/Makefile
config.status:1334: creating rdft/simd/avx/Makefile
config.status:1334: creating rdft/simd/avx-128-fma/Makefile
config.status:1334: creating rdft/simd/avx2/Makefile
config.status:1334: creating rdft/simd/avx2-128/Makefile
config.status:1334: creating rdft/simd/avx512/Makefile
config.status:1334: creating rdft/simd/kcvi/Makefile
config.status:1334: creating rdft/simd/altivec/Makefile
config.status:1334: creating rdft/simd/vsx/Makefile
config.status:1334: creating rdft/simd/neon/Makefile
config.status:1334: creating rdft/simd/generic-simd128/Makefile
config.status:1334: creating rdft/simd/generic-simd256/Makefile
config.status:1334: creating reodft/Makefile
config.status:1334: creating threads/Makefile
config.status:1334: creating api/Makefile
config.status:1334: creating mpi/Makefile
config.status:1334: creating libbench2/Makefile
config.status:1334: creating tests/Makefile
config.status:1334: creating doc/Makefile
config.status:1334: creating doc/FAQ/Makefile
config.status:1334: creating tools/Makefile
config.status:1334: creating tools/fftw_wisdom.1
config.status:1334: creating tools/fftw-wisdom-to-conf
config.status:1334: creating m4/Makefile
config.status:1334: creating fftw.pc
config.status:1334: creating config.h
config.status:1563: executing depfiles commands
config.status:1563: executing libtool commands

## ---------------- ##
## Cache variables. ##
## ---------------- ##

ac_cv_build=x86_64-pc-linux-gnu
ac_cv_c_compiler_gnu=yes
ac_cv_c_const=yes
ac_cv_c_inline=inline
ac_cv_env_CC_set=set
ac_cv_env_CC_value=icx
ac_cv_env_CFLAGS_set=
ac_cv_env_CFLAGS_value=
ac_cv_env_CPPFLAGS_set=
ac_cv_env_CPPFLAGS_value=
ac_cv_env_CPP_set=set
ac_cv_env_CPP_value=cpp
ac_cv_env_F77_set=set
ac_cv_env_F77_value=ifx
ac_cv_env_FFLAGS_set=
ac_cv_env_FFLAGS_value=
ac_cv_env_LDFLAGS_set=
ac_cv_env_LDFLAGS_value=
ac_cv_env_LIBS_set=
ac_cv_env_LIBS_value=
ac_cv_env_LT_SYS_LIBRARY_PATH_set=
ac_cv_env_LT_SYS_LIBRARY_PATH_value=
ac_cv_env_MPICC_set=set
ac_cv_env_MPICC_value=mpiicx
ac_cv_env_build_alias_set=
ac_cv_env_build_alias_value=
ac_cv_env_host_alias_set=
ac_cv_env_host_alias_value=
ac_cv_env_target_alias_set=
ac_cv_env_target_alias_value=
ac_cv_f77_compiler_gnu=no
ac_cv_f77_dummy_main=unknown
ac_cv_f77_libs=' -lm -loopopt=1 -L/opt/ohpc/pub/intel/oneapi-2025.03/mpi/2021.17/opt/mpi/libfabric/lib -L/opt/ohpc/pub/intel/oneapi-2025.03/mpi/2021.17/lib -L/opt/ohpc/pub/intel/oneapi-2025.03/compiler/2025.3/lib -L/opt/ohpc/pub/intel/oneapi-2025.03/umf/1.0/lib -L/opt/ohpc/pub/intel/oneapi-2025.03/tbb/2022.3/lib -L/opt/ohpc/pub/intel/oneapi-2025.03/compiler/2025.3/lib/clang/21/lib/x86_64-unknown-linux-gnu -L/opt/ohpc/pub/compiler/gcc/15.1.0/lib/gcc/x86_64-pc-linux-gnu/15.1.0/ -L/opt/ohpc/pub/compiler/gcc/15.1.0/lib/gcc/x86_64-pc-linux-gnu/15.1.0/../../../../lib64 -L/opt/ohpc/pub/compiler/gcc/15.1.0/lib/gcc/x86_64-pc-linux-gnu/15.1.0/../../../../lib64/ -L/lib/../lib64 -L/lib/../lib64/ -L/usr/lib/../lib64 -L/usr/lib/../lib64/ -L/opt/ohpc/pub/intel/oneapi-2025.03/mpi/2021.17/opt/mpi/libfabric/lib/ -L/opt/ohpc/pub/intel/oneapi-2025.03/mpi/2021.17/lib/ -L/opt/ohpc/pub/intel/oneapi-2025.03/compiler/2025.3/lib/ -L/opt/ohpc/pub/intel/oneapi-2025.03/umf/1.0/lib/ -L/opt/ohpc/pub/intel/oneapi-2025.03/tbb/2022.3/lib/ -L/opt/ohpc/pub/compiler/gcc/15.1.0/lib/gcc/x86_64-pc-linux-gnu/15.1.0/../../../ -L/lib64 -L/lib/ -L/usr/lib64 -L/usr/lib -limf -lifport -lifcoremt -lsvml -lipgo -lirc -lpthread -lirc_s -ldl'
ac_cv_fortran_dummy_main=unknown
ac_cv_func_BSDgettimeofday=no
ac_cv_func_MPI_Init=yes
ac_cv_func__doprnt=no
ac_cv_func__mm_free=yes
ac_cv_func__mm_malloc=yes
ac_cv_func_abort=yes
ac_cv_func_alloca_works=yes
ac_cv_func_clock_gettime=yes
ac_cv_func_cosl=yes
ac_cv_func_drand48=yes
ac_cv_func_gethrtime=no
ac_cv_func_gettimeofday=yes
ac_cv_func_mach_absolute_time=no
ac_cv_func_memalign=yes
ac_cv_func_memset=yes
ac_cv_func_posix_memalign=yes
ac_cv_func_read_real_time=no
ac_cv_func_sinl=yes
ac_cv_func_snprintf=yes
ac_cv_func_sqrt=yes
ac_cv_func_strtod=yes
ac_cv_func_sysctl=no
ac_cv_func_time_base_to_time=no
ac_cv_func_vprintf=yes
ac_cv_have_decl_cosl=yes
ac_cv_have_decl_cosq=no
ac_cv_have_decl_drand48=yes
ac_cv_have_decl_memalign=yes
ac_cv_have_decl_posix_memalign=yes
ac_cv_have_decl_sinl=yes
ac_cv_have_decl_sinq=no
ac_cv_have_decl_srand48=yes
ac_cv_header_altivec_h=no
ac_cv_header_c_asm_h=no
ac_cv_header_dlfcn_h=yes
ac_cv_header_intrinsics_h=no
ac_cv_header_inttypes_h=yes
ac_cv_header_libintl_h=yes
ac_cv_header_limits_h=yes
ac_cv_header_mach_mach_time_h=no
ac_cv_header_malloc_h=yes
ac_cv_header_memory_h=yes
ac_cv_header_stdc=yes
ac_cv_header_stddef_h=yes
ac_cv_header_stdint_h=yes
ac_cv_header_stdlib_h=yes
ac_cv_header_string_h=yes
ac_cv_header_strings_h=yes
ac_cv_header_sys_stat_h=yes
ac_cv_header_sys_sysctl_h=no
ac_cv_header_sys_time_h=yes
ac_cv_header_sys_types_h=yes
ac_cv_header_time=yes
ac_cv_header_unistd_h=yes
ac_cv_host=x86_64-pc-linux-gnu
ac_cv_lib_m_sin=yes
ac_cv_objext=o
ac_cv_path_EGREP='/usr/bin/grep -E'
ac_cv_path_FGREP='/usr/bin/grep -F'
ac_cv_path_GREP=/usr/bin/grep
ac_cv_path_SED=/usr/bin/sed
ac_cv_path_install='/usr/bin/install -c'
ac_cv_path_lt_DD=/usr/bin/dd
ac_cv_path_mkdir=/usr/bin/mkdir
ac_cv_prog_AWK=gawk
ac_cv_prog_CPP=cpp
ac_cv_prog_MPICC=mpiicx
ac_cv_prog_MPIRUN=mpirun
ac_cv_prog_ac_ct_AR=ar
ac_cv_prog_ac_ct_CC=icx
ac_cv_prog_ac_ct_DLLTOOL=dlltool
ac_cv_prog_ac_ct_OBJDUMP=objdump
ac_cv_prog_ac_ct_RANLIB=ranlib
ac_cv_prog_ac_ct_STRIP=strip
ac_cv_prog_cc_c89=
ac_cv_prog_cc_c99=
ac_cv_prog_cc_g=no
ac_cv_prog_cc_stdc=
ac_cv_prog_f77_g=yes
ac_cv_prog_f77_v=-v
ac_cv_prog_make_make_set=yes
ac_cv_sizeof_MPI_Fint=4
ac_cv_sizeof_double=8
ac_cv_sizeof_fftw_r2r_kind=4
ac_cv_sizeof_float=4
ac_cv_sizeof_int=4
ac_cv_sizeof_long=8
ac_cv_sizeof_long_long=8
ac_cv_sizeof_ptrdiff_t=8
ac_cv_sizeof_size_t=8
ac_cv_sizeof_unsigned_int=4
ac_cv_sizeof_unsigned_long=8
ac_cv_sizeof_unsigned_long_long=8
ac_cv_type_hrtime_t=no
ac_cv_type_long_double=yes
ac_cv_type_size_t=yes
ac_cv_type_uintptr_t=yes
ac_cv_working_alloca_h=yes
am_cv_CC_dependencies_compiler_type=gcc3
am_cv_make_support_nested_variables=yes
am_cv_prog_cc_c_o=yes
ax_cv_c_compiler_vendor=clang
ax_cv_c_flags__O3__fomit_frame_pointer__mtune_native__fstrict_aliasing__ffast_math=yes
ax_cv_c_flags__ffast_math=yes
ax_cv_c_flags__fstrict_aliasing=yes
ax_cv_c_flags__malign_double=yes
ax_cv_c_flags__mavx=yes
ax_cv_c_flags__mpreferred_stack_boundary_4=yes
ax_cv_c_flags__mtune_native=yes
ax_cv_c_openmp=-fopenmp
lt_cv_ar_at_file=@
lt_cv_deplibs_check_method=pass_all
lt_cv_file_magic_cmd='$MAGIC_CMD'
lt_cv_file_magic_test_file=
lt_cv_ld_reload_flag=-r
lt_cv_nm_interface='BSD nm'
lt_cv_objdir=.libs
lt_cv_path_LD=/usr/bin/ld
lt_cv_path_NM='/usr/bin/nm -B'
lt_cv_path_mainfest_tool=no
lt_cv_prog_compiler_c_o=yes
lt_cv_prog_compiler_c_o_F77=yes
lt_cv_prog_compiler_pic='-fPIC -DPIC'
lt_cv_prog_compiler_pic_F77=-fPIC
lt_cv_prog_compiler_pic_works=yes
lt_cv_prog_compiler_pic_works_F77=yes
lt_cv_prog_compiler_rtti_exceptions=yes
lt_cv_prog_compiler_static_works=no
lt_cv_prog_compiler_static_works_F77=no
lt_cv_prog_gnu_ld=yes
lt_cv_sharedlib_from_linklib_cmd='printf %s\n'
lt_cv_shlibpath_overrides_runpath=no
lt_cv_sys_global_symbol_pipe='sed -n -e '\''s/^.*[	 ]\([ABCDGIRSTW][ABCDGIRSTW]*\)[	 ][	 ]*\([_A-Za-z][_A-Za-z0-9]*\)$/\1 \2 \2/p'\'' | sed '\''/ __gnu_lto/d'\'''
lt_cv_sys_global_symbol_to_c_name_address='sed -n -e '\''s/^: \(.*\) .*$/  {"\1", (void *) 0},/p'\'' -e '\''s/^[ABCDGIRSTW][ABCDGIRSTW]* .* \(.*\)$/  {"\1", (void *) \&\1},/p'\'''
lt_cv_sys_global_symbol_to_c_name_address_lib_prefix='sed -n -e '\''s/^: \(.*\) .*$/  {"\1", (void *) 0},/p'\'' -e '\''s/^[ABCDGIRSTW][ABCDGIRSTW]* .* \(lib.*\)$/  {"\1", (void *) \&\1},/p'\'' -e '\''s/^[ABCDGIRSTW][ABCDGIRSTW]* .* \(.*\)$/  {"lib\1", (void *) \&\1},/p'\'''
lt_cv_sys_global_symbol_to_cdecl='sed -n -e '\''s/^T .* \(.*\)$/extern int \1();/p'\'' -e '\''s/^[ABCDGIRSTW][ABCDGIRSTW]* .* \(.*\)$/extern char \1;/p'\'''
lt_cv_sys_global_symbol_to_import=
lt_cv_sys_max_cmd_len=4718592
lt_cv_to_host_file_cmd=func_convert_file_noop
lt_cv_to_tool_file_cmd=func_convert_file_noop
lt_cv_truncate_bin='/usr/bin/dd bs=4096 count=1'

## ----------------- ##
## Output variables. ##
## ----------------- ##

ACLOCAL='${SHELL} /home/kjhan/BACKUP/Eunha.A1/src/fftw/fftw-3.3.6-pl2/missing aclocal-1.15'
ALLOCA=''
ALTIVEC_CFLAGS=''
AMDEPBACKSLASH='\'
AMDEP_FALSE='#'
AMDEP_TRUE=''
AMTAR='$${TAR-tar}'
AM_BACKSLASH='\'
AM_DEFAULT_V='$(AM_DEFAULT_VERBOSITY)'
AM_DEFAULT_VERBOSITY='1'
AM_V='$(V)'
AR='ar'
AS='as'
AUTOCONF='${SHELL} /home/kjhan/BACKUP/Eunha.A1/src/fftw/fftw-3.3.6-pl2/missing autoconf'
AUTOHEADER='${SHELL} /home/kjhan/BACKUP/Eunha.A1/src/fftw/fftw-3.3.6-pl2/missing autoheader'
AUTOMAKE='${SHELL} /home/kjhan/BACKUP/Eunha.A1/src/fftw/fftw-3.3.6-pl2/missing automake-1.15'
AVX2_CFLAGS=''
AVX512_CFLAGS=''
AVX_128_FMA_CFLAGS=''
AVX_CFLAGS='-mavx'
AWK='gawk'
BUILD_DOC_FALSE='#'
BUILD_DOC_TRUE=''
CC='icx'
CCDEPMODE='depmode=gcc3'
CFLAGS='-O3 -fomit-frame-pointer -mtune=native -fstrict-aliasing -ffast-math'
CHECK_PL_OPTS=''
COMBINED_THREADS_FALSE=''
COMBINED_THREADS_TRUE='#'
CPP='cpp'
CPPFLAGS=''
CYGPATH_W='echo'
C_FFTW_R2R_KIND='C_INT32_T'
C_MPI_FINT='C_INT32_T'
DEFS='-DHAVE_CONFIG_H'
DEPDIR='.deps'
DLLTOOL='dlltool'
DSYMUTIL=''
DUMPBIN=''
ECHO_C=''
ECHO_N='-n'
ECHO_T=''
EGREP='/usr/bin/grep -E'
EXEEXT=''
F77='ifx'
FFLAGS='-g'
FGREP='/usr/bin/grep -F'
FLIBS=' -lm -loopopt=1 -L/opt/ohpc/pub/intel/oneapi-2025.03/mpi/2021.17/opt/mpi/libfabric/lib -L/opt/ohpc/pub/intel/oneapi-2025.03/mpi/2021.17/lib -L/opt/ohpc/pub/intel/oneapi-2025.03/compiler/2025.3/lib -L/opt/ohpc/pub/intel/oneapi-2025.03/umf/1.0/lib -L/opt/ohpc/pub/intel/oneapi-2025.03/tbb/2022.3/lib -L/opt/ohpc/pub/intel/oneapi-2025.03/compiler/2025.3/lib/clang/21/lib/x86_64-unknown-linux-gnu -L/opt/ohpc/pub/compiler/gcc/15.1.0/lib/gcc/x86_64-pc-linux-gnu/15.1.0/ -L/opt/ohpc/pub/compiler/gcc/15.1.0/lib/gcc/x86_64-pc-linux-gnu/15.1.0/../../../../lib64 -L/opt/ohpc/pub/compiler/gcc/15.1.0/lib/gcc/x86_64-pc-linux-gnu/15.1.0/../../../../lib64/ -L/lib/../lib64 -L/lib/../lib64/ -L/usr/lib/../lib64 -L/usr/lib/../lib64/ -L/opt/ohpc/pub/intel/oneapi-2025.03/mpi/2021.17/opt/mpi/libfabric/lib/ -L/opt/ohpc/pub/intel/oneapi-2025.03/mpi/2021.17/lib/ -L/opt/ohpc/pub/intel/oneapi-2025.03/compiler/2025.3/lib/ -L/opt/ohpc/pub/intel/oneapi-2025.03/umf/1.0/lib/ -L/opt/ohpc/pub/intel/oneapi-2025.03/tbb/2022.3/lib/ -L/opt/ohpc/pub/compiler/gcc/15.1.0/lib/gcc/x86_64-pc-linux-gnu/15.1.0/../../../ -L/lib64 -L/lib/ -L/usr/lib64 -L/usr/lib -limf -lifport -lifcoremt -lsvml -lipgo -lirc -lpthread -lirc_s -ldl'
GREP='/usr/bin/grep'
HAVE_ALTIVEC_FALSE=''
HAVE_ALTIVEC_TRUE='#'
HAVE_AVX2_FALSE=''
HAVE_AVX2_TRUE='#'
HAVE_AVX512_FALSE=''
HAVE_AVX512_TRUE='#'
HAVE_AVX_128_FMA_FALSE=''
HAVE_AVX_128_FMA_TRUE='#'
HAVE_AVX_FALSE='#'
HAVE_AVX_TRUE=''
HAVE_GENERIC_SIMD128_FALSE=''
HAVE_GENERIC_SIMD128_TRUE='#'
HAVE_GENERIC_SIMD256_FALSE=''
HAVE_GENERIC_SIMD256_TRUE='#'
HAVE_KCVI_FALSE=''
HAVE_KCVI_TRUE='#'
HAVE_NEON_FALSE=''
HAVE_NEON_TRUE='#'
HAVE_SSE2_FALSE=''
HAVE_SSE2_TRUE='#'
HAVE_VSX_FALSE=''
HAVE_VSX_TRUE='#'
INDENT=''
INSTALL_DATA='${INSTALL} -m 644'
INSTALL_PROGRAM='${INSTALL}'
INSTALL_SCRIPT='${INSTALL}'
INSTALL_STRIP_PROGRAM='$(install_sh) -c -s'
KCVI_CFLAGS=''
LD='/usr/bin/ld -m elf_x86_64'
LDFLAGS=''
LDOUBLE_FALSE=''
LDOUBLE_TRUE='#'
LIBOBJS=''
LIBQUADMATH=''
LIBS='-lm '
LIBTOOL='$(SHELL) $(top_builddir)/libtool'
LIPO=''
LN_S='ln -s'
LTLIBOBJS=''
LT_SYS_LIBRARY_PATH=''
MAINT='#'
MAINTAINER_MODE_FALSE=''
MAINTAINER_MODE_TRUE='#'
MAKEINFO='${SHELL} /home/kjhan/BACKUP/Eunha.A1/src/fftw/fftw-3.3.6-pl2/missing makeinfo'
MANIFEST_TOOL=':'
MKDIR_P='/usr/bin/mkdir -p'
MPICC='mpiicx'
MPILIBS=' '
MPIRUN='mpirun'
MPI_FALSE='#'
MPI_TRUE=''
NEON_CFLAGS=''
NM='/usr/bin/nm -B'
NMEDIT=''
OBJDUMP='objdump'
OBJEXT='o'
OCAMLBUILD=''
OPENMP_CFLAGS='-fopenmp'
OPENMP_FALSE='#'
OPENMP_TRUE=''
OTOOL64=''
OTOOL=''
PACKAGE='fftw'
PACKAGE_BUGREPORT='fftw@fftw.org'
PACKAGE_NAME='fftw'
PACKAGE_STRING='fftw 3.3.6-pl2'
PACKAGE_TARNAME='fftw'
PACKAGE_URL=''
PACKAGE_VERSION='3.3.6-pl2'
PATH_SEPARATOR=':'
POW_LIB=''
PRECISION='s'
PREC_SUFFIX='f'
PTHREAD_CC='icx'
PTHREAD_CFLAGS=''
PTHREAD_LIBS=''
QUAD_FALSE=''
QUAD_TRUE='#'
RANLIB='ranlib'
SED='/usr/bin/sed'
SET_MAKE=''
SHARED_VERSION_INFO='8:6:5'
SHELL='/bin/sh'
SINGLE_FALSE='#'
SINGLE_TRUE=''
SMP_FALSE='#'
SMP_TRUE=''
SSE2_CFLAGS=''
STACK_ALIGN_CFLAGS=''
STRIP='strip'
THREADLIBS=' '
THREADS_FALSE='#'
THREADS_TRUE=''
VERSION='3.3.6-pl2'
VSX_CFLAGS=''
ac_ct_AR='ar'
ac_ct_CC='icx'
ac_ct_DUMPBIN=''
ac_ct_F77=''
acx_pthread_config=''
am__EXEEXT_FALSE=''
am__EXEEXT_TRUE='#'
am__fastdepCC_FALSE='#'
am__fastdepCC_TRUE=''
am__include='include'
am__isrc=''
am__leading_dot='.'
am__nodep='_no'
am__quote=''
am__tar='$${TAR-tar} chof - "$$tardir"'
am__untar='$${TAR-tar} xf -'
bindir='${exec_prefix}/bin'
build='x86_64-pc-linux-gnu'
build_alias=''
build_cpu='x86_64'
build_os='linux-gnu'
build_vendor='pc'
datadir='${datarootdir}'
datarootdir='${prefix}/share'
docdir='${datarootdir}/doc/${PACKAGE_TARNAME}'
dvidir='${docdir}'
exec_prefix='${prefix}'
host='x86_64-pc-linux-gnu'
host_alias=''
host_cpu='x86_64'
host_os='linux-gnu'
host_vendor='pc'
htmldir='${docdir}'
includedir='${prefix}/include'
infodir='${datarootdir}/info'
install_sh='${SHELL} /home/kjhan/BACKUP/Eunha.A1/src/fftw/fftw-3.3.6-pl2/install-sh'
libdir='${exec_prefix}/lib'
libexecdir='${exec_prefix}/libexec'
localedir='${datarootdir}/locale'
localstatedir='${prefix}/var'
mandir='${datarootdir}/man'
mkdir_p='$(MKDIR_P)'
oldincludedir='/usr/include'
pdfdir='${docdir}'
prefix='/home/kjhan/local'
program_transform_name='s,x,x,'
psdir='${docdir}'
runstatedir='${localstatedir}/run'
sbindir='${exec_prefix}/sbin'
sharedstatedir='${prefix}/com'
sysconfdir='${prefix}/etc'
target_alias=''

## ----------- ##
## confdefs.h. ##
## ----------- ##

/* confdefs.h */
#define PACKAGE_NAME "fftw"
#define PACKAGE_TARNAME "fftw"
#define PACKAGE_VERSION "3.3.6-pl2"
#define PACKAGE_STRING "fftw 3.3.6-pl2"
#define PACKAGE_BUGREPORT "fftw@fftw.org"
#define PACKAGE_URL ""
#define PACKAGE "fftw"
#define VERSION "3.3.6-pl2"
#define FFTW_ENABLE_ALLOCA 1
#define FFTW_SINGLE 1
#define BENCHFFT_SINGLE 1
#define HAVE_AVX 1
#define STDC_HEADERS 1
#define HAVE_SYS_TYPES_H 1
#define HAVE_SYS_STAT_H 1
#define HAVE_STDLIB_H 1
#define HAVE_STRING_H 1
#define HAVE_MEMORY_H 1
#define HAVE_STRINGS_H 1
#define HAVE_INTTYPES_H 1
#define HAVE_STDINT_H 1
#define HAVE_UNISTD_H 1
#define HAVE_DLFCN_H 1
#define LT_OBJDIR ".libs/"
#define HAVE_MPI 1
#define SIZEOF_MPI_FINT 4
#define STDC_HEADERS 1
#define HAVE_LIBINTL_H 1
#define HAVE_MALLOC_H 1
#define HAVE_STDDEF_H 1
#define HAVE_STDLIB_H 1
#define HAVE_STRING_H 1
#define HAVE_STRINGS_H 1
#define HAVE_SYS_TIME_H 1
#define HAVE_UNISTD_H 1
#define HAVE_LIMITS_H 1
#define HAVE_STDINT_H 1
#define TIME_WITH_SYS_TIME 1
#define HAVE_LONG_DOUBLE 1
#define SIZEOF_INT 4
#define SIZEOF_UNSIGNED_INT 4
#define SIZEOF_LONG 8
#define SIZEOF_UNSIGNED_LONG 8
#define SIZEOF_LONG_LONG 8
#define SIZEOF_UNSIGNED_LONG_LONG 8
#define SIZEOF_SIZE_T 8
#define SIZEOF_PTRDIFF_T 8
#define HAVE_UINTPTR_T 1
#define SIZEOF_FLOAT 4
#define SIZEOF_DOUBLE 8
#define SIZEOF_FFTW_R2R_KIND 4
#define HAVE_ALLOCA_H 1
#define HAVE_ALLOCA 1
#define HAVE_VPRINTF 1
#define HAVE_LIBM 1
#define HAVE_GETTIMEOFDAY 1
#define HAVE_DRAND48 1
#define HAVE_SQRT 1
#define HAVE_MEMSET 1
#define HAVE_POSIX_MEMALIGN 1
#define HAVE_MEMALIGN 1
#define HAVE__MM_MALLOC 1
#define HAVE__MM_FREE 1
#define HAVE_CLOCK_GETTIME 1
#define HAVE_ABORT 1
#define HAVE_SINL 1
#define HAVE_COSL 1
#define HAVE_SNPRINTF 1
#define HAVE_DECL_SINL 1
#define HAVE_DECL_COSL 1
#define HAVE_DECL_SINQ 0
#define HAVE_DECL_COSQ 0
#define HAVE_DECL_MEMALIGN 1
#define HAVE_DECL_DRAND48 1
#define HAVE_DECL_SRAND48 1
#define HAVE_DECL_POSIX_MEMALIGN 1
#define HAVE_ISNAN 1
#define HAVE_OPENMP 1
#define HAVE_OPENMP 1
#define HAVE_THREADS 1
#define USING_POSIX_THREADS 1
#define HAVE_THREADS 1
#define FFTW_CC "icx -O3 -fomit-frame-pointer -mtune=native -fstrict-aliasing -ffast-math"

configure: exit 0
